[
  {
    "name": "Flower Wallpaper",
    "url": "https://raw.githubusercontent.com/Fullcoordinateprojects/fullcoordinateprojects/refs/heads/main/11/images/Flower Wallpaper 7.JPG",
    "previewUrl": "https://raw.githubusercontent.com/Fullcoordinateprojects/fullcoordinateprojects/refs/heads/main/11/images/Flower Wallpaper 7.JPG",
    "categories": "Flower Wallpaper",
    "premium": true
  },
  {
    "name": "Flower Wallpaper",
    "url": "https://raw.githubusercontent.com/Fullcoordinateprojects/fullcoordinateprojects/refs/heads/main/11/images/Flower Wallpaper 8.JPG",
    "previewUrl": "https://raw.githubusercontent.com/Fullcoordinateprojects/fullcoordinateprojects/refs/heads/main/11/images/Flower Wallpaper 8.JPG",
    "categories": "Flower Wallpaper",
    "premium": true
  },
  {
    "name": "Flower Wallpaper",
    "url": "https://raw.githubusercontent.com/Fullcoordinateprojects/fullcoordinateprojects/refs/heads/main/11/images/Flower Wallpaper 9.JPG",
    "previewUrl": "https://raw.githubusercontent.com/Fullcoordinateprojects/fullcoordinateprojects/refs/heads/main/11/images/Flower Wallpaper 9.JPG",
    "categories": "Flower Wallpaper",
    "premium": true
  },
  {
    "name": "Flower Wallpaper",
    "url": "https://raw.githubusercontent.com/Fullcoordinateprojects/fullcoordinateprojects/refs/heads/main/11/images/Flower Wallpaper 10.JPG",
    "previewUrl": "https://raw.githubusercontent.com/Fullcoordinateprojects/fullcoordinateprojects/refs/heads/main/11/images/Flower Wallpaper 10.JPG",
    "categories": "Flower Wallpaper",
    "premium": true
  },
  {
    "name": "Flower Wallpaper",
    "url": "https://raw.githubusercontent.com/Fullcoordinateprojects/fullcoordinateprojects/refs/heads/main/11/images/Flower Wallpaper 11.JPG",
    "previewUrl": "https://raw.githubusercontent.com/Fullcoordinateprojects/fullcoordinateprojects/refs/heads/main/11/images/Flower Wallpaper 11.JPG",
    "categories": "Flower Wallpaper",
    "premium": true
  },
  {
    "name": "Flower Wallpaper",
    "url": "https://raw.githubusercontent.com/Fullcoordinateprojects/fullcoordinateprojects/refs/heads/main/11/images/Flower Wallpaper 12.JPG",
    "previewUrl": "https://raw.githubusercontent.com/Fullcoordinateprojects/fullcoordinateprojects/refs/heads/main/11/images/Flower Wallpaper 12.JPG",
    "categories": "Flower Wallpaper",
    "premium": true
  },
  {
    "name": "Flower Wallpaper",
    "url": "https://raw.githubusercontent.com/Fullcoordinateprojects/fullcoordinateprojects/refs/heads/main/11/images/Flower Wallpaper 13.JPG",
    "previewUrl": "https://raw.githubusercontent.com/Fullcoordinateprojects/fullcoordinateprojects/refs/heads/main/11/images/Flower Wallpaper 13.JPG",
    "categories": "Flower Wallpaper",
    "premium": true
  },
  {
    "name": "Flower Wallpaper",
    "url": "https://raw.githubusercontent.com/Fullcoordinateprojects/fullcoordinateprojects/refs/heads/main/11/images/Flower Wallpaper 14.JPG",
    "previewUrl": "https://raw.githubusercontent.com/Fullcoordinateprojects/fullcoordinateprojects/refs/heads/main/11/images/Flower Wallpaper 14.JPG",
    "categories": "Flower Wallpaper",
    "premium": true
  },
  {
    "name": "Flower Wallpaper",
    "url": "https://raw.githubusercontent.com/Fullcoordinateprojects/fullcoordinateprojects/refs/heads/main/11/images/Flower Wallpaper 15.JPG",
    "previewUrl": "https://raw.githubusercontent.com/Fullcoordinateprojects/fullcoordinateprojects/refs/heads/main/11/images/Flower Wallpaper 15.JPG",
    "categories": "Flower Wallpaper",
    "premium": true
  },
  {
    "name": "Flower Wallpaper",
    "url": "https://raw.githubusercontent.com/Fullcoordinateprojects/fullcoordinateprojects/refs/heads/main/11/images/Flower Wallpaper 16.JPG",
    "previewUrl": "https://raw.githubusercontent.com/Fullcoordinateprojects/fullcoordinateprojects/refs/heads/main/11/images/Flower Wallpaper 16.JPG",
    "categories": "Flower Wallpaper",
    "premium": true
  },
  {
    "name": "Flower Wallpaper",
    "url": "https://raw.githubusercontent.com/Fullcoordinateprojects/fullcoordinateprojects/refs/heads/main/11/images/Flower Wallpaper 3.JPG",
    "previewUrl": "https://raw.githubusercontent.com/Fullcoordinateprojects/fullcoordinateprojects/refs/heads/main/11/images/Flower Wallpaper 3.JPG",
    "categories": "Flower Wallpaper",
    "premium": true
  },
  {
    "name": "Flower Wallpaper",
    "url": "https://raw.githubusercontent.com/Fullcoordinateprojects/fullcoordinateprojects/refs/heads/main/11/images/Flower Wallpaper 17.JPG",
    "previewUrl": "https://raw.githubusercontent.com/Fullcoordinateprojects/fullcoordinateprojects/refs/heads/main/11/images/Flower Wallpaper 17.JPG",
    "categories": "Flower Wallpaper",
    "premium": true
  },
  {
    "name": "Flower Wallpaper",
    "url": "https://raw.githubusercontent.com/Fullcoordinateprojects/fullcoordinateprojects/refs/heads/main/11/images/Flower Wallpaper 18.JPG",
    "previewUrl": "https://raw.githubusercontent.com/Fullcoordinateprojects/fullcoordinateprojects/refs/heads/main/11/images/Flower Wallpaper 18.JPG",
    "categories": "Flower Wallpaper",
    "premium": true
  },
  {
    "name": "Flower Wallpaper",
    "url": "https://raw.githubusercontent.com/Fullcoordinateprojects/fullcoordinateprojects/refs/heads/main/11/images/Flower Wallpaper 19.JPG",
    "previewUrl": "https://raw.githubusercontent.com/Fullcoordinateprojects/fullcoordinateprojects/refs/heads/main/11/images/Flower Wallpaper 19.JPG",
    "categories": "Flower Wallpaper",
    "premium": true
  },
  {
    "name": "Flower Wallpaper",
    "url": "https://raw.githubusercontent.com/Fullcoordinateprojects/fullcoordinateprojects/refs/heads/main/11/images/Flower Wallpaper 20.JPG",
    "previewUrl": "https://raw.githubusercontent.com/Fullcoordinateprojects/fullcoordinateprojects/refs/heads/main/11/images/Flower Wallpaper 20.JPG",
    "categories": "Flower Wallpaper",
    "premium": true
  },
    {
    "name": "Flower Wallpaper",
    "url": "https://raw.githubusercontent.com/Fullcoordinateprojects/fullcoordinateprojects/refs/heads/main/11/images/Flower Wallpaper 21.JPG",
    "previewUrl": "https://raw.githubusercontent.com/Fullcoordinateprojects/fullcoordinateprojects/refs/heads/main/11/images/Flower Wallpaper 21.JPG",
    "categories": "Flower Wallpaper",
    "premium": true
  },
  {
    "name": "Flower Wallpaper",
    "url": "https://raw.githubusercontent.com/Fullcoordinateprojects/fullcoordinateprojects/refs/heads/main/11/images/Flower Wallpaper 1.JPG",
    "previewUrl": "https://raw.githubusercontent.com/Fullcoordinateprojects/fullcoordinateprojects/refs/heads/main/11/images/Flower Wallpaper 1.JPG",
    "categories": "Flower Wallpaper",
    "premium": true
  },
  {
    "name": "Flower Wallpaper",
    "url": "https://raw.githubusercontent.com/Fullcoordinateprojects/fullcoordinateprojects/refs/heads/main/11/images/Flower Wallpaper 2.JPG",
    "previewUrl": "https://raw.githubusercontent.com/Fullcoordinateprojects/fullcoordinateprojects/refs/heads/main/11/images/Flower Wallpaper 2.JPG",
    "categories": "Flower Wallpaper",
    "premium": true
  },
  {
    "name": "Flower Wallpaper",
    "url": "https://raw.githubusercontent.com/Fullcoordinateprojects/fullcoordinateprojects/refs/heads/main/11/images/Flower Wallpaper 4.JPG",
    "previewUrl": "https://raw.githubusercontent.com/Fullcoordinateprojects/fullcoordinateprojects/refs/heads/main/11/images/Flower Wallpaper 4.JPG",
    "categories": "Flower Wallpaper",
    "premium": true
  },
  {
    "name": "Flower Wallpaper",
    "url": "https://raw.githubusercontent.com/Fullcoordinateprojects/fullcoordinateprojects/refs/heads/main/11/images/Flower Wallpaper 5.JPG",
    "previewUrl": "https://raw.githubusercontent.com/Fullcoordinateprojects/fullcoordinateprojects/refs/heads/main/11/images/Flower Wallpaper 5.JPG",
    "categories": "Flower Wallpaper",
    "premium": true
  },
  {
    "name": "Flower Wallpaper",
    "url": "https://raw.githubusercontent.com/Fullcoordinateprojects/fullcoordinateprojects/refs/heads/main/11/images/Flower Wallpaper 6.JPG",
    "previewUrl": "https://raw.githubusercontent.com/Fullcoordinateprojects/fullcoordinateprojects/refs/heads/main/11/images/Flower Wallpaper 6.JPG",
    "categories": "Flower Wallpaper",
    "premium": true
  },
  {
    "name": "Flower Wallpaper",
    "url": "https://raw.githubusercontent.com/Fullcoordinateprojects/fullcoordinateprojects/refs/heads/main/11/images/Flower Wallpaper 22.JPG",
    "previewUrl": "https://raw.githubusercontent.com/Fullcoordinateprojects/fullcoordinateprojects/refs/heads/main/11/images/Flower Wallpaper 22.JPG",
    "categories": "Flower Wallpaper",
    "premium": true
  },
  {
    "name": "Flower Wallpaper",
    "url": "https://raw.githubusercontent.com/Fullcoordinateprojects/fullcoordinateprojects/refs/heads/main/11/images/Flower Wallpaper 23.JPG",
    "previewUrl": "https://raw.githubusercontent.com/Fullcoordinateprojects/fullcoordinateprojects/refs/heads/main/11/images/Flower Wallpaper 23.JPG",
    "categories": "Flower Wallpaper",
    "premium": true
  },
  {
    "name": "Flower Wallpaper",
    "url": "https://raw.githubusercontent.com/Fullcoordinateprojects/fullcoordinateprojects/refs/heads/main/11/images/Flower Wallpaper 24.JPG",
    "previewUrl": "https://raw.githubusercontent.com/Fullcoordinateprojects/fullcoordinateprojects/refs/heads/main/11/images/Flower Wallpaper 24.JPG",
    "categories": "Flower Wallpaper",
    "premium": true
  },
  {
    "name": "Flower Wallpaper",
    "url": "https://raw.githubusercontent.com/Fullcoordinateprojects/fullcoordinateprojects/refs/heads/main/11/images/Flower Wallpaper 25.JPG",
    "previewUrl": "https://raw.githubusercontent.com/Fullcoordinateprojects/fullcoordinateprojects/refs/heads/main/11/images/Flower Wallpaper 25.JPG",
    "categories": "Flower Wallpaper",
    "premium": true
  },
  {
    "name": "Flower Wallpaper",
    "url": "https://raw.githubusercontent.com/Fullcoordinateprojects/fullcoordinateprojects/refs/heads/main/11/images/Flower Wallpaper 26.JPG",
    "previewUrl": "https://raw.githubusercontent.com/Fullcoordinateprojects/fullcoordinateprojects/refs/heads/main/11/images/Flower Wallpaper 26.JPG",
    "categories": "Flower Wallpaper",
    "premium": true
  },
  {
    "name": "Flower Wallpaper",
    "url": "https://raw.githubusercontent.com/Fullcoordinateprojects/fullcoordinateprojects/refs/heads/main/11/images/Flower Wallpaper 27.JPG",
    "previewUrl": "https://raw.githubusercontent.com/Fullcoordinateprojects/fullcoordinateprojects/refs/heads/main/11/images/Flower Wallpaper 27.JPG",
    "categories": "Flower Wallpaper",
    "premium": true
  },
  {
    "name": "Flower Wallpaper",
    "url": "https://raw.githubusercontent.com/Fullcoordinateprojects/fullcoordinateprojects/refs/heads/main/11/images/Flower Wallpaper 28.JPG",
    "previewUrl": "https://raw.githubusercontent.com/Fullcoordinateprojects/fullcoordinateprojects/refs/heads/main/11/images/Flower Wallpaper 28.JPG",
    "categories": "Flower Wallpaper",
    "premium": true
  },
  {
    "name": "Flower Wallpaper",
    "url": "https://raw.githubusercontent.com/Fullcoordinateprojects/fullcoordinateprojects/refs/heads/main/11/images/Flower Wallpaper 29.JPG",
    "previewUrl": "https://raw.githubusercontent.com/Fullcoordinateprojects/fullcoordinateprojects/refs/heads/main/11/images/Flower Wallpaper 29.JPG",
    "categories": "Flower Wallpaper",
    "premium": true
  },
  {
    "name": "Flower Wallpaper",
    "url": "https://raw.githubusercontent.com/Fullcoordinateprojects/fullcoordinateprojects/refs/heads/main/11/images/Flower Wallpaper 30.jpg",
    "previewUrl": "https://raw.githubusercontent.com/Fullcoordinateprojects/fullcoordinateprojects/refs/heads/main/11/images/Flower Wallpaper 30.jpg",
    "categories": "Flower Wallpaper",
    "premium": true
  },
  {
    "name": "Flower Wallpaper",
    "url": "https://raw.githubusercontent.com/Fullcoordinateprojects/fullcoordinateprojects/refs/heads/main/11/images/Flower Wallpaper 31.JPG",
    "previewUrl": "https://raw.githubusercontent.com/Fullcoordinateprojects/fullcoordinateprojects/refs/heads/main/11/images/Flower Wallpaper 31.JPG",
    "categories": "Flower Wallpaper",
    "premium": true
  },
  {
    "name": "Flower Wallpaper",
    "url": "https://raw.githubusercontent.com/Fullcoordinateprojects/fullcoordinateprojects/refs/heads/main/11/images/Flower Wallpaper 32.JPG",
    "previewUrl": "https://raw.githubusercontent.com/Fullcoordinateprojects/fullcoordinateprojects/refs/heads/main/11/images/Flower Wallpaper 32.JPG",
    "categories": "Flower Wallpaper",
    "premium": true
  },
  {
    "name": "Flower Wallpaper",
    "url": "https://raw.githubusercontent.com/Fullcoordinateprojects/fullcoordinateprojects/refs/heads/main/11/images/Flower Wallpaper 33.JPG",
    "previewUrl": "https://raw.githubusercontent.com/Fullcoordinateprojects/fullcoordinateprojects/refs/heads/main/11/images/Flower Wallpaper 33.JPG",
    "categories": "Flower Wallpaper",
    "premium": true
  },
  {
    "name": "Flower Wallpaper",
    "url": "https://raw.githubusercontent.com/Fullcoordinateprojects/fullcoordinateprojects/refs/heads/main/11/images/Flower Wallpaper 34.JPG",
    "previewUrl": "https://raw.githubusercontent.com/Fullcoordinateprojects/fullcoordinateprojects/refs/heads/main/11/images/Flower Wallpaper 34.JPG",
    "categories": "Flower Wallpaper",
    "premium": true
  },
  {
    "name": "Flower Wallpaper",
    "url": "https://raw.githubusercontent.com/Fullcoordinateprojects/fullcoordinateprojects/refs/heads/main/11/images/Flower Wallpaper 35.JPG",
    "previewUrl": "https://raw.githubusercontent.com/Fullcoordinateprojects/fullcoordinateprojects/refs/heads/main/11/images/Flower Wallpaper 35.JPG",
    "categories": "Flower Wallpaper",
    "premium": true
  },
  {
    "name": "Flower Wallpaper",
    "url": "https://raw.githubusercontent.com/Fullcoordinateprojects/fullcoordinateprojects/refs/heads/main/11/images/Flower Wallpaper 36.JPG",
    "previewUrl": "https://raw.githubusercontent.com/Fullcoordinateprojects/fullcoordinateprojects/refs/heads/main/11/images/Flower Wallpaper 36.JPG",
    "categories": "Flower Wallpaper",
    "premium": true
  },
  {
    "name": "Flower Wallpaper",
    "url": "https://raw.githubusercontent.com/Fullcoordinateprojects/fullcoordinateprojects/refs/heads/main/11/images/Flower Wallpaper 37.JPG",
    "previewUrl": "https://raw.githubusercontent.com/Fullcoordinateprojects/fullcoordinateprojects/refs/heads/main/11/images/Flower Wallpaper 37.JPG",
    "categories": "Flower Wallpaper",
    "premium": true
  },
  {
    "name": "Flower Wallpaper",
    "url": "https://raw.githubusercontent.com/Fullcoordinateprojects/fullcoordinateprojects/refs/heads/main/11/images/Flower Wallpaper 38.JPG",
    "previewUrl": "https://raw.githubusercontent.com/Fullcoordinateprojects/fullcoordinateprojects/refs/heads/main/11/images/Flower Wallpaper 38.JPG",
    "categories": "Flower Wallpaper",
    "premium": true
  },
  {
    "name": "Flower Wallpaper",
    "url": "https://raw.githubusercontent.com/Fullcoordinateprojects/fullcoordinateprojects/refs/heads/main/11/images/Flower Wallpaper 39.JPG",
    "previewUrl": "https://raw.githubusercontent.com/Fullcoordinateprojects/fullcoordinateprojects/refs/heads/main/11/images/Flower Wallpaper 39.JPG",
    "categories": "Flower Wallpaper",
    "premium": true
  },
  {
    "name": "Flower Wallpaper",
    "url": "https://raw.githubusercontent.com/Fullcoordinateprojects/fullcoordinateprojects/refs/heads/main/11/images/Flower Wallpaper 40.jpg",
    "previewUrl": "https://raw.githubusercontent.com/Fullcoordinateprojects/fullcoordinateprojects/refs/heads/main/11/images/Flower Wallpaper 40.jpg",
    "categories": "Flower Wallpaper",
    "premium": true
  },
  {
    "name": "Flower Wallpaper",
    "url": "https://raw.githubusercontent.com/Fullcoordinateprojects/fullcoordinateprojects/refs/heads/main/11/images/Flower Wallpaper 41.JPG",
    "previewUrl": "https://raw.githubusercontent.com/Fullcoordinateprojects/fullcoordinateprojects/refs/heads/main/11/images/Flower Wallpaper 41.JPG",
    "categories": "Flower Wallpaper",
    "premium": true
  },
  {
    "name": "Flower Wallpaper",
    "url": "https://raw.githubusercontent.com/Fullcoordinateprojects/fullcoordinateprojects/refs/heads/main/11/images/Flower Wallpaper 42.JPG",
    "previewUrl": "https://raw.githubusercontent.com/Fullcoordinateprojects/fullcoordinateprojects/refs/heads/main/11/images/Flower Wallpaper 42.JPG",
    "categories": "Flower Wallpaper",
    "premium": true
  },
  {
    "name": "Flower Wallpaper",
    "url": "https://raw.githubusercontent.com/Fullcoordinateprojects/fullcoordinateprojects/refs/heads/main/11/images/Flower Wallpaper 43.JPG",
    "previewUrl": "https://raw.githubusercontent.com/Fullcoordinateprojects/fullcoordinateprojects/refs/heads/main/11/images/Flower Wallpaper 43.JPG",
    "categories": "Flower Wallpaper",
    "premium": true
  },
  {
    "name": "Flower Wallpaper",
    "url": "https://raw.githubusercontent.com/Fullcoordinateprojects/fullcoordinateprojects/refs/heads/main/11/images/Flower Wallpaper 44.JPG",
    "previewUrl": "https://raw.githubusercontent.com/Fullcoordinateprojects/fullcoordinateprojects/refs/heads/main/11/images/Flower Wallpaper 44.JPG",
    "categories": "Flower Wallpaper",
    "premium": true
  },
  {
    "name": "Flower Wallpaper",
    "url": "https://raw.githubusercontent.com/Fullcoordinateprojects/fullcoordinateprojects/refs/heads/main/11/images/Flower Wallpaper 45.JPG",
    "previewUrl": "https://raw.githubusercontent.com/Fullcoordinateprojects/fullcoordinateprojects/refs/heads/main/11/images/Flower Wallpaper 45.JPG",
    "categories": "Flower Wallpaper",
    "premium": true
  },
  {
    "name": "Flower Wallpaper",
    "url": "https://raw.githubusercontent.com/Fullcoordinateprojects/fullcoordinateprojects/refs/heads/main/11/images/Flower Wallpaper 46.JPG",
    "previewUrl": "https://raw.githubusercontent.com/Fullcoordinateprojects/fullcoordinateprojects/refs/heads/main/11/images/Flower Wallpaper 46.JPG",
    "categories": "Flower Wallpaper",
    "premium": true
  },
  {
    "name": "Flower Wallpaper",
    "url": "https://raw.githubusercontent.com/Fullcoordinateprojects/fullcoordinateprojects/refs/heads/main/11/images/Flower Wallpaper 47.jpg",
    "previewUrl": "https://raw.githubusercontent.com/Fullcoordinateprojects/fullcoordinateprojects/refs/heads/main/11/images/Flower Wallpaper 47.jpg",
    "categories": "Flower Wallpaper",
    "premium": true
  },
  {
    "name": "Flower Wallpaper",
    "url": "https://raw.githubusercontent.com/Fullcoordinateprojects/fullcoordinateprojects/refs/heads/main/11/images/Flower Wallpaper 48.jpg",
    "previewUrl": "https://raw.githubusercontent.com/Fullcoordinateprojects/fullcoordinateprojects/refs/heads/main/11/images/Flower Wallpaper 48.jpg",
    "categories": "Flower Wallpaper",
    "premium": true
  },
  {
    "name": "Flower Wallpaper",
    "url": "https://raw.githubusercontent.com/Fullcoordinateprojects/fullcoordinateprojects/refs/heads/main/11/images/Flower Wallpaper 49.JPG",
    "previewUrl": "https://raw.githubusercontent.com/Fullcoordinateprojects/fullcoordinateprojects/refs/heads/main/11/images/Flower Wallpaper 49.JPG",
    "categories": "Flower Wallpaper",
    "premium": true
  },
  {
    "name": "Flower Wallpaper",
    "url": "https://raw.githubusercontent.com/Fullcoordinateprojects/fullcoordinateprojects/refs/heads/main/11/images/Flower Wallpaper 50.jpg",
    "previewUrl": "https://raw.githubusercontent.com/Fullcoordinateprojects/fullcoordinateprojects/refs/heads/main/11/images/Flower Wallpaper 50.jpg",
    "categories": "Flower Wallpaper",
    "premium": true
  },
  {
    "name": "Flower Wallpaper",
    "url": "https://raw.githubusercontent.com/Fullcoordinateprojects/fullcoordinateprojects/refs/heads/main/11/images/Flower Wallpaper 51.jpg",
    "previewUrl": "https://raw.githubusercontent.com/Fullcoordinateprojects/fullcoordinateprojects/refs/heads/main/11/images/Flower Wallpaper 51.jpg",
    "categories": "Flower Wallpaper",
    "premium": true
  },
  {
    "name": "Flower Wallpaper",
    "url": "https://raw.githubusercontent.com/Fullcoordinateprojects/fullcoordinateprojects/refs/heads/main/11/images/Flower Wallpaper 52.jpg",
    "previewUrl": "https://raw.githubusercontent.com/Fullcoordinateprojects/fullcoordinateprojects/refs/heads/main/11/images/Flower Wallpaper 52.jpg",
    "categories": "Flower Wallpaper",
    "premium": true
  },
  {
    "name": "Flower Wallpaper",
    "url": "https://raw.githubusercontent.com/Fullcoordinateprojects/fullcoordinateprojects/refs/heads/main/11/images/Flower Wallpaper 53.jpg",
    "previewUrl": "https://raw.githubusercontent.com/Fullcoordinateprojects/fullcoordinateprojects/refs/heads/main/11/images/Flower Wallpaper 53.jpg",
    "categories": "Flower Wallpaper",
    "premium": true
  },
  {
    "name": "Flower Wallpaper",
    "url": "https://raw.githubusercontent.com/Fullcoordinateprojects/fullcoordinateprojects/refs/heads/main/11/images/Flower Wallpaper 54.jpg",
    "previewUrl": "https://raw.githubusercontent.com/Fullcoordinateprojects/fullcoordinateprojects/refs/heads/main/11/images/Flower Wallpaper 54.jpg",
    "categories": "Flower Wallpaper",
    "premium": true
  },
  {
    "name": "Flower Wallpaper",
    "url": "https://raw.githubusercontent.com/Fullcoordinateprojects/fullcoordinateprojects/refs/heads/main/11/images/Flower Wallpaper 55.jpg",
    "previewUrl": "https://raw.githubusercontent.com/Fullcoordinateprojects/fullcoordinateprojects/refs/heads/main/11/images/Flower Wallpaper 55.jpg",
    "categories": "Flower Wallpaper",
    "premium": true
  },
  {
    "name": "Flower Wallpaper",
    "url": "https://raw.githubusercontent.com/Fullcoordinateprojects/fullcoordinateprojects/refs/heads/main/11/images/Flower Wallpaper 56.jpg",
    "previewUrl": "https://raw.githubusercontent.com/Fullcoordinateprojects/fullcoordinateprojects/refs/heads/main/11/images/Flower Wallpaper 56.jpg",
    "categories": "Flower Wallpaper",
    "premium": true
  },
  {
    "name": "Flower Wallpaper",
    "url": "https://raw.githubusercontent.com/Fullcoordinateprojects/fullcoordinateprojects/refs/heads/main/11/images/Flower Wallpaper 57.jpg",
    "previewUrl": "https://raw.githubusercontent.com/Fullcoordinateprojects/fullcoordinateprojects/refs/heads/main/11/images/Flower Wallpaper 57.jpg",
    "categories": "Flower Wallpaper",
    "premium": true
  },
  {
    "name": "Flower Wallpaper",
    "url": "https://raw.githubusercontent.com/Fullcoordinateprojects/fullcoordinateprojects/refs/heads/main/11/images/Flower Wallpaper 58.jpg",
    "previewUrl": "https://raw.githubusercontent.com/Fullcoordinateprojects/fullcoordinateprojects/refs/heads/main/11/images/Flower Wallpaper 58.jpg",
    "categories": "Flower Wallpaper",
    "premium": true
  },
  {
    "name": "Flower Wallpaper",
    "url": "https://raw.githubusercontent.com/Fullcoordinateprojects/fullcoordinateprojects/refs/heads/main/11/images/Flower Wallpaper 59.jpg",
    "previewUrl": "https://raw.githubusercontent.com/Fullcoordinateprojects/fullcoordinateprojects/refs/heads/main/11/images/Flower Wallpaper 59.jpg",
    "categories": "Flower Wallpaper",
    "premium": true
  },
  {
    "name": "Flower Wallpaper",
    "url": "https://raw.githubusercontent.com/Fullcoordinateprojects/fullcoordinateprojects/refs/heads/main/11/images/Flower Wallpaper 60.jpg",
    "previewUrl": "https://raw.githubusercontent.com/Fullcoordinateprojects/fullcoordinateprojects/refs/heads/main/11/images/Flower Wallpaper 60.jpg",
    "categories": "Flower Wallpaper",
    "premium": true
  }
]