[
  {
    "name": "Bird Wallpaper",
    "url": "https://raw.githubusercontent.com/Fullcoordinateprojects/fullcoordinateprojects/refs/heads/main/25/images/Bird Wallpaper 1.jpg",
    "previewUrl": "https://raw.githubusercontent.com/Fullcoordinateprojects/fullcoordinateprojects/refs/heads/main/25/images/Bird Wallpaper 1.jpg",
    "categories": "Bird Wallpaper",
    "premium": false
  },
  {
    "name": "Bird Wallpaper",
    "url": "https://raw.githubusercontent.com/Fullcoordinateprojects/fullcoordinateprojects/refs/heads/main/25/images/Bird Wallpaper 2.jpg",
    "previewUrl": "https://raw.githubusercontent.com/Fullcoordinateprojects/fullcoordinateprojects/refs/heads/main/25/images/Bird Wallpaper 2.jpg",
    "categories": "Bird Wallpaper",
    "premium": false
  },
  {
    "name": "Bird Wallpaper",
    "url": "https://raw.githubusercontent.com/Fullcoordinateprojects/fullcoordinateprojects/refs/heads/main/25/images/Bird Wallpaper 3.jpg",
    "previewUrl": "https://raw.githubusercontent.com/Fullcoordinateprojects/fullcoordinateprojects/refs/heads/main/25/images/Bird Wallpaper 3.jpg",
    "categories": "Bird Wallpaper",
    "premium": false
  },
  {
    "name": "Bird Wallpaper",
    "url": "https://raw.githubusercontent.com/Fullcoordinateprojects/fullcoordinateprojects/refs/heads/main/25/images/Bird Wallpaper 4.jpg",
    "previewUrl": "https://raw.githubusercontent.com/Fullcoordinateprojects/fullcoordinateprojects/refs/heads/main/25/images/Bird Wallpaper 4.jpg",
    "categories": "Bird Wallpaper",
    "premium": false
  },
  {
    "name": "Bird Wallpaper",
    "url": "https://raw.githubusercontent.com/Fullcoordinateprojects/fullcoordinateprojects/refs/heads/main/25/images/Bird Wallpaper 5.jpg",
    "previewUrl": "https://raw.githubusercontent.com/Fullcoordinateprojects/fullcoordinateprojects/refs/heads/main/25/images/Bird Wallpaper 5.jpg",
    "categories": "Bird Wallpaper",
    "premium": false
  },
  {
    "name": "Bird Wallpaper",
    "url": "https://raw.githubusercontent.com/Fullcoordinateprojects/fullcoordinateprojects/refs/heads/main/25/images/Bird Wallpaper 6.jpg",
    "previewUrl": "https://raw.githubusercontent.com/Fullcoordinateprojects/fullcoordinateprojects/refs/heads/main/25/images/Bird Wallpaper 6.jpg",
    "categories": "Bird Wallpaper",
    "premium": false
  },
  {
    "name": "Bird Wallpaper",
    "url": "https://raw.githubusercontent.com/Fullcoordinateprojects/fullcoordinateprojects/refs/heads/main/25/images/Bird Wallpaper 7.jpg",
    "previewUrl": "https://raw.githubusercontent.com/Fullcoordinateprojects/fullcoordinateprojects/refs/heads/main/25/images/Bird Wallpaper 7.jpg",
    "categories": "Bird Wallpaper",
    "premium": false
  },
  {
    "name": "Bird Wallpaper",
    "url": "https://raw.githubusercontent.com/Fullcoordinateprojects/fullcoordinateprojects/refs/heads/main/25/images/Bird Wallpaper 8.jpg",
    "previewUrl": "https://raw.githubusercontent.com/Fullcoordinateprojects/fullcoordinateprojects/refs/heads/main/25/images/Bird Wallpaper 8.jpg",
    "categories": "Bird Wallpaper",
    "premium": false
  },
  {
    "name": "Bird Wallpaper",
    "url": "https://raw.githubusercontent.com/Fullcoordinateprojects/fullcoordinateprojects/refs/heads/main/25/images/Bird Wallpaper 9.jpg",
    "previewUrl": "https://raw.githubusercontent.com/Fullcoordinateprojects/fullcoordinateprojects/refs/heads/main/25/images/Bird Wallpaper 9.jpg",
    "categories": "Bird Wallpaper",
    "premium": false
  },
  {
    "name": "Bird Wallpaper",
    "url": "https://raw.githubusercontent.com/Fullcoordinateprojects/fullcoordinateprojects/refs/heads/main/25/images/Bird Wallpaper 10.jpg",
    "previewUrl": "https://raw.githubusercontent.com/Fullcoordinateprojects/fullcoordinateprojects/refs/heads/main/25/images/Bird Wallpaper 10.jpg",
    "categories": "Bird Wallpaper",
    "premium": false
  },
  {
    "name": "Bird Wallpaper",
    "url": "https://raw.githubusercontent.com/Fullcoordinateprojects/fullcoordinateprojects/refs/heads/main/25/images/Bird Wallpaper 11.jpg",
    "previewUrl": "https://raw.githubusercontent.com/Fullcoordinateprojects/fullcoordinateprojects/refs/heads/main/25/images/Bird Wallpaper 11.jpg",
    "categories": "Bird Wallpaper",
    "premium": false
  },
  {
    "name": "Bird Wallpaper",
    "url": "https://raw.githubusercontent.com/Fullcoordinateprojects/fullcoordinateprojects/refs/heads/main/25/images/Bird Wallpaper 12.jpg",
    "previewUrl": "https://raw.githubusercontent.com/Fullcoordinateprojects/fullcoordinateprojects/refs/heads/main/25/images/Bird Wallpaper 12.jpg",
    "categories": "Bird Wallpaper",
    "premium": false
  },
  {
    "name": "Bird Wallpaper",
    "url": "https://raw.githubusercontent.com/Fullcoordinateprojects/fullcoordinateprojects/refs/heads/main/25/images/Bird Wallpaper 13.jpg",
    "previewUrl": "https://raw.githubusercontent.com/Fullcoordinateprojects/fullcoordinateprojects/refs/heads/main/25/images/Bird Wallpaper 13.jpg",
    "categories": "Bird Wallpaper",
    "premium": false
  },
  {
    "name": "Bird Wallpaper",
    "url": "https://raw.githubusercontent.com/Fullcoordinateprojects/fullcoordinateprojects/refs/heads/main/25/images/Bird Wallpaper 14.jpg",
    "previewUrl": "https://raw.githubusercontent.com/Fullcoordinateprojects/fullcoordinateprojects/refs/heads/main/25/images/Bird Wallpaper 14.jpg",
    "categories": "Bird Wallpaper",
    "premium": false
  },
  {
    "name": "Bird Wallpaper",
    "url": "https://raw.githubusercontent.com/Fullcoordinateprojects/fullcoordinateprojects/refs/heads/main/25/images/Bird Wallpaper 15.jpg",
    "previewUrl": "https://raw.githubusercontent.com/Fullcoordinateprojects/fullcoordinateprojects/refs/heads/main/25/images/Bird Wallpaper 15.jpg",
    "categories": "Bird Wallpaper",
    "premium": false
  },
  {
    "name": "Bird Wallpaper",
    "url": "https://raw.githubusercontent.com/Fullcoordinateprojects/fullcoordinateprojects/refs/heads/main/25/images/Bird Wallpaper 16.jpg",
    "previewUrl": "https://raw.githubusercontent.com/Fullcoordinateprojects/fullcoordinateprojects/refs/heads/main/25/images/Bird Wallpaper 16.jpg",
    "categories": "Bird Wallpaper",
    "premium": false
  },
  {
    "name": "Bird Wallpaper",
    "url": "https://raw.githubusercontent.com/Fullcoordinateprojects/fullcoordinateprojects/refs/heads/main/25/images/Bird Wallpaper 17.jpg",
    "previewUrl": "https://raw.githubusercontent.com/Fullcoordinateprojects/fullcoordinateprojects/refs/heads/main/25/images/Bird Wallpaper 17.jpg",
    "categories": "Bird Wallpaper",
    "premium": false
  },
  {
    "name": "Bird Wallpaper",
    "url": "https://raw.githubusercontent.com/Fullcoordinateprojects/fullcoordinateprojects/refs/heads/main/25/images/Bird Wallpaper 18.jpg",
    "previewUrl": "https://raw.githubusercontent.com/Fullcoordinateprojects/fullcoordinateprojects/refs/heads/main/25/images/Bird Wallpaper 18.jpg",
    "categories": "Bird Wallpaper",
    "premium": false
  },
  {
    "name": "Bird Wallpaper",
    "url": "https://raw.githubusercontent.com/Fullcoordinateprojects/fullcoordinateprojects/refs/heads/main/25/images/Bird Wallpaper 19.jpg",
    "previewUrl": "https://raw.githubusercontent.com/Fullcoordinateprojects/fullcoordinateprojects/refs/heads/main/25/images/Bird Wallpaper 19.jpg",
    "categories": "Bird Wallpaper",
    "premium": false
  },
  {
    "name": "Bird Wallpaper",
    "url": "https://raw.githubusercontent.com/Fullcoordinateprojects/fullcoordinateprojects/refs/heads/main/25/images/Bird Wallpaper 20.jpg",
    "previewUrl": "https://raw.githubusercontent.com/Fullcoordinateprojects/fullcoordinateprojects/refs/heads/main/25/images/Bird Wallpaper 20.jpg",
    "categories": "Bird Wallpaper",
    "premium": false
  },
    {
    "name": "Bird Wallpaper",
    "url": "https://raw.githubusercontent.com/Fullcoordinateprojects/fullcoordinateprojects/refs/heads/main/25/images/Bird Wallpaper 21.jpg",
    "previewUrl": "https://raw.githubusercontent.com/Fullcoordinateprojects/fullcoordinateprojects/refs/heads/main/25/images/Bird Wallpaper 21.jpg",
    "categories": "Bird Wallpaper",
    "premium": false
  },
  {
    "name": "Bird Wallpaper",
    "url": "https://raw.githubusercontent.com/Fullcoordinateprojects/fullcoordinateprojects/refs/heads/main/25/images/Bird Wallpaper 22.jpg",
    "previewUrl": "https://raw.githubusercontent.com/Fullcoordinateprojects/fullcoordinateprojects/refs/heads/main/25/images/Bird Wallpaper 22.jpg",
    "categories": "Bird Wallpaper",
    "premium": false
  },
  {
    "name": "Bird Wallpaper",
    "url": "https://raw.githubusercontent.com/Fullcoordinateprojects/fullcoordinateprojects/refs/heads/main/25/images/Bird Wallpaper 23.jpg",
    "previewUrl": "https://raw.githubusercontent.com/Fullcoordinateprojects/fullcoordinateprojects/refs/heads/main/25/images/Bird Wallpaper 23.jpg",
    "categories": "Bird Wallpaper",
    "premium": false
  },
  {
    "name": "Bird Wallpaper",
    "url": "https://raw.githubusercontent.com/Fullcoordinateprojects/fullcoordinateprojects/refs/heads/main/25/images/Bird Wallpaper 24.jpg",
    "previewUrl": "https://raw.githubusercontent.com/Fullcoordinateprojects/fullcoordinateprojects/refs/heads/main/25/images/Bird Wallpaper 24.jpg",
    "categories": "Bird Wallpaper",
    "premium": false
  },
  {
    "name": "Bird Wallpaper",
    "url": "https://raw.githubusercontent.com/Fullcoordinateprojects/fullcoordinateprojects/refs/heads/main/25/images/Bird Wallpaper 25.jpg",
    "previewUrl": "https://raw.githubusercontent.com/Fullcoordinateprojects/fullcoordinateprojects/refs/heads/main/25/images/Bird Wallpaper 25.jpg",
    "categories": "Bird Wallpaper",
    "premium": false
  },
  {
    "name": "Bird Wallpaper",
    "url": "https://raw.githubusercontent.com/Fullcoordinateprojects/fullcoordinateprojects/refs/heads/main/25/images/Bird Wallpaper 26.jpg",
    "previewUrl": "https://raw.githubusercontent.com/Fullcoordinateprojects/fullcoordinateprojects/refs/heads/main/25/images/Bird Wallpaper 26.jpg",
    "categories": "Bird Wallpaper",
    "premium": false
  },
  {
    "name": "Bird Wallpaper",
    "url": "https://raw.githubusercontent.com/Fullcoordinateprojects/fullcoordinateprojects/refs/heads/main/25/images/Bird Wallpaper 27.jpg",
    "previewUrl": "https://raw.githubusercontent.com/Fullcoordinateprojects/fullcoordinateprojects/refs/heads/main/25/images/Bird Wallpaper 27.jpg",
    "categories": "Bird Wallpaper",
    "premium": false
  },
  {
    "name": "Bird Wallpaper",
    "url": "https://raw.githubusercontent.com/Fullcoordinateprojects/fullcoordinateprojects/refs/heads/main/25/images/Bird Wallpaper 28.jpg",
    "previewUrl": "https://raw.githubusercontent.com/Fullcoordinateprojects/fullcoordinateprojects/refs/heads/main/25/images/Bird Wallpaper 28.jpg",
    "categories": "Bird Wallpaper",
    "premium": false
  },
  {
    "name": "Bird Wallpaper",
    "url": "https://raw.githubusercontent.com/Fullcoordinateprojects/fullcoordinateprojects/refs/heads/main/25/images/Bird Wallpaper 29.jpg",
    "previewUrl": "https://raw.githubusercontent.com/Fullcoordinateprojects/fullcoordinateprojects/refs/heads/main/25/images/Bird Wallpaper 29.jpg",
    "categories": "Bird Wallpaper",
    "premium": false
  },
  {
    "name": "Bird Wallpaper",
    "url": "https://raw.githubusercontent.com/Fullcoordinateprojects/fullcoordinateprojects/refs/heads/main/25/images/Bird Wallpaper 30.jpg",
    "previewUrl": "https://raw.githubusercontent.com/Fullcoordinateprojects/fullcoordinateprojects/refs/heads/main/25/images/Bird Wallpaper 30.jpg",
    "categories": "Bird Wallpaper",
    "premium": false
  },
  {
    "name": "Bird Wallpaper",
    "url": "https://raw.githubusercontent.com/Fullcoordinateprojects/fullcoordinateprojects/refs/heads/main/25/images/Bird Wallpaper 31.jpg",
    "previewUrl": "https://raw.githubusercontent.com/Fullcoordinateprojects/fullcoordinateprojects/refs/heads/main/25/images/Bird Wallpaper 31.jpg",
    "categories": "Bird Wallpaper",
    "premium": false
  },
  {
    "name": "Bird Wallpaper",
    "url": "https://raw.githubusercontent.com/Fullcoordinateprojects/fullcoordinateprojects/refs/heads/main/25/images/Bird Wallpaper 32.jpg",
    "previewUrl": "https://raw.githubusercontent.com/Fullcoordinateprojects/fullcoordinateprojects/refs/heads/main/25/images/Bird Wallpaper 32.jpg",
    "categories": "Bird Wallpaper",
    "premium": false
  },
  {
    "name": "Bird Wallpaper",
    "url": "https://raw.githubusercontent.com/Fullcoordinateprojects/fullcoordinateprojects/refs/heads/main/25/images/Bird Wallpaper 33.jpg",
    "previewUrl": "https://raw.githubusercontent.com/Fullcoordinateprojects/fullcoordinateprojects/refs/heads/main/25/images/Bird Wallpaper 33.jpg",
    "categories": "Bird Wallpaper",
    "premium": false
  },
  {
    "name": "Bird Wallpaper",
    "url": "https://raw.githubusercontent.com/Fullcoordinateprojects/fullcoordinateprojects/refs/heads/main/25/images/Bird Wallpaper 34.jpg",
    "previewUrl": "https://raw.githubusercontent.com/Fullcoordinateprojects/fullcoordinateprojects/refs/heads/main/25/images/Bird Wallpaper 34.jpg",
    "categories": "Bird Wallpaper",
    "premium": false
  },
  {
    "name": "Bird Wallpaper",
    "url": "https://raw.githubusercontent.com/Fullcoordinateprojects/fullcoordinateprojects/refs/heads/main/25/images/Bird Wallpaper 35.jpg",
    "previewUrl": "https://raw.githubusercontent.com/Fullcoordinateprojects/fullcoordinateprojects/refs/heads/main/25/images/Bird Wallpaper 35.jpg",
    "categories": "Bird Wallpaper",
    "premium": false
  },
  {
    "name": "Bird Wallpaper",
    "url": "https://raw.githubusercontent.com/Fullcoordinateprojects/fullcoordinateprojects/refs/heads/main/25/images/Bird Wallpaper 36.jpg",
    "previewUrl": "https://raw.githubusercontent.com/Fullcoordinateprojects/fullcoordinateprojects/refs/heads/main/25/images/Bird Wallpaper 36.jpg",
    "categories": "Bird Wallpaper",
    "premium": false
  },
  {
    "name": "Bird Wallpaper",
    "url": "https://raw.githubusercontent.com/Fullcoordinateprojects/fullcoordinateprojects/refs/heads/main/25/images/Bird Wallpaper 37.jpg",
    "previewUrl": "https://raw.githubusercontent.com/Fullcoordinateprojects/fullcoordinateprojects/refs/heads/main/25/images/Bird Wallpaper 37.jpg",
    "categories": "Bird Wallpaper",
    "premium": false
  },
  {
    "name": "Bird Wallpaper",
    "url": "https://raw.githubusercontent.com/Fullcoordinateprojects/fullcoordinateprojects/refs/heads/main/25/images/Bird Wallpaper 38.jpg",
    "previewUrl": "https://raw.githubusercontent.com/Fullcoordinateprojects/fullcoordinateprojects/refs/heads/main/25/images/Bird Wallpaper 38.jpg",
    "categories": "Bird Wallpaper",
    "premium": false
  },
  {
    "name": "Bird Wallpaper",
    "url": "https://raw.githubusercontent.com/Fullcoordinateprojects/fullcoordinateprojects/refs/heads/main/25/images/Bird Wallpaper 39.jpg",
    "previewUrl": "https://raw.githubusercontent.com/Fullcoordinateprojects/fullcoordinateprojects/refs/heads/main/25/images/Bird Wallpaper 39.jpg",
    "categories": "Bird Wallpaper",
    "premium": false
  },
  {
    "name": "Bird Wallpaper",
    "url": "https://raw.githubusercontent.com/Fullcoordinateprojects/fullcoordinateprojects/refs/heads/main/25/images/Bird Wallpaper 40.jpg",
    "previewUrl": "https://raw.githubusercontent.com/Fullcoordinateprojects/fullcoordinateprojects/refs/heads/main/25/images/Bird Wallpaper 40.jpg",
    "categories": "Bird Wallpaper",
    "premium": false
  },
  {
    "name": "Bird Wallpaper",
    "url": "https://raw.githubusercontent.com/Fullcoordinateprojects/fullcoordinateprojects/refs/heads/main/25/images/Bird Wallpaper 41.jpg",
    "previewUrl": "https://raw.githubusercontent.com/Fullcoordinateprojects/fullcoordinateprojects/refs/heads/main/25/images/Bird Wallpaper 41.jpg",
    "categories": "Bird Wallpaper",
    "premium": false
  },
  {
    "name": "Bird Wallpaper",
    "url": "https://raw.githubusercontent.com/Fullcoordinateprojects/fullcoordinateprojects/refs/heads/main/25/images/Bird Wallpaper 42.jpg",
    "previewUrl": "https://raw.githubusercontent.com/Fullcoordinateprojects/fullcoordinateprojects/refs/heads/main/25/images/Bird Wallpaper 42.jpg",
    "categories": "Bird Wallpaper",
    "premium": false
  },
  {
    "name": "Bird Wallpaper",
    "url": "https://raw.githubusercontent.com/Fullcoordinateprojects/fullcoordinateprojects/refs/heads/main/25/images/Bird Wallpaper 43.jpg",
    "previewUrl": "https://raw.githubusercontent.com/Fullcoordinateprojects/fullcoordinateprojects/refs/heads/main/25/images/Bird Wallpaper 43.jpg",
    "categories": "Bird Wallpaper",
    "premium": false
  },
  {
    "name": "Bird Wallpaper",
    "url": "https://raw.githubusercontent.com/Fullcoordinateprojects/fullcoordinateprojects/refs/heads/main/25/images/Bird Wallpaper 44.jpg",
    "previewUrl": "https://raw.githubusercontent.com/Fullcoordinateprojects/fullcoordinateprojects/refs/heads/main/25/images/Bird Wallpaper 44.jpg",
    "categories": "Bird Wallpaper",
    "premium": false
  },
  {
    "name": "Bird Wallpaper",
    "url": "https://raw.githubusercontent.com/Fullcoordinateprojects/fullcoordinateprojects/refs/heads/main/25/images/Bird Wallpaper 45.jpg",
    "previewUrl": "https://raw.githubusercontent.com/Fullcoordinateprojects/fullcoordinateprojects/refs/heads/main/25/images/Bird Wallpaper 45.jpg",
    "categories": "Bird Wallpaper",
    "premium": false
  },
  {
    "name": "Bird Wallpaper",
    "url": "https://raw.githubusercontent.com/Fullcoordinateprojects/fullcoordinateprojects/refs/heads/main/25/images/Bird Wallpaper 46.jpg",
    "previewUrl": "https://raw.githubusercontent.com/Fullcoordinateprojects/fullcoordinateprojects/refs/heads/main/25/images/Bird Wallpaper 46.jpg",
    "categories": "Bird Wallpaper",
    "premium": false
  },
  {
    "name": "Bird Wallpaper",
    "url": "https://raw.githubusercontent.com/Fullcoordinateprojects/fullcoordinateprojects/refs/heads/main/25/images/Bird Wallpaper 47.jpg",
    "previewUrl": "https://raw.githubusercontent.com/Fullcoordinateprojects/fullcoordinateprojects/refs/heads/main/25/images/Bird Wallpaper 47.jpg",
    "categories": "Bird Wallpaper",
    "premium": false
  },
  {
    "name": "Bird Wallpaper",
    "url": "https://raw.githubusercontent.com/Fullcoordinateprojects/fullcoordinateprojects/refs/heads/main/25/images/Bird Wallpaper 48.jpg",
    "previewUrl": "https://raw.githubusercontent.com/Fullcoordinateprojects/fullcoordinateprojects/refs/heads/main/25/images/Bird Wallpaper 48.jpg",
    "categories": "Bird Wallpaper",
    "premium": false
  },
  {
    "name": "Bird Wallpaper",
    "url": "https://raw.githubusercontent.com/Fullcoordinateprojects/fullcoordinateprojects/refs/heads/main/25/images/Bird Wallpaper 49.jpg",
    "previewUrl": "https://raw.githubusercontent.com/Fullcoordinateprojects/fullcoordinateprojects/refs/heads/main/25/images/Bird Wallpaper 49.jpg",
    "categories": "Bird Wallpaper",
    "premium": false
  },
  {
    "name": "Bird Wallpaper",
    "url": "https://raw.githubusercontent.com/Fullcoordinateprojects/fullcoordinateprojects/refs/heads/main/25/images/Bird Wallpaper 50.jpg",
    "previewUrl": "https://raw.githubusercontent.com/Fullcoordinateprojects/fullcoordinateprojects/refs/heads/main/25/images/Bird Wallpaper 50.jpg",
    "categories": "Bird Wallpaper",
    "premium": false
  }
]