[
  {
    "name": "Motivational Quotes",
    "url": "https://raw.githubusercontent.com/Fullcoordinateprojects/fullcoordinateprojects/refs/heads/main/18/images/29.jpg",
    "previewUrl": "https://raw.githubusercontent.com/Fullcoordinateprojects/fullcoordinateprojects/refs/heads/main/18/images/29.jpg",
    "categories": "Motivational Quotes",
    "premium": false
  },
  {
    "name": "Motivational Quotes",
    "url": "https://raw.githubusercontent.com/Fullcoordinateprojects/fullcoordinateprojects/refs/heads/main/18/images/30.jpg",
    "previewUrl": "https://raw.githubusercontent.com/Fullcoordinateprojects/fullcoordinateprojects/refs/heads/main/18/images/30.jpg",
    "categories": "Motivational Quotes",
    "premium": false
  },
  {
    "name": "Motivational Quotes",
    "url": "https://raw.githubusercontent.com/Fullcoordinateprojects/fullcoordinateprojects/refs/heads/main/18/images/31.jpg",
    "previewUrl": "https://raw.githubusercontent.com/Fullcoordinateprojects/fullcoordinateprojects/refs/heads/main/18/images/31.jpg",
    "categories": "Motivational Quotes",
    "premium": false
  },
  {
    "name": "Motivational Quotes",
    "url": "https://raw.githubusercontent.com/Fullcoordinateprojects/fullcoordinateprojects/refs/heads/main/18/images/32.jpg",
    "previewUrl": "https://raw.githubusercontent.com/Fullcoordinateprojects/fullcoordinateprojects/refs/heads/main/18/images/32.jpg",
    "categories": "Motivational Quotes",
    "premium": false
  },
  {
    "name": "Motivational Quotes",
    "url": "https://raw.githubusercontent.com/Fullcoordinateprojects/fullcoordinateprojects/refs/heads/main/18/images/33.jpg",
    "previewUrl": "https://raw.githubusercontent.com/Fullcoordinateprojects/fullcoordinateprojects/refs/heads/main/18/images/33.jpg",
    "categories": "Motivational Quotes",
    "premium": false
  },
  {
    "name": "Motivational Quotes",
    "url": "https://raw.githubusercontent.com/Fullcoordinateprojects/fullcoordinateprojects/refs/heads/main/18/images/34.jpg",
    "previewUrl": "https://raw.githubusercontent.com/Fullcoordinateprojects/fullcoordinateprojects/refs/heads/main/18/images/34.jpg",
    "categories": "Motivational Quotes",
    "premium": false
  },
  {
    "name": "Motivational Quotes",
    "url": "https://raw.githubusercontent.com/Fullcoordinateprojects/fullcoordinateprojects/refs/heads/main/18/images/1.jpg",
    "previewUrl": "https://raw.githubusercontent.com/Fullcoordinateprojects/fullcoordinateprojects/refs/heads/main/18/images/1.jpg",
    "categories": "Motivational Quotes",
    "premium": false
  },
  {
    "name": "Motivational Quotes",
    "url": "https://raw.githubusercontent.com/Fullcoordinateprojects/fullcoordinateprojects/refs/heads/main/18/images/2.jpg",
    "previewUrl": "https://raw.githubusercontent.com/Fullcoordinateprojects/fullcoordinateprojects/refs/heads/main/18/images/2.jpg",
    "categories": "Motivational Quotes",
    "premium": false
  },
  {
    "name": "Motivational Quotes",
    "url": "https://raw.githubusercontent.com/Fullcoordinateprojects/fullcoordinateprojects/refs/heads/main/18/images/3.jpg",
    "previewUrl": "https://raw.githubusercontent.com/Fullcoordinateprojects/fullcoordinateprojects/refs/heads/main/18/images/3.jpg",
    "categories": "Motivational Quotes",
    "premium": false
  },
  {
    "name": "Motivational Quotes",
    "url": "https://raw.githubusercontent.com/Fullcoordinateprojects/fullcoordinateprojects/refs/heads/main/18/images/4.jpg",
    "previewUrl": "https://raw.githubusercontent.com/Fullcoordinateprojects/fullcoordinateprojects/refs/heads/main/18/images/4.jpg",
    "categories": "Motivational Quotes",
    "premium": false
  },
  {
    "name": "Motivational Quotes",
    "url": "https://raw.githubusercontent.com/Fullcoordinateprojects/fullcoordinateprojects/refs/heads/main/18/images/5.jpg",
    "previewUrl": "https://raw.githubusercontent.com/Fullcoordinateprojects/fullcoordinateprojects/refs/heads/main/18/images/5.jpg",
    "categories": "Motivational Quotes",
    "premium": false
  },
  {
    "name": "Motivational Quotes",
    "url": "https://raw.githubusercontent.com/Fullcoordinateprojects/fullcoordinateprojects/refs/heads/main/18/images/6.jpg",
    "previewUrl": "https://raw.githubusercontent.com/Fullcoordinateprojects/fullcoordinateprojects/refs/heads/main/18/images/6.jpg",
    "categories": "Motivational Quotes",
    "premium": false
  },
  {
    "name": "Motivational Quotes",
    "url": "https://raw.githubusercontent.com/Fullcoordinateprojects/fullcoordinateprojects/refs/heads/main/18/images/8.jpg",
    "previewUrl": "https://raw.githubusercontent.com/Fullcoordinateprojects/fullcoordinateprojects/refs/heads/main/18/images/8.jpg",
    "categories": "Motivational Quotes",
    "premium": false
  },
  {
    "name": "Motivational Quotes",
    "url": "https://raw.githubusercontent.com/Fullcoordinateprojects/fullcoordinateprojects/refs/heads/main/18/images/9.jpg",
    "previewUrl": "https://raw.githubusercontent.com/Fullcoordinateprojects/fullcoordinateprojects/refs/heads/main/18/images/9.jpg",
    "categories": "Motivational Quotes",
    "premium": false
  },
  {
    "name": "Motivational Quotes",
    "url": "https://raw.githubusercontent.com/Fullcoordinateprojects/fullcoordinateprojects/refs/heads/main/18/images/10.jpg",
    "previewUrl": "https://raw.githubusercontent.com/Fullcoordinateprojects/fullcoordinateprojects/refs/heads/main/18/images/10.jpg",
    "categories": "Motivational Quotes",
    "premium": false
  },
  {
    "name": "Motivational Quotes",
    "url": "https://raw.githubusercontent.com/Fullcoordinateprojects/fullcoordinateprojects/refs/heads/main/18/images/11.jpg",
    "previewUrl": "https://raw.githubusercontent.com/Fullcoordinateprojects/fullcoordinateprojects/refs/heads/main/18/images/11.jpg",
    "categories": "Motivational Quotes",
    "premium": false
  },
  {
    "name": "Motivational Quotes",
    "url": "https://raw.githubusercontent.com/Fullcoordinateprojects/fullcoordinateprojects/refs/heads/main/18/images/12.jpg",
    "previewUrl": "https://raw.githubusercontent.com/Fullcoordinateprojects/fullcoordinateprojects/refs/heads/main/18/images/12.jpg",
    "categories": "Motivational Quotes",
    "premium": false
  },
  {
    "name": "Motivational Quotes",
    "url": "https://raw.githubusercontent.com/Fullcoordinateprojects/fullcoordinateprojects/refs/heads/main/18/images/13.jpg",
    "previewUrl": "https://raw.githubusercontent.com/Fullcoordinateprojects/fullcoordinateprojects/refs/heads/main/18/images/13.jpg",
    "categories": "Motivational Quotes",
    "premium": false
  },
  {
    "name": "Motivational Quotes",
    "url": "https://raw.githubusercontent.com/Fullcoordinateprojects/fullcoordinateprojects/refs/heads/main/18/images/14.jpg",
    "previewUrl": "https://raw.githubusercontent.com/Fullcoordinateprojects/fullcoordinateprojects/refs/heads/main/18/images/14.jpg",
    "categories": "Motivational Quotes",
    "premium": false
  },
  {
    "name": "Motivational Quotes",
    "url": "https://raw.githubusercontent.com/Fullcoordinateprojects/fullcoordinateprojects/refs/heads/main/18/images/15.jpg",
    "previewUrl": "https://raw.githubusercontent.com/Fullcoordinateprojects/fullcoordinateprojects/refs/heads/main/18/images/15.jpg",
    "categories": "Motivational Quotes",
    "premium": false
  },
  {
    "name": "Motivational Quotes",
    "url": "https://raw.githubusercontent.com/Fullcoordinateprojects/fullcoordinateprojects/refs/heads/main/18/images/16.jpg",
    "previewUrl": "https://raw.githubusercontent.com/Fullcoordinateprojects/fullcoordinateprojects/refs/heads/main/18/images/16.jpg",
    "categories": "Motivational Quotes",
    "premium": false
  },
  {
    "name": "Motivational Quotes",
    "url": "https://raw.githubusercontent.com/Fullcoordinateprojects/fullcoordinateprojects/refs/heads/main/18/images/17.jpg",
    "previewUrl": "https://raw.githubusercontent.com/Fullcoordinateprojects/fullcoordinateprojects/refs/heads/main/18/images/17.jpg",
    "categories": "Motivational Quotes",
    "premium": false
  },
  {
    "name": "Motivational Quotes",
    "url": "https://raw.githubusercontent.com/Fullcoordinateprojects/fullcoordinateprojects/refs/heads/main/18/images/18.jpg",
    "previewUrl": "https://raw.githubusercontent.com/Fullcoordinateprojects/fullcoordinateprojects/refs/heads/main/18/images/18.jpg",
    "categories": "Motivational Quotes",
    "premium": false
  },
  {
    "name": "Motivational Quotes",
    "url": "https://raw.githubusercontent.com/Fullcoordinateprojects/fullcoordinateprojects/refs/heads/main/18/images/19.jpg",
    "previewUrl": "https://raw.githubusercontent.com/Fullcoordinateprojects/fullcoordinateprojects/refs/heads/main/18/images/19.jpg",
    "categories": "Motivational Quotes",
    "premium": false
  },
  {
    "name": "Motivational Quotes",
    "url": "https://raw.githubusercontent.com/Fullcoordinateprojects/fullcoordinateprojects/refs/heads/main/18/images/20.jpg",
    "previewUrl": "https://raw.githubusercontent.com/Fullcoordinateprojects/fullcoordinateprojects/refs/heads/main/18/images/20.jpg",
    "categories": "Motivational Quotes",
    "premium": false
  },
  {
    "name": "Motivational Quotes",
    "url": "https://raw.githubusercontent.com/Fullcoordinateprojects/fullcoordinateprojects/refs/heads/main/18/images/21.jpg",
    "previewUrl": "https://raw.githubusercontent.com/Fullcoordinateprojects/fullcoordinateprojects/refs/heads/main/18/images/21.jpg",
    "categories": "Motivational Quotes",
    "premium": false
  },
  {
    "name": "Motivational Quotes",
    "url": "https://raw.githubusercontent.com/Fullcoordinateprojects/fullcoordinateprojects/refs/heads/main/18/images/22.jpg",
    "previewUrl": "https://raw.githubusercontent.com/Fullcoordinateprojects/fullcoordinateprojects/refs/heads/main/18/images/22.jpg",
    "categories": "Motivational Quotes",
    "premium": false
  },
  {
    "name": "Motivational Quotes",
    "url": "https://raw.githubusercontent.com/Fullcoordinateprojects/fullcoordinateprojects/refs/heads/main/18/images/23.jpg",
    "previewUrl": "https://raw.githubusercontent.com/Fullcoordinateprojects/fullcoordinateprojects/refs/heads/main/18/images/23.jpg",
    "categories": "Motivational Quotes",
    "premium": false
  },
  {
    "name": "Motivational Quotes",
    "url": "https://raw.githubusercontent.com/Fullcoordinateprojects/fullcoordinateprojects/refs/heads/main/18/images/24.jpg",
    "previewUrl": "https://raw.githubusercontent.com/Fullcoordinateprojects/fullcoordinateprojects/refs/heads/main/18/images/24.jpg",
    "categories": "Motivational Quotes",
    "premium": false
  },
  {
    "name": "Motivational Quotes",
    "url": "https://raw.githubusercontent.com/Fullcoordinateprojects/fullcoordinateprojects/refs/heads/main/18/images/25.jpg",
    "previewUrl": "https://raw.githubusercontent.com/Fullcoordinateprojects/fullcoordinateprojects/refs/heads/main/18/images/25.jpg",
    "categories": "Motivational Quotes",
    "premium": false
  },
  {
    "name": "Motivational Quotes",
    "url": "https://raw.githubusercontent.com/Fullcoordinateprojects/fullcoordinateprojects/refs/heads/main/18/images/26.jpg",
    "previewUrl": "https://raw.githubusercontent.com/Fullcoordinateprojects/fullcoordinateprojects/refs/heads/main/18/images/26.jpg",
    "categories": "Motivational Quotes",
    "premium": false
  },
  {
    "name": "Motivational Quotes",
    "url": "https://raw.githubusercontent.com/Fullcoordinateprojects/fullcoordinateprojects/refs/heads/main/18/images/27.jpg",
    "previewUrl": "https://raw.githubusercontent.com/Fullcoordinateprojects/fullcoordinateprojects/refs/heads/main/18/images/27.jpg",
    "categories": "Motivational Quotes",
    "premium": false
  }
]