[
  {
    "name": "Galaxy Wallpaper",
    "url": "https://raw.githubusercontent.com/Fullcoordinateprojects/fullcoordinateprojects/refs/heads/main/23/images/Galaxy Wallpaper 1.jpg",
    "previewUrl": "https://raw.githubusercontent.com/Fullcoordinateprojects/fullcoordinateprojects/refs/heads/main/23/images/Galaxy Wallpaper 1.jpg",
    "categories": "Galaxy Wallpaper",
    "premium": false
  },
  {
    "name": "Galaxy Wallpaper",
    "url": "https://raw.githubusercontent.com/Fullcoordinateprojects/fullcoordinateprojects/refs/heads/main/23/images/Galaxy Wallpaper 2.jpg",
    "previewUrl": "https://raw.githubusercontent.com/Fullcoordinateprojects/fullcoordinateprojects/refs/heads/main/23/images/Galaxy Wallpaper 2.jpg",
    "categories": "Galaxy Wallpaper",
    "premium": false
  },
  {
    "name": "Galaxy Wallpaper",
    "url": "https://raw.githubusercontent.com/Fullcoordinateprojects/fullcoordinateprojects/refs/heads/main/23/images/Galaxy Wallpaper 3.jpg",
    "previewUrl": "https://raw.githubusercontent.com/Fullcoordinateprojects/fullcoordinateprojects/refs/heads/main/23/images/Galaxy Wallpaper 3.jpg",
    "categories": "Galaxy Wallpaper",
    "premium": false
  },
  {
    "name": "Galaxy Wallpaper",
    "url": "https://raw.githubusercontent.com/Fullcoordinateprojects/fullcoordinateprojects/refs/heads/main/23/images/Galaxy Wallpaper 4.jpg",
    "previewUrl": "https://raw.githubusercontent.com/Fullcoordinateprojects/fullcoordinateprojects/refs/heads/main/23/images/Galaxy Wallpaper 4.jpg",
    "categories": "Galaxy Wallpaper",
    "premium": false
  },
  {
    "name": "Galaxy Wallpaper",
    "url": "https://raw.githubusercontent.com/Fullcoordinateprojects/fullcoordinateprojects/refs/heads/main/23/images/Galaxy Wallpaper 5.jpg",
    "previewUrl": "https://raw.githubusercontent.com/Fullcoordinateprojects/fullcoordinateprojects/refs/heads/main/23/images/Galaxy Wallpaper 5.jpg",
    "categories": "Galaxy Wallpaper",
    "premium": false
  },
  {
    "name": "Galaxy Wallpaper",
    "url": "https://raw.githubusercontent.com/Fullcoordinateprojects/fullcoordinateprojects/refs/heads/main/23/images/Galaxy Wallpaper 6.jpg",
    "previewUrl": "https://raw.githubusercontent.com/Fullcoordinateprojects/fullcoordinateprojects/refs/heads/main/23/images/Galaxy Wallpaper 6.jpg",
    "categories": "Galaxy Wallpaper",
    "premium": false
  },
  {
    "name": "Galaxy Wallpaper",
    "url": "https://raw.githubusercontent.com/Fullcoordinateprojects/fullcoordinateprojects/refs/heads/main/23/images/Galaxy Wallpaper 7.jpg",
    "previewUrl": "https://raw.githubusercontent.com/Fullcoordinateprojects/fullcoordinateprojects/refs/heads/main/23/images/Galaxy Wallpaper 7.jpg",
    "categories": "Galaxy Wallpaper",
    "premium": false
  },
  {
    "name": "Galaxy Wallpaper",
    "url": "https://raw.githubusercontent.com/Fullcoordinateprojects/fullcoordinateprojects/refs/heads/main/23/images/Galaxy Wallpaper 8.jpg",
    "previewUrl": "https://raw.githubusercontent.com/Fullcoordinateprojects/fullcoordinateprojects/refs/heads/main/23/images/Galaxy Wallpaper 8.jpg",
    "categories": "Galaxy Wallpaper",
    "premium": false
  },
  {
    "name": "Galaxy Wallpaper",
    "url": "https://raw.githubusercontent.com/Fullcoordinateprojects/fullcoordinateprojects/refs/heads/main/23/images/Galaxy Wallpaper 9.jpg",
    "previewUrl": "https://raw.githubusercontent.com/Fullcoordinateprojects/fullcoordinateprojects/refs/heads/main/23/images/Galaxy Wallpaper 9.jpg",
    "categories": "Galaxy Wallpaper",
    "premium": false
  },
  {
    "name": "Galaxy Wallpaper",
    "url": "https://raw.githubusercontent.com/Fullcoordinateprojects/fullcoordinateprojects/refs/heads/main/23/images/Galaxy Wallpaper 10.jpg",
    "previewUrl": "https://raw.githubusercontent.com/Fullcoordinateprojects/fullcoordinateprojects/refs/heads/main/23/images/Galaxy Wallpaper 10.jpg",
    "categories": "Galaxy Wallpaper",
    "premium": false
  },
  {
    "name": "Galaxy Wallpaper",
    "url": "https://raw.githubusercontent.com/Fullcoordinateprojects/fullcoordinateprojects/refs/heads/main/23/images/Galaxy Wallpaper 11.jpg",
    "previewUrl": "https://raw.githubusercontent.com/Fullcoordinateprojects/fullcoordinateprojects/refs/heads/main/23/images/Galaxy Wallpaper 11.jpg",
    "categories": "Galaxy Wallpaper",
    "premium": false
  },
  {
    "name": "Galaxy Wallpaper",
    "url": "https://raw.githubusercontent.com/Fullcoordinateprojects/fullcoordinateprojects/refs/heads/main/23/images/Galaxy Wallpaper 12.jpg",
    "previewUrl": "https://raw.githubusercontent.com/Fullcoordinateprojects/fullcoordinateprojects/refs/heads/main/23/images/Galaxy Wallpaper 12.jpg",
    "categories": "Galaxy Wallpaper",
    "premium": false
  },
  {
    "name": "Galaxy Wallpaper",
    "url": "https://raw.githubusercontent.com/Fullcoordinateprojects/fullcoordinateprojects/refs/heads/main/23/images/Galaxy Wallpaper 13.jpg",
    "previewUrl": "https://raw.githubusercontent.com/Fullcoordinateprojects/fullcoordinateprojects/refs/heads/main/23/images/Galaxy Wallpaper 13.jpg",
    "categories": "Galaxy Wallpaper",
    "premium": false
  },
  {
    "name": "Galaxy Wallpaper",
    "url": "https://raw.githubusercontent.com/Fullcoordinateprojects/fullcoordinateprojects/refs/heads/main/23/images/Galaxy Wallpaper 14.jpg",
    "previewUrl": "https://raw.githubusercontent.com/Fullcoordinateprojects/fullcoordinateprojects/refs/heads/main/23/images/Galaxy Wallpaper 14.jpg",
    "categories": "Galaxy Wallpaper",
    "premium": false
  },
  {
    "name": "Galaxy Wallpaper",
    "url": "https://raw.githubusercontent.com/Fullcoordinateprojects/fullcoordinateprojects/refs/heads/main/23/images/Galaxy Wallpaper 15.jpg",
    "previewUrl": "https://raw.githubusercontent.com/Fullcoordinateprojects/fullcoordinateprojects/refs/heads/main/23/images/Galaxy Wallpaper 15.jpg",
    "categories": "Galaxy Wallpaper",
    "premium": false
  },
  {
    "name": "Galaxy Wallpaper",
    "url": "https://raw.githubusercontent.com/Fullcoordinateprojects/fullcoordinateprojects/refs/heads/main/23/images/Galaxy Wallpaper 16.jpg",
    "previewUrl": "https://raw.githubusercontent.com/Fullcoordinateprojects/fullcoordinateprojects/refs/heads/main/23/images/Galaxy Wallpaper 16.jpg",
    "categories": "Galaxy Wallpaper",
    "premium": false
  },
  {
    "name": "Galaxy Wallpaper",
    "url": "https://raw.githubusercontent.com/Fullcoordinateprojects/fullcoordinateprojects/refs/heads/main/23/images/Galaxy Wallpaper 17.jpg",
    "previewUrl": "https://raw.githubusercontent.com/Fullcoordinateprojects/fullcoordinateprojects/refs/heads/main/23/images/Galaxy Wallpaper 17.jpg",
    "categories": "Galaxy Wallpaper",
    "premium": false
  },
  {
    "name": "Galaxy Wallpaper",
    "url": "https://raw.githubusercontent.com/Fullcoordinateprojects/fullcoordinateprojects/refs/heads/main/23/images/Galaxy Wallpaper 18.jpg",
    "previewUrl": "https://raw.githubusercontent.com/Fullcoordinateprojects/fullcoordinateprojects/refs/heads/main/23/images/Galaxy Wallpaper 18.jpg",
    "categories": "Galaxy Wallpaper",
    "premium": false
  },
  {
    "name": "Galaxy Wallpaper",
    "url": "https://raw.githubusercontent.com/Fullcoordinateprojects/fullcoordinateprojects/refs/heads/main/23/images/Galaxy Wallpaper 19.jpg",
    "previewUrl": "https://raw.githubusercontent.com/Fullcoordinateprojects/fullcoordinateprojects/refs/heads/main/23/images/Galaxy Wallpaper 19.jpg",
    "categories": "Galaxy Wallpaper",
    "premium": false
  },
  {
    "name": "Galaxy Wallpaper",
    "url": "https://raw.githubusercontent.com/Fullcoordinateprojects/fullcoordinateprojects/refs/heads/main/23/images/Galaxy Wallpaper 20.jpg",
    "previewUrl": "https://raw.githubusercontent.com/Fullcoordinateprojects/fullcoordinateprojects/refs/heads/main/23/images/Galaxy Wallpaper 20.jpg",
    "categories": "Galaxy Wallpaper",
    "premium": false
  },
    {
    "name": "Galaxy Wallpaper",
    "url": "https://raw.githubusercontent.com/Fullcoordinateprojects/fullcoordinateprojects/refs/heads/main/23/images/Galaxy Wallpaper 21.jpg",
    "previewUrl": "https://raw.githubusercontent.com/Fullcoordinateprojects/fullcoordinateprojects/refs/heads/main/23/images/Galaxy Wallpaper 21.jpg",
    "categories": "Galaxy Wallpaper",
    "premium": false
  },
  {
    "name": "Galaxy Wallpaper",
    "url": "https://raw.githubusercontent.com/Fullcoordinateprojects/fullcoordinateprojects/refs/heads/main/23/images/Galaxy Wallpaper 22.jpg",
    "previewUrl": "https://raw.githubusercontent.com/Fullcoordinateprojects/fullcoordinateprojects/refs/heads/main/23/images/Galaxy Wallpaper 22.jpg",
    "categories": "Galaxy Wallpaper",
    "premium": false
  },
  {
    "name": "Galaxy Wallpaper",
    "url": "https://raw.githubusercontent.com/Fullcoordinateprojects/fullcoordinateprojects/refs/heads/main/23/images/Galaxy Wallpaper 23.jpg",
    "previewUrl": "https://raw.githubusercontent.com/Fullcoordinateprojects/fullcoordinateprojects/refs/heads/main/23/images/Galaxy Wallpaper 23.jpg",
    "categories": "Galaxy Wallpaper",
    "premium": false
  },
  {
    "name": "Galaxy Wallpaper",
    "url": "https://raw.githubusercontent.com/Fullcoordinateprojects/fullcoordinateprojects/refs/heads/main/23/images/Galaxy Wallpaper 24.jpg",
    "previewUrl": "https://raw.githubusercontent.com/Fullcoordinateprojects/fullcoordinateprojects/refs/heads/main/23/images/Galaxy Wallpaper 24.jpg",
    "categories": "Galaxy Wallpaper",
    "premium": false
  },
  {
    "name": "Galaxy Wallpaper",
    "url": "https://raw.githubusercontent.com/Fullcoordinateprojects/fullcoordinateprojects/refs/heads/main/23/images/Galaxy Wallpaper 25.jpg",
    "previewUrl": "https://raw.githubusercontent.com/Fullcoordinateprojects/fullcoordinateprojects/refs/heads/main/23/images/Galaxy Wallpaper 25.jpg",
    "categories": "Galaxy Wallpaper",
    "premium": false
  },
  {
    "name": "Galaxy Wallpaper",
    "url": "https://raw.githubusercontent.com/Fullcoordinateprojects/fullcoordinateprojects/refs/heads/main/23/images/Galaxy Wallpaper 26.jpg",
    "previewUrl": "https://raw.githubusercontent.com/Fullcoordinateprojects/fullcoordinateprojects/refs/heads/main/23/images/Galaxy Wallpaper 26.jpg",
    "categories": "Galaxy Wallpaper",
    "premium": false
  },
  {
    "name": "Galaxy Wallpaper",
    "url": "https://raw.githubusercontent.com/Fullcoordinateprojects/fullcoordinateprojects/refs/heads/main/23/images/Galaxy Wallpaper 27.jpg",
    "previewUrl": "https://raw.githubusercontent.com/Fullcoordinateprojects/fullcoordinateprojects/refs/heads/main/23/images/Galaxy Wallpaper 27.jpg",
    "categories": "Galaxy Wallpaper",
    "premium": false
  },
  {
    "name": "Galaxy Wallpaper",
    "url": "https://raw.githubusercontent.com/Fullcoordinateprojects/fullcoordinateprojects/refs/heads/main/23/images/Galaxy Wallpaper 28.jpg",
    "previewUrl": "https://raw.githubusercontent.com/Fullcoordinateprojects/fullcoordinateprojects/refs/heads/main/23/images/Galaxy Wallpaper 28.jpg",
    "categories": "Galaxy Wallpaper",
    "premium": false
  },
  {
    "name": "Galaxy Wallpaper",
    "url": "https://raw.githubusercontent.com/Fullcoordinateprojects/fullcoordinateprojects/refs/heads/main/23/images/Galaxy Wallpaper 29.jpg",
    "previewUrl": "https://raw.githubusercontent.com/Fullcoordinateprojects/fullcoordinateprojects/refs/heads/main/23/images/Galaxy Wallpaper 29.jpg",
    "categories": "Galaxy Wallpaper",
    "premium": false
  },
  {
    "name": "Galaxy Wallpaper",
    "url": "https://raw.githubusercontent.com/Fullcoordinateprojects/fullcoordinateprojects/refs/heads/main/23/images/Galaxy Wallpaper 30.jpg",
    "previewUrl": "https://raw.githubusercontent.com/Fullcoordinateprojects/fullcoordinateprojects/refs/heads/main/23/images/Galaxy Wallpaper 30.jpg",
    "categories": "Galaxy Wallpaper",
    "premium": false
  },
  {
    "name": "Galaxy Wallpaper",
    "url": "https://raw.githubusercontent.com/Fullcoordinateprojects/fullcoordinateprojects/refs/heads/main/23/images/Galaxy Wallpaper 31.jpg",
    "previewUrl": "https://raw.githubusercontent.com/Fullcoordinateprojects/fullcoordinateprojects/refs/heads/main/23/images/Galaxy Wallpaper 31.jpg",
    "categories": "Galaxy Wallpaper",
    "premium": false
  },
  {
    "name": "Galaxy Wallpaper",
    "url": "https://raw.githubusercontent.com/Fullcoordinateprojects/fullcoordinateprojects/refs/heads/main/23/images/Galaxy Wallpaper 32.jpg",
    "previewUrl": "https://raw.githubusercontent.com/Fullcoordinateprojects/fullcoordinateprojects/refs/heads/main/23/images/Galaxy Wallpaper 32.jpg",
    "categories": "Galaxy Wallpaper",
    "premium": false
  },
  {
    "name": "Galaxy Wallpaper",
    "url": "https://raw.githubusercontent.com/Fullcoordinateprojects/fullcoordinateprojects/refs/heads/main/23/images/Galaxy Wallpaper 33.jpg",
    "previewUrl": "https://raw.githubusercontent.com/Fullcoordinateprojects/fullcoordinateprojects/refs/heads/main/23/images/Galaxy Wallpaper 33.jpg",
    "categories": "Galaxy Wallpaper",
    "premium": false
  },
  {
    "name": "Galaxy Wallpaper",
    "url": "https://raw.githubusercontent.com/Fullcoordinateprojects/fullcoordinateprojects/refs/heads/main/23/images/Galaxy Wallpaper 34.jpg",
    "previewUrl": "https://raw.githubusercontent.com/Fullcoordinateprojects/fullcoordinateprojects/refs/heads/main/23/images/Galaxy Wallpaper 34.jpg",
    "categories": "Galaxy Wallpaper",
    "premium": false
  },
  {
    "name": "Galaxy Wallpaper",
    "url": "https://raw.githubusercontent.com/Fullcoordinateprojects/fullcoordinateprojects/refs/heads/main/23/images/Galaxy Wallpaper 35.jpg",
    "previewUrl": "https://raw.githubusercontent.com/Fullcoordinateprojects/fullcoordinateprojects/refs/heads/main/23/images/Galaxy Wallpaper 35.jpg",
    "categories": "Galaxy Wallpaper",
    "premium": false
  },
  {
    "name": "Galaxy Wallpaper",
    "url": "https://raw.githubusercontent.com/Fullcoordinateprojects/fullcoordinateprojects/refs/heads/main/23/images/Galaxy Wallpaper 36.jpg",
    "previewUrl": "https://raw.githubusercontent.com/Fullcoordinateprojects/fullcoordinateprojects/refs/heads/main/23/images/Galaxy Wallpaper 36.jpg",
    "categories": "Galaxy Wallpaper",
    "premium": false
  },
  {
    "name": "Galaxy Wallpaper",
    "url": "https://raw.githubusercontent.com/Fullcoordinateprojects/fullcoordinateprojects/refs/heads/main/23/images/Galaxy Wallpaper 37.jpg",
    "previewUrl": "https://raw.githubusercontent.com/Fullcoordinateprojects/fullcoordinateprojects/refs/heads/main/23/images/Galaxy Wallpaper 37.jpg",
    "categories": "Galaxy Wallpaper",
    "premium": false
  },
  {
    "name": "Galaxy Wallpaper",
    "url": "https://raw.githubusercontent.com/Fullcoordinateprojects/fullcoordinateprojects/refs/heads/main/23/images/Galaxy Wallpaper 38.jpg",
    "previewUrl": "https://raw.githubusercontent.com/Fullcoordinateprojects/fullcoordinateprojects/refs/heads/main/23/images/Galaxy Wallpaper 38.jpg",
    "categories": "Galaxy Wallpaper",
    "premium": false
  },
  {
    "name": "Galaxy Wallpaper",
    "url": "https://raw.githubusercontent.com/Fullcoordinateprojects/fullcoordinateprojects/refs/heads/main/23/images/Galaxy Wallpaper 39.jpg",
    "previewUrl": "https://raw.githubusercontent.com/Fullcoordinateprojects/fullcoordinateprojects/refs/heads/main/23/images/Galaxy Wallpaper 39.jpg",
    "categories": "Galaxy Wallpaper",
    "premium": false
  },
  {
    "name": "Galaxy Wallpaper",
    "url": "https://raw.githubusercontent.com/Fullcoordinateprojects/fullcoordinateprojects/refs/heads/main/23/images/Galaxy Wallpaper 40.jpg",
    "previewUrl": "https://raw.githubusercontent.com/Fullcoordinateprojects/fullcoordinateprojects/refs/heads/main/23/images/Galaxy Wallpaper 40.jpg",
    "categories": "Galaxy Wallpaper",
    "premium": false
  },
  {
    "name": "Galaxy Wallpaper",
    "url": "https://raw.githubusercontent.com/Fullcoordinateprojects/fullcoordinateprojects/refs/heads/main/23/images/Galaxy Wallpaper 41.jpg",
    "previewUrl": "https://raw.githubusercontent.com/Fullcoordinateprojects/fullcoordinateprojects/refs/heads/main/23/images/Galaxy Wallpaper 41.jpg",
    "categories": "Galaxy Wallpaper",
    "premium": false
  },
  {
    "name": "Galaxy Wallpaper",
    "url": "https://raw.githubusercontent.com/Fullcoordinateprojects/fullcoordinateprojects/refs/heads/main/23/images/Galaxy Wallpaper 42.jpg",
    "previewUrl": "https://raw.githubusercontent.com/Fullcoordinateprojects/fullcoordinateprojects/refs/heads/main/23/images/Galaxy Wallpaper 42.jpg",
    "categories": "Galaxy Wallpaper",
    "premium": false
  },
  {
    "name": "Galaxy Wallpaper",
    "url": "https://raw.githubusercontent.com/Fullcoordinateprojects/fullcoordinateprojects/refs/heads/main/23/images/Galaxy Wallpaper 43.jpg",
    "previewUrl": "https://raw.githubusercontent.com/Fullcoordinateprojects/fullcoordinateprojects/refs/heads/main/23/images/Galaxy Wallpaper 43.jpg",
    "categories": "Galaxy Wallpaper",
    "premium": false
  },
  {
    "name": "Galaxy Wallpaper",
    "url": "https://raw.githubusercontent.com/Fullcoordinateprojects/fullcoordinateprojects/refs/heads/main/23/images/Galaxy Wallpaper 44.jpg",
    "previewUrl": "https://raw.githubusercontent.com/Fullcoordinateprojects/fullcoordinateprojects/refs/heads/main/23/images/Galaxy Wallpaper 44.jpg",
    "categories": "Galaxy Wallpaper",
    "premium": false
  },
  {
    "name": "Galaxy Wallpaper",
    "url": "https://raw.githubusercontent.com/Fullcoordinateprojects/fullcoordinateprojects/refs/heads/main/23/images/Galaxy Wallpaper 45.jpg",
    "previewUrl": "https://raw.githubusercontent.com/Fullcoordinateprojects/fullcoordinateprojects/refs/heads/main/23/images/Galaxy Wallpaper 45.jpg",
    "categories": "Galaxy Wallpaper",
    "premium": false
  },
  {
    "name": "Galaxy Wallpaper",
    "url": "https://raw.githubusercontent.com/Fullcoordinateprojects/fullcoordinateprojects/refs/heads/main/23/images/Galaxy Wallpaper 46.jpg",
    "previewUrl": "https://raw.githubusercontent.com/Fullcoordinateprojects/fullcoordinateprojects/refs/heads/main/23/images/Galaxy Wallpaper 46.jpg",
    "categories": "Galaxy Wallpaper",
    "premium": false
  },
  {
    "name": "Galaxy Wallpaper",
    "url": "https://raw.githubusercontent.com/Fullcoordinateprojects/fullcoordinateprojects/refs/heads/main/23/images/Galaxy Wallpaper 47.jpg",
    "previewUrl": "https://raw.githubusercontent.com/Fullcoordinateprojects/fullcoordinateprojects/refs/heads/main/23/images/Galaxy Wallpaper 47.jpg",
    "categories": "Galaxy Wallpaper",
    "premium": false
  },
  {
    "name": "Galaxy Wallpaper",
    "url": "https://raw.githubusercontent.com/Fullcoordinateprojects/fullcoordinateprojects/refs/heads/main/23/images/Galaxy Wallpaper 48.jpg",
    "previewUrl": "https://raw.githubusercontent.com/Fullcoordinateprojects/fullcoordinateprojects/refs/heads/main/23/images/Galaxy Wallpaper 48.jpg",
    "categories": "Galaxy Wallpaper",
    "premium": false
  },
  {
    "name": "Galaxy Wallpaper",
    "url": "https://raw.githubusercontent.com/Fullcoordinateprojects/fullcoordinateprojects/refs/heads/main/23/images/Galaxy Wallpaper 49.jpg",
    "previewUrl": "https://raw.githubusercontent.com/Fullcoordinateprojects/fullcoordinateprojects/refs/heads/main/23/images/Galaxy Wallpaper 49.jpg",
    "categories": "Galaxy Wallpaper",
    "premium": false
  },
  {
    "name": "Galaxy Wallpaper",
    "url": "https://raw.githubusercontent.com/Fullcoordinateprojects/fullcoordinateprojects/refs/heads/main/23/images/Galaxy Wallpaper 50.jpg",
    "previewUrl": "https://raw.githubusercontent.com/Fullcoordinateprojects/fullcoordinateprojects/refs/heads/main/23/images/Galaxy Wallpaper 50.jpg",
    "categories": "Galaxy Wallpaper",
    "premium": false
  },
  {
    "name": "Galaxy Wallpaper",
    "url": "https://raw.githubusercontent.com/Fullcoordinateprojects/fullcoordinateprojects/refs/heads/main/23/images/Galaxy Wallpaper 51.jpg",
    "previewUrl": "https://raw.githubusercontent.com/Fullcoordinateprojects/fullcoordinateprojects/refs/heads/main/23/images/Galaxy Wallpaper 51.jpg",
    "categories": "Galaxy Wallpaper",
    "premium": false
  },
  {
    "name": "Galaxy Wallpaper",
    "url": "https://raw.githubusercontent.com/Fullcoordinateprojects/fullcoordinateprojects/refs/heads/main/23/images/Galaxy Wallpaper 52.jpg",
    "previewUrl": "https://raw.githubusercontent.com/Fullcoordinateprojects/fullcoordinateprojects/refs/heads/main/23/images/Galaxy Wallpaper 52.jpg",
    "categories": "Galaxy Wallpaper",
    "premium": false
  },
  {
    "name": "Galaxy Wallpaper",
    "url": "https://raw.githubusercontent.com/Fullcoordinateprojects/fullcoordinateprojects/refs/heads/main/23/images/Galaxy Wallpaper 53.jpg",
    "previewUrl": "https://raw.githubusercontent.com/Fullcoordinateprojects/fullcoordinateprojects/refs/heads/main/23/images/Galaxy Wallpaper 53.jpg",
    "categories": "Galaxy Wallpaper",
    "premium": false
  },
  {
    "name": "Galaxy Wallpaper",
    "url": "https://raw.githubusercontent.com/Fullcoordinateprojects/fullcoordinateprojects/refs/heads/main/23/images/Galaxy Wallpaper 54.jpg",
    "previewUrl": "https://raw.githubusercontent.com/Fullcoordinateprojects/fullcoordinateprojects/refs/heads/main/23/images/Galaxy Wallpaper 54.jpg",
    "categories": "Galaxy Wallpaper",
    "premium": false
  },
  {
    "name": "Galaxy Wallpaper",
    "url": "https://raw.githubusercontent.com/Fullcoordinateprojects/fullcoordinateprojects/refs/heads/main/23/images/Galaxy Wallpaper 55.jpg",
    "previewUrl": "https://raw.githubusercontent.com/Fullcoordinateprojects/fullcoordinateprojects/refs/heads/main/23/images/Galaxy Wallpaper 55.jpg",
    "categories": "Galaxy Wallpaper",
    "premium": false
  },
  {
    "name": "Galaxy Wallpaper",
    "url": "https://raw.githubusercontent.com/Fullcoordinateprojects/fullcoordinateprojects/refs/heads/main/23/images/Galaxy Wallpaper 56.jpg",
    "previewUrl": "https://raw.githubusercontent.com/Fullcoordinateprojects/fullcoordinateprojects/refs/heads/main/23/images/Galaxy Wallpaper 56.jpg",
    "categories": "Galaxy Wallpaper",
    "premium": false
  },
  {
    "name": "Galaxy Wallpaper",
    "url": "https://raw.githubusercontent.com/Fullcoordinateprojects/fullcoordinateprojects/refs/heads/main/23/images/Galaxy Wallpaper 57.jpg",
    "previewUrl": "https://raw.githubusercontent.com/Fullcoordinateprojects/fullcoordinateprojects/refs/heads/main/23/images/Galaxy Wallpaper 57.jpg",
    "categories": "Galaxy Wallpaper",
    "premium": false
  },
  {
    "name": "Galaxy Wallpaper",
    "url": "https://raw.githubusercontent.com/Fullcoordinateprojects/fullcoordinateprojects/refs/heads/main/23/images/Galaxy Wallpaper 58.jpg",
    "previewUrl": "https://raw.githubusercontent.com/Fullcoordinateprojects/fullcoordinateprojects/refs/heads/main/23/images/Galaxy Wallpaper 58.jpg",
    "categories": "Galaxy Wallpaper",
    "premium": false
  },
  {
    "name": "Galaxy Wallpaper",
    "url": "https://raw.githubusercontent.com/Fullcoordinateprojects/fullcoordinateprojects/refs/heads/main/23/images/Galaxy Wallpaper 59.jpg",
    "previewUrl": "https://raw.githubusercontent.com/Fullcoordinateprojects/fullcoordinateprojects/refs/heads/main/23/images/Galaxy Wallpaper 59.jpg",
    "categories": "Galaxy Wallpaper",
    "premium": false
  },
  {
    "name": "Galaxy Wallpaper",
    "url": "https://raw.githubusercontent.com/Fullcoordinateprojects/fullcoordinateprojects/refs/heads/main/23/images/Galaxy Wallpaper 60.jpg",
    "previewUrl": "https://raw.githubusercontent.com/Fullcoordinateprojects/fullcoordinateprojects/refs/heads/main/23/images/Galaxy Wallpaper 60.jpg",
    "categories": "Galaxy Wallpaper",
    "premium": false
  }
]