[  
  {
    "name": "Kawaii Wallpaper",
    "url": "https://raw.githubusercontent.com/Fullcoordinateprojects/fullcoordinateprojects/refs/heads/main/6/images/Kawaii Wallpaper 3.JPG",
    "previewUrl": "https://raw.githubusercontent.com/Fullcoordinateprojects/fullcoordinateprojects/refs/heads/main/6/images/Kawaii Wallpaper 3.JPG",
    "categories": "Kawaii Wallpaper",
    "premium": false
  },
  {
    "name": "Kawaii Wallpaper",
    "url": "https://raw.githubusercontent.com/Fullcoordinateprojects/fullcoordinateprojects/refs/heads/main/6/images/Kawaii Wallpaper 7.JPG",
    "previewUrl": "https://raw.githubusercontent.com/Fullcoordinateprojects/fullcoordinateprojects/refs/heads/main/6/images/Kawaii Wallpaper 7.JPG",
    "categories": "Kawaii Wallpaper",
    "premium": false
  },
  {
    "name": "Kawaii Wallpaper",
    "url": "https://raw.githubusercontent.com/Fullcoordinateprojects/fullcoordinateprojects/refs/heads/main/6/images/Kawaii Wallpaper 8.JPG",
    "previewUrl": "https://raw.githubusercontent.com/Fullcoordinateprojects/fullcoordinateprojects/refs/heads/main/6/images/Kawaii Wallpaper 8.JPG",
    "categories": "Kawaii Wallpaper",
    "premium": false
  },
  {
    "name": "Kawaii Wallpaper",
    "url": "https://raw.githubusercontent.com/Fullcoordinateprojects/fullcoordinateprojects/refs/heads/main/6/images/Kawaii Wallpaper 9.JPG",
    "previewUrl": "https://raw.githubusercontent.com/Fullcoordinateprojects/fullcoordinateprojects/refs/heads/main/6/images/Kawaii Wallpaper 9.JPG",
    "categories": "Kawaii Wallpaper",
    "premium": false
  },
  {
    "name": "Kawaii Wallpaper",
    "url": "https://raw.githubusercontent.com/Fullcoordinateprojects/fullcoordinateprojects/refs/heads/main/6/images/Kawaii Wallpaper 10.JPG",
    "previewUrl": "https://raw.githubusercontent.com/Fullcoordinateprojects/fullcoordinateprojects/refs/heads/main/6/images/Kawaii Wallpaper 10.JPG",
    "categories": "Kawaii Wallpaper",
    "premium": false
  },
  {
    "name": "Kawaii Wallpaper",
    "url": "https://raw.githubusercontent.com/Fullcoordinateprojects/fullcoordinateprojects/refs/heads/main/6/images/Kawaii Wallpaper 11.JPG",
    "previewUrl": "https://raw.githubusercontent.com/Fullcoordinateprojects/fullcoordinateprojects/refs/heads/main/6/images/Kawaii Wallpaper 11.JPG",
    "categories": "Kawaii Wallpaper",
    "premium": false
  },
  {
    "name": "Kawaii Wallpaper",
    "url": "https://raw.githubusercontent.com/Fullcoordinateprojects/fullcoordinateprojects/refs/heads/main/6/images/Kawaii Wallpaper 12.JPG",
    "previewUrl": "https://raw.githubusercontent.com/Fullcoordinateprojects/fullcoordinateprojects/refs/heads/main/6/images/Kawaii Wallpaper 12.JPG",
    "categories": "Kawaii Wallpaper",
    "premium": false
  },
  {
    "name": "Kawaii Wallpaper",
    "url": "https://raw.githubusercontent.com/Fullcoordinateprojects/fullcoordinateprojects/refs/heads/main/6/images/Kawaii Wallpaper 13.JPG",
    "previewUrl": "https://raw.githubusercontent.com/Fullcoordinateprojects/fullcoordinateprojects/refs/heads/main/6/images/Kawaii Wallpaper 13.JPG",
    "categories": "Kawaii Wallpaper",
    "premium": false
  },
  {
    "name": "Kawaii Wallpaper",
    "url": "https://raw.githubusercontent.com/Fullcoordinateprojects/fullcoordinateprojects/refs/heads/main/6/images/Kawaii Wallpaper 14.JPG",
    "previewUrl": "https://raw.githubusercontent.com/Fullcoordinateprojects/fullcoordinateprojects/refs/heads/main/6/images/Kawaii Wallpaper 14.JPG",
    "categories": "Kawaii Wallpaper",
    "premium": false
  },
  {
    "name": "Kawaii Wallpaper",
    "url": "https://raw.githubusercontent.com/Fullcoordinateprojects/fullcoordinateprojects/refs/heads/main/6/images/Kawaii Wallpaper 15.JPG",
    "previewUrl": "https://raw.githubusercontent.com/Fullcoordinateprojects/fullcoordinateprojects/refs/heads/main/6/images/Kawaii Wallpaper 15.JPG",
    "categories": "Kawaii Wallpaper",
    "premium": false
  },
  {
    "name": "Kawaii Wallpaper",
    "url": "https://raw.githubusercontent.com/Fullcoordinateprojects/fullcoordinateprojects/refs/heads/main/6/images/Kawaii Wallpaper 16.JPG",
    "previewUrl": "https://raw.githubusercontent.com/Fullcoordinateprojects/fullcoordinateprojects/refs/heads/main/6/images/Kawaii Wallpaper 16.JPG",
    "categories": "Kawaii Wallpaper",
    "premium": false
  },
  {
    "name": "Kawaii Wallpaper",
    "url": "https://raw.githubusercontent.com/Fullcoordinateprojects/fullcoordinateprojects/refs/heads/main/6/images/Kawaii Wallpaper 17.JPG",
    "previewUrl": "https://raw.githubusercontent.com/Fullcoordinateprojects/fullcoordinateprojects/refs/heads/main/6/images/Kawaii Wallpaper 17.JPG",
    "categories": "Kawaii Wallpaper",
    "premium": false
  },
  {
    "name": "Kawaii Wallpaper",
    "url": "https://raw.githubusercontent.com/Fullcoordinateprojects/fullcoordinateprojects/refs/heads/main/6/images/Kawaii Wallpaper 18.JPG",
    "previewUrl": "https://raw.githubusercontent.com/Fullcoordinateprojects/fullcoordinateprojects/refs/heads/main/6/images/Kawaii Wallpaper 18.JPG",
    "categories": "Kawaii Wallpaper",
    "premium": false
  },
  {
    "name": "Kawaii Wallpaper",
    "url": "https://raw.githubusercontent.com/Fullcoordinateprojects/fullcoordinateprojects/refs/heads/main/6/images/Kawaii Wallpaper 19.JPG",
    "previewUrl": "https://raw.githubusercontent.com/Fullcoordinateprojects/fullcoordinateprojects/refs/heads/main/6/images/Kawaii Wallpaper 19.JPG",
    "categories": "Kawaii Wallpaper",
    "premium": false
  },
  {
    "name": "Kawaii Wallpaper",
    "url": "https://raw.githubusercontent.com/Fullcoordinateprojects/fullcoordinateprojects/refs/heads/main/6/images/Kawaii Wallpaper 20.JPG",
    "previewUrl": "https://raw.githubusercontent.com/Fullcoordinateprojects/fullcoordinateprojects/refs/heads/main/6/images/Kawaii Wallpaper 20.JPG",
    "categories": "Kawaii Wallpaper",
    "premium": false
  },
    {
    "name": "Kawaii Wallpaper",
    "url": "https://raw.githubusercontent.com/Fullcoordinateprojects/fullcoordinateprojects/refs/heads/main/6/images/Kawaii Wallpaper 21.JPG",
    "previewUrl": "https://raw.githubusercontent.com/Fullcoordinateprojects/fullcoordinateprojects/refs/heads/main/6/images/Kawaii Wallpaper 21.JPG",
    "categories": "Kawaii Wallpaper",
    "premium": false
  },
  {
    "name": "Kawaii Wallpaper",
    "url": "https://raw.githubusercontent.com/Fullcoordinateprojects/fullcoordinateprojects/refs/heads/main/6/images/Kawaii Wallpaper 1.JPG",
    "previewUrl": "https://raw.githubusercontent.com/Fullcoordinateprojects/fullcoordinateprojects/refs/heads/main/6/images/Kawaii Wallpaper 1.JPG",
    "categories": "Kawaii Wallpaper",
    "premium": false
  },
  {
    "name": "Kawaii Wallpaper",
    "url": "https://raw.githubusercontent.com/Fullcoordinateprojects/fullcoordinateprojects/refs/heads/main/6/images/Kawaii Wallpaper 2.JPG",
    "previewUrl": "https://raw.githubusercontent.com/Fullcoordinateprojects/fullcoordinateprojects/refs/heads/main/6/images/Kawaii Wallpaper 2.JPG",
    "categories": "Kawaii Wallpaper",
    "premium": false
  },
  {
    "name": "Kawaii Wallpaper",
    "url": "https://raw.githubusercontent.com/Fullcoordinateprojects/fullcoordinateprojects/refs/heads/main/6/images/Kawaii Wallpaper 4.JPG",
    "previewUrl": "https://raw.githubusercontent.com/Fullcoordinateprojects/fullcoordinateprojects/refs/heads/main/6/images/Kawaii Wallpaper 4.JPG",
    "categories": "Kawaii Wallpaper",
    "premium": false
  },
  {
    "name": "Kawaii Wallpaper",
    "url": "https://raw.githubusercontent.com/Fullcoordinateprojects/fullcoordinateprojects/refs/heads/main/6/images/Kawaii Wallpaper 5.JPG",
    "previewUrl": "https://raw.githubusercontent.com/Fullcoordinateprojects/fullcoordinateprojects/refs/heads/main/6/images/Kawaii Wallpaper 5.JPG",
    "categories": "Kawaii Wallpaper",
    "premium": false
  },
  {
    "name": "Kawaii Wallpaper",
    "url": "https://raw.githubusercontent.com/Fullcoordinateprojects/fullcoordinateprojects/refs/heads/main/6/images/Kawaii Wallpaper 6.JPG",
    "previewUrl": "https://raw.githubusercontent.com/Fullcoordinateprojects/fullcoordinateprojects/refs/heads/main/6/images/Kawaii Wallpaper 6.JPG",
    "categories": "Kawaii Wallpaper",
    "premium": false
  },
  {
    "name": "Kawaii Wallpaper",
    "url": "https://raw.githubusercontent.com/Fullcoordinateprojects/fullcoordinateprojects/refs/heads/main/6/images/Kawaii Wallpaper 22.JPG",
    "previewUrl": "https://raw.githubusercontent.com/Fullcoordinateprojects/fullcoordinateprojects/refs/heads/main/6/images/Kawaii Wallpaper 22.JPG",
    "categories": "Kawaii Wallpaper",
    "premium": false
  },
  {
    "name": "Kawaii Wallpaper",
    "url": "https://raw.githubusercontent.com/Fullcoordinateprojects/fullcoordinateprojects/refs/heads/main/6/images/Kawaii Wallpaper 23.JPG",
    "previewUrl": "https://raw.githubusercontent.com/Fullcoordinateprojects/fullcoordinateprojects/refs/heads/main/6/images/Kawaii Wallpaper 23.JPG",
    "categories": "Kawaii Wallpaper",
    "premium": false
  },
  {
    "name": "Kawaii Wallpaper",
    "url": "https://raw.githubusercontent.com/Fullcoordinateprojects/fullcoordinateprojects/refs/heads/main/6/images/Kawaii Wallpaper 24.JPG",
    "previewUrl": "https://raw.githubusercontent.com/Fullcoordinateprojects/fullcoordinateprojects/refs/heads/main/6/images/Kawaii Wallpaper 24.JPG",
    "categories": "Kawaii Wallpaper",
    "premium": false
  },
  {
    "name": "Kawaii Wallpaper",
    "url": "https://raw.githubusercontent.com/Fullcoordinateprojects/fullcoordinateprojects/refs/heads/main/6/images/Kawaii Wallpaper 25.JPG",
    "previewUrl": "https://raw.githubusercontent.com/Fullcoordinateprojects/fullcoordinateprojects/refs/heads/main/6/images/Kawaii Wallpaper 25.JPG",
    "categories": "Kawaii Wallpaper",
    "premium": false
  },
  {
    "name": "Kawaii Wallpaper",
    "url": "https://raw.githubusercontent.com/Fullcoordinateprojects/fullcoordinateprojects/refs/heads/main/6/images/Kawaii Wallpaper 26.JPG",
    "previewUrl": "https://raw.githubusercontent.com/Fullcoordinateprojects/fullcoordinateprojects/refs/heads/main/6/images/Kawaii Wallpaper 26.JPG",
    "categories": "Kawaii Wallpaper",
    "premium": false
  },
  {
    "name": "Kawaii Wallpaper",
    "url": "https://raw.githubusercontent.com/Fullcoordinateprojects/fullcoordinateprojects/refs/heads/main/6/images/Kawaii Wallpaper 27.JPG",
    "previewUrl": "https://raw.githubusercontent.com/Fullcoordinateprojects/fullcoordinateprojects/refs/heads/main/6/images/Kawaii Wallpaper 27.JPG",
    "categories": "Kawaii Wallpaper",
    "premium": false
  },
  {
    "name": "Kawaii Wallpaper",
    "url": "https://raw.githubusercontent.com/Fullcoordinateprojects/fullcoordinateprojects/refs/heads/main/6/images/Kawaii Wallpaper 28.JPG",
    "previewUrl": "https://raw.githubusercontent.com/Fullcoordinateprojects/fullcoordinateprojects/refs/heads/main/6/images/Kawaii Wallpaper 28.JPG",
    "categories": "Kawaii Wallpaper",
    "premium": false
  },
  {
    "name": "Kawaii Wallpaper",
    "url": "https://raw.githubusercontent.com/Fullcoordinateprojects/fullcoordinateprojects/refs/heads/main/6/images/Kawaii Wallpaper 29.JPG",
    "previewUrl": "https://raw.githubusercontent.com/Fullcoordinateprojects/fullcoordinateprojects/refs/heads/main/6/images/Kawaii Wallpaper 29.JPG",
    "categories": "Kawaii Wallpaper",
    "premium": false
  },
  {
    "name": "Kawaii Wallpaper",
    "url": "https://raw.githubusercontent.com/Fullcoordinateprojects/fullcoordinateprojects/refs/heads/main/6/images/Kawaii Wallpaper 30.jpg",
    "previewUrl": "https://raw.githubusercontent.com/Fullcoordinateprojects/fullcoordinateprojects/refs/heads/main/6/images/Kawaii Wallpaper 30.jpg",
    "categories": "Kawaii Wallpaper",
    "premium": false
  },
  {
    "name": "Kawaii Wallpaper",
    "url": "https://raw.githubusercontent.com/Fullcoordinateprojects/fullcoordinateprojects/refs/heads/main/6/images/Kawaii Wallpaper 31.JPG",
    "previewUrl": "https://raw.githubusercontent.com/Fullcoordinateprojects/fullcoordinateprojects/refs/heads/main/6/images/Kawaii Wallpaper 31.JPG",
    "categories": "Kawaii Wallpaper",
    "premium": false
  },
  {
    "name": "Kawaii Wallpaper",
    "url": "https://raw.githubusercontent.com/Fullcoordinateprojects/fullcoordinateprojects/refs/heads/main/6/images/Kawaii Wallpaper 32.JPG",
    "previewUrl": "https://raw.githubusercontent.com/Fullcoordinateprojects/fullcoordinateprojects/refs/heads/main/6/images/Kawaii Wallpaper 32.JPG",
    "categories": "Kawaii Wallpaper",
    "premium": false
  },
  {
    "name": "Kawaii Wallpaper",
    "url": "https://raw.githubusercontent.com/Fullcoordinateprojects/fullcoordinateprojects/refs/heads/main/6/images/Kawaii Wallpaper 33.JPG",
    "previewUrl": "https://raw.githubusercontent.com/Fullcoordinateprojects/fullcoordinateprojects/refs/heads/main/6/images/Kawaii Wallpaper 33.JPG",
    "categories": "Kawaii Wallpaper",
    "premium": false
  },
  {
    "name": "Kawaii Wallpaper",
    "url": "https://raw.githubusercontent.com/Fullcoordinateprojects/fullcoordinateprojects/refs/heads/main/6/images/Kawaii Wallpaper 34.JPG",
    "previewUrl": "https://raw.githubusercontent.com/Fullcoordinateprojects/fullcoordinateprojects/refs/heads/main/6/images/Kawaii Wallpaper 34.JPG",
    "categories": "Kawaii Wallpaper",
    "premium": false
  },
  {
    "name": "Kawaii Wallpaper",
    "url": "https://raw.githubusercontent.com/Fullcoordinateprojects/fullcoordinateprojects/refs/heads/main/6/images/Kawaii Wallpaper 35.JPG",
    "previewUrl": "https://raw.githubusercontent.com/Fullcoordinateprojects/fullcoordinateprojects/refs/heads/main/6/images/Kawaii Wallpaper 35.JPG",
    "categories": "Kawaii Wallpaper",
    "premium": false
  },
  {
    "name": "Kawaii Wallpaper",
    "url": "https://raw.githubusercontent.com/Fullcoordinateprojects/fullcoordinateprojects/refs/heads/main/6/images/Kawaii Wallpaper 36.JPG",
    "previewUrl": "https://raw.githubusercontent.com/Fullcoordinateprojects/fullcoordinateprojects/refs/heads/main/6/images/Kawaii Wallpaper 36.JPG",
    "categories": "Kawaii Wallpaper",
    "premium": false
  },
  {
    "name": "Kawaii Wallpaper",
    "url": "https://raw.githubusercontent.com/Fullcoordinateprojects/fullcoordinateprojects/refs/heads/main/6/images/Kawaii Wallpaper 37.JPG",
    "previewUrl": "https://raw.githubusercontent.com/Fullcoordinateprojects/fullcoordinateprojects/refs/heads/main/6/images/Kawaii Wallpaper 37.JPG",
    "categories": "Kawaii Wallpaper",
    "premium": false
  },
  {
    "name": "Kawaii Wallpaper",
    "url": "https://raw.githubusercontent.com/Fullcoordinateprojects/fullcoordinateprojects/refs/heads/main/6/images/Kawaii Wallpaper 38.JPG",
    "previewUrl": "https://raw.githubusercontent.com/Fullcoordinateprojects/fullcoordinateprojects/refs/heads/main/6/images/Kawaii Wallpaper 38.JPG",
    "categories": "Kawaii Wallpaper",
    "premium": false
  },
  {
    "name": "Kawaii Wallpaper",
    "url": "https://raw.githubusercontent.com/Fullcoordinateprojects/fullcoordinateprojects/refs/heads/main/6/images/Kawaii Wallpaper 39.JPG",
    "previewUrl": "https://raw.githubusercontent.com/Fullcoordinateprojects/fullcoordinateprojects/refs/heads/main/6/images/Kawaii Wallpaper 39.JPG",
    "categories": "Kawaii Wallpaper",
    "premium": false
  },
  {
    "name": "Kawaii Wallpaper",
    "url": "https://raw.githubusercontent.com/Fullcoordinateprojects/fullcoordinateprojects/refs/heads/main/6/images/Kawaii Wallpaper 40.jpg",
    "previewUrl": "https://raw.githubusercontent.com/Fullcoordinateprojects/fullcoordinateprojects/refs/heads/main/6/images/Kawaii Wallpaper 40.jpg",
    "categories": "Kawaii Wallpaper",
    "premium": false
  },
  {
    "name": "Kawaii Wallpaper",
    "url": "https://raw.githubusercontent.com/Fullcoordinateprojects/fullcoordinateprojects/refs/heads/main/6/images/Kawaii Wallpaper 41.JPG",
    "previewUrl": "https://raw.githubusercontent.com/Fullcoordinateprojects/fullcoordinateprojects/refs/heads/main/6/images/Kawaii Wallpaper 41.JPG",
    "categories": "Kawaii Wallpaper",
    "premium": false
  },
  {
    "name": "Kawaii Wallpaper",
    "url": "https://raw.githubusercontent.com/Fullcoordinateprojects/fullcoordinateprojects/refs/heads/main/6/images/Kawaii Wallpaper 42.JPG",
    "previewUrl": "https://raw.githubusercontent.com/Fullcoordinateprojects/fullcoordinateprojects/refs/heads/main/6/images/Kawaii Wallpaper 42.JPG",
    "categories": "Kawaii Wallpaper",
    "premium": false
  },
  {
    "name": "Kawaii Wallpaper",
    "url": "https://raw.githubusercontent.com/Fullcoordinateprojects/fullcoordinateprojects/refs/heads/main/6/images/Kawaii Wallpaper 43.JPG",
    "previewUrl": "https://raw.githubusercontent.com/Fullcoordinateprojects/fullcoordinateprojects/refs/heads/main/6/images/Kawaii Wallpaper 43.JPG",
    "categories": "Kawaii Wallpaper",
    "premium": false
  },
  {
    "name": "Kawaii Wallpaper",
    "url": "https://raw.githubusercontent.com/Fullcoordinateprojects/fullcoordinateprojects/refs/heads/main/6/images/Kawaii Wallpaper 44.JPG",
    "previewUrl": "https://raw.githubusercontent.com/Fullcoordinateprojects/fullcoordinateprojects/refs/heads/main/6/images/Kawaii Wallpaper 44.JPG",
    "categories": "Kawaii Wallpaper",
    "premium": false
  },
  {
    "name": "Kawaii Wallpaper",
    "url": "https://raw.githubusercontent.com/Fullcoordinateprojects/fullcoordinateprojects/refs/heads/main/6/images/Kawaii Wallpaper 45.JPG",
    "previewUrl": "https://raw.githubusercontent.com/Fullcoordinateprojects/fullcoordinateprojects/refs/heads/main/6/images/Kawaii Wallpaper 45.JPG",
    "categories": "Kawaii Wallpaper",
    "premium": false
  },
  {
    "name": "Kawaii Wallpaper",
    "url": "https://raw.githubusercontent.com/Fullcoordinateprojects/fullcoordinateprojects/refs/heads/main/6/images/Kawaii Wallpaper 46.JPG",
    "previewUrl": "https://raw.githubusercontent.com/Fullcoordinateprojects/fullcoordinateprojects/refs/heads/main/6/images/Kawaii Wallpaper 46.JPG",
    "categories": "Kawaii Wallpaper",
    "premium": false
  },
  {
    "name": "Kawaii Wallpaper",
    "url": "https://raw.githubusercontent.com/Fullcoordinateprojects/fullcoordinateprojects/refs/heads/main/6/images/Kawaii Wallpaper 47.jpg",
    "previewUrl": "https://raw.githubusercontent.com/Fullcoordinateprojects/fullcoordinateprojects/refs/heads/main/6/images/Kawaii Wallpaper 47.jpg",
    "categories": "Kawaii Wallpaper",
    "premium": false
  },
  {
    "name": "Kawaii Wallpaper",
    "url": "https://raw.githubusercontent.com/Fullcoordinateprojects/fullcoordinateprojects/refs/heads/main/6/images/Kawaii Wallpaper 48.jpg",
    "previewUrl": "https://raw.githubusercontent.com/Fullcoordinateprojects/fullcoordinateprojects/refs/heads/main/6/images/Kawaii Wallpaper 48.jpg",
    "categories": "Kawaii Wallpaper",
    "premium": false
  },
  {
    "name": "Kawaii Wallpaper",
    "url": "https://raw.githubusercontent.com/Fullcoordinateprojects/fullcoordinateprojects/refs/heads/main/6/images/Kawaii Wallpaper 49.JPG",
    "previewUrl": "https://raw.githubusercontent.com/Fullcoordinateprojects/fullcoordinateprojects/refs/heads/main/6/images/Kawaii Wallpaper 49.JPG",
    "categories": "Kawaii Wallpaper",
    "premium": false
  },
  {
    "name": "Kawaii Wallpaper",
    "url": "https://raw.githubusercontent.com/Fullcoordinateprojects/fullcoordinateprojects/refs/heads/main/6/images/Kawaii Wallpaper 50.jpg",
    "previewUrl": "https://raw.githubusercontent.com/Fullcoordinateprojects/fullcoordinateprojects/refs/heads/main/6/images/Kawaii Wallpaper 50.jpg",
    "categories": "Kawaii Wallpaper",
    "premium": false
  }
]