[  
  {
    "name": "Kawaii Wallpaper",
    "url": "https://raw.githubusercontent.com/Fullcoordinateprojects/fullcoordinateprojects/refs/heads/main/6/images/Kawaii Wallpaper 3.jpg",
    "previewUrl": "https://raw.githubusercontent.com/Fullcoordinateprojects/fullcoordinateprojects/refs/heads/main/6/images/Kawaii Wallpaper 3.jpg",
    "categories": "Kawaii Wallpaper",
    "premium": false
  },
  {
    "name": "Kawaii Wallpaper",
    "url": "https://raw.githubusercontent.com/Fullcoordinateprojects/fullcoordinateprojects/refs/heads/main/6/images/Kawaii Wallpaper 7.jpg",
    "previewUrl": "https://raw.githubusercontent.com/Fullcoordinateprojects/fullcoordinateprojects/refs/heads/main/6/images/Kawaii Wallpaper 7.jpg",
    "categories": "Kawaii Wallpaper",
    "premium": false
  },
  {
    "name": "Kawaii Wallpaper",
    "url": "https://raw.githubusercontent.com/Fullcoordinateprojects/fullcoordinateprojects/refs/heads/main/6/images/Kawaii Wallpaper 8.jpg",
    "previewUrl": "https://raw.githubusercontent.com/Fullcoordinateprojects/fullcoordinateprojects/refs/heads/main/6/images/Kawaii Wallpaper 8.jpg",
    "categories": "Kawaii Wallpaper",
    "premium": false
  },
  {
    "name": "Kawaii Wallpaper",
    "url": "https://raw.githubusercontent.com/Fullcoordinateprojects/fullcoordinateprojects/refs/heads/main/6/images/Kawaii Wallpaper 9.jpg",
    "previewUrl": "https://raw.githubusercontent.com/Fullcoordinateprojects/fullcoordinateprojects/refs/heads/main/6/images/Kawaii Wallpaper 9.jpg",
    "categories": "Kawaii Wallpaper",
    "premium": false
  },
  {
    "name": "Kawaii Wallpaper",
    "url": "https://raw.githubusercontent.com/Fullcoordinateprojects/fullcoordinateprojects/refs/heads/main/6/images/Kawaii Wallpaper 10.jpg",
    "previewUrl": "https://raw.githubusercontent.com/Fullcoordinateprojects/fullcoordinateprojects/refs/heads/main/6/images/Kawaii Wallpaper 10.jpg",
    "categories": "Kawaii Wallpaper",
    "premium": false
  },
  {
    "name": "Kawaii Wallpaper",
    "url": "https://raw.githubusercontent.com/Fullcoordinateprojects/fullcoordinateprojects/refs/heads/main/6/images/Kawaii Wallpaper 11.jpg",
    "previewUrl": "https://raw.githubusercontent.com/Fullcoordinateprojects/fullcoordinateprojects/refs/heads/main/6/images/Kawaii Wallpaper 11.jpg",
    "categories": "Kawaii Wallpaper",
    "premium": false
  },
  {
    "name": "Kawaii Wallpaper",
    "url": "https://raw.githubusercontent.com/Fullcoordinateprojects/fullcoordinateprojects/refs/heads/main/6/images/Kawaii Wallpaper 12.jpg",
    "previewUrl": "https://raw.githubusercontent.com/Fullcoordinateprojects/fullcoordinateprojects/refs/heads/main/6/images/Kawaii Wallpaper 12.jpg",
    "categories": "Kawaii Wallpaper",
    "premium": false
  },
  {
    "name": "Kawaii Wallpaper",
    "url": "https://raw.githubusercontent.com/Fullcoordinateprojects/fullcoordinateprojects/refs/heads/main/6/images/Kawaii Wallpaper 13.jpg",
    "previewUrl": "https://raw.githubusercontent.com/Fullcoordinateprojects/fullcoordinateprojects/refs/heads/main/6/images/Kawaii Wallpaper 13.jpg",
    "categories": "Kawaii Wallpaper",
    "premium": false
  },
  {
    "name": "Kawaii Wallpaper",
    "url": "https://raw.githubusercontent.com/Fullcoordinateprojects/fullcoordinateprojects/refs/heads/main/6/images/Kawaii Wallpaper 14.jpg",
    "previewUrl": "https://raw.githubusercontent.com/Fullcoordinateprojects/fullcoordinateprojects/refs/heads/main/6/images/Kawaii Wallpaper 14.jpg",
    "categories": "Kawaii Wallpaper",
    "premium": false
  },
  {
    "name": "Kawaii Wallpaper",
    "url": "https://raw.githubusercontent.com/Fullcoordinateprojects/fullcoordinateprojects/refs/heads/main/6/images/Kawaii Wallpaper 15.jpg",
    "previewUrl": "https://raw.githubusercontent.com/Fullcoordinateprojects/fullcoordinateprojects/refs/heads/main/6/images/Kawaii Wallpaper 15.jpg",
    "categories": "Kawaii Wallpaper",
    "premium": false
  },
  {
    "name": "Kawaii Wallpaper",
    "url": "https://raw.githubusercontent.com/Fullcoordinateprojects/fullcoordinateprojects/refs/heads/main/6/images/Kawaii Wallpaper 16.jpg",
    "previewUrl": "https://raw.githubusercontent.com/Fullcoordinateprojects/fullcoordinateprojects/refs/heads/main/6/images/Kawaii Wallpaper 16.jpg",
    "categories": "Kawaii Wallpaper",
    "premium": false
  },
  {
    "name": "Kawaii Wallpaper",
    "url": "https://raw.githubusercontent.com/Fullcoordinateprojects/fullcoordinateprojects/refs/heads/main/6/images/Kawaii Wallpaper 17.jpg",
    "previewUrl": "https://raw.githubusercontent.com/Fullcoordinateprojects/fullcoordinateprojects/refs/heads/main/6/images/Kawaii Wallpaper 17.jpg",
    "categories": "Kawaii Wallpaper",
    "premium": false
  },
  {
    "name": "Kawaii Wallpaper",
    "url": "https://raw.githubusercontent.com/Fullcoordinateprojects/fullcoordinateprojects/refs/heads/main/6/images/Kawaii Wallpaper 18.jpg",
    "previewUrl": "https://raw.githubusercontent.com/Fullcoordinateprojects/fullcoordinateprojects/refs/heads/main/6/images/Kawaii Wallpaper 18.jpg",
    "categories": "Kawaii Wallpaper",
    "premium": false
  },
  {
    "name": "Kawaii Wallpaper",
    "url": "https://raw.githubusercontent.com/Fullcoordinateprojects/fullcoordinateprojects/refs/heads/main/6/images/Kawaii Wallpaper 19.jpg",
    "previewUrl": "https://raw.githubusercontent.com/Fullcoordinateprojects/fullcoordinateprojects/refs/heads/main/6/images/Kawaii Wallpaper 19.jpg",
    "categories": "Kawaii Wallpaper",
    "premium": false
  },
  {
    "name": "Kawaii Wallpaper",
    "url": "https://raw.githubusercontent.com/Fullcoordinateprojects/fullcoordinateprojects/refs/heads/main/6/images/Kawaii Wallpaper 20.jpg",
    "previewUrl": "https://raw.githubusercontent.com/Fullcoordinateprojects/fullcoordinateprojects/refs/heads/main/6/images/Kawaii Wallpaper 20.jpg",
    "categories": "Kawaii Wallpaper",
    "premium": false
  },
    {
    "name": "Kawaii Wallpaper",
    "url": "https://raw.githubusercontent.com/Fullcoordinateprojects/fullcoordinateprojects/refs/heads/main/6/images/Kawaii Wallpaper 21.jpg",
    "previewUrl": "https://raw.githubusercontent.com/Fullcoordinateprojects/fullcoordinateprojects/refs/heads/main/6/images/Kawaii Wallpaper 21.jpg",
    "categories": "Kawaii Wallpaper",
    "premium": false
  },
  {
    "name": "Kawaii Wallpaper",
    "url": "https://raw.githubusercontent.com/Fullcoordinateprojects/fullcoordinateprojects/refs/heads/main/6/images/Kawaii Wallpaper 1.jpg",
    "previewUrl": "https://raw.githubusercontent.com/Fullcoordinateprojects/fullcoordinateprojects/refs/heads/main/6/images/Kawaii Wallpaper 1.jpg",
    "categories": "Kawaii Wallpaper",
    "premium": false
  },
  {
    "name": "Kawaii Wallpaper",
    "url": "https://raw.githubusercontent.com/Fullcoordinateprojects/fullcoordinateprojects/refs/heads/main/6/images/Kawaii Wallpaper 2.jpg",
    "previewUrl": "https://raw.githubusercontent.com/Fullcoordinateprojects/fullcoordinateprojects/refs/heads/main/6/images/Kawaii Wallpaper 2.jpg",
    "categories": "Kawaii Wallpaper",
    "premium": false
  },
  {
    "name": "Kawaii Wallpaper",
    "url": "https://raw.githubusercontent.com/Fullcoordinateprojects/fullcoordinateprojects/refs/heads/main/6/images/Kawaii Wallpaper 4.jpg",
    "previewUrl": "https://raw.githubusercontent.com/Fullcoordinateprojects/fullcoordinateprojects/refs/heads/main/6/images/Kawaii Wallpaper 4.jpg",
    "categories": "Kawaii Wallpaper",
    "premium": false
  },
  {
    "name": "Kawaii Wallpaper",
    "url": "https://raw.githubusercontent.com/Fullcoordinateprojects/fullcoordinateprojects/refs/heads/main/6/images/Kawaii Wallpaper 5.jpg",
    "previewUrl": "https://raw.githubusercontent.com/Fullcoordinateprojects/fullcoordinateprojects/refs/heads/main/6/images/Kawaii Wallpaper 5.jpg",
    "categories": "Kawaii Wallpaper",
    "premium": false
  },
  {
    "name": "Kawaii Wallpaper",
    "url": "https://raw.githubusercontent.com/Fullcoordinateprojects/fullcoordinateprojects/refs/heads/main/6/images/Kawaii Wallpaper 6.jpg",
    "previewUrl": "https://raw.githubusercontent.com/Fullcoordinateprojects/fullcoordinateprojects/refs/heads/main/6/images/Kawaii Wallpaper 6.jpg",
    "categories": "Kawaii Wallpaper",
    "premium": false
  },
  {
    "name": "Kawaii Wallpaper",
    "url": "https://raw.githubusercontent.com/Fullcoordinateprojects/fullcoordinateprojects/refs/heads/main/6/images/Kawaii Wallpaper 22.jpg",
    "previewUrl": "https://raw.githubusercontent.com/Fullcoordinateprojects/fullcoordinateprojects/refs/heads/main/6/images/Kawaii Wallpaper 22.jpg",
    "categories": "Kawaii Wallpaper",
    "premium": false
  },
  {
    "name": "Kawaii Wallpaper",
    "url": "https://raw.githubusercontent.com/Fullcoordinateprojects/fullcoordinateprojects/refs/heads/main/6/images/Kawaii Wallpaper 23.jpg",
    "previewUrl": "https://raw.githubusercontent.com/Fullcoordinateprojects/fullcoordinateprojects/refs/heads/main/6/images/Kawaii Wallpaper 23.jpg",
    "categories": "Kawaii Wallpaper",
    "premium": false
  },
  {
    "name": "Kawaii Wallpaper",
    "url": "https://raw.githubusercontent.com/Fullcoordinateprojects/fullcoordinateprojects/refs/heads/main/6/images/Kawaii Wallpaper 24.jpg",
    "previewUrl": "https://raw.githubusercontent.com/Fullcoordinateprojects/fullcoordinateprojects/refs/heads/main/6/images/Kawaii Wallpaper 24.jpg",
    "categories": "Kawaii Wallpaper",
    "premium": false
  },
  {
    "name": "Kawaii Wallpaper",
    "url": "https://raw.githubusercontent.com/Fullcoordinateprojects/fullcoordinateprojects/refs/heads/main/6/images/Kawaii Wallpaper 25.jpg",
    "previewUrl": "https://raw.githubusercontent.com/Fullcoordinateprojects/fullcoordinateprojects/refs/heads/main/6/images/Kawaii Wallpaper 25.jpg",
    "categories": "Kawaii Wallpaper",
    "premium": false
  },
  {
    "name": "Kawaii Wallpaper",
    "url": "https://raw.githubusercontent.com/Fullcoordinateprojects/fullcoordinateprojects/refs/heads/main/6/images/Kawaii Wallpaper 26.jpg",
    "previewUrl": "https://raw.githubusercontent.com/Fullcoordinateprojects/fullcoordinateprojects/refs/heads/main/6/images/Kawaii Wallpaper 26.jpg",
    "categories": "Kawaii Wallpaper",
    "premium": false
  },
  {
    "name": "Kawaii Wallpaper",
    "url": "https://raw.githubusercontent.com/Fullcoordinateprojects/fullcoordinateprojects/refs/heads/main/6/images/Kawaii Wallpaper 27.jpg",
    "previewUrl": "https://raw.githubusercontent.com/Fullcoordinateprojects/fullcoordinateprojects/refs/heads/main/6/images/Kawaii Wallpaper 27.jpg",
    "categories": "Kawaii Wallpaper",
    "premium": false
  },
  {
    "name": "Kawaii Wallpaper",
    "url": "https://raw.githubusercontent.com/Fullcoordinateprojects/fullcoordinateprojects/refs/heads/main/6/images/Kawaii Wallpaper 28.jpg",
    "previewUrl": "https://raw.githubusercontent.com/Fullcoordinateprojects/fullcoordinateprojects/refs/heads/main/6/images/Kawaii Wallpaper 28.jpg",
    "categories": "Kawaii Wallpaper",
    "premium": false
  },
  {
    "name": "Kawaii Wallpaper",
    "url": "https://raw.githubusercontent.com/Fullcoordinateprojects/fullcoordinateprojects/refs/heads/main/6/images/Kawaii Wallpaper 29.jpg",
    "previewUrl": "https://raw.githubusercontent.com/Fullcoordinateprojects/fullcoordinateprojects/refs/heads/main/6/images/Kawaii Wallpaper 29.jpg",
    "categories": "Kawaii Wallpaper",
    "premium": false
  },
  {
    "name": "Kawaii Wallpaper",
    "url": "https://raw.githubusercontent.com/Fullcoordinateprojects/fullcoordinateprojects/refs/heads/main/6/images/Kawaii Wallpaper 30.jpg",
    "previewUrl": "https://raw.githubusercontent.com/Fullcoordinateprojects/fullcoordinateprojects/refs/heads/main/6/images/Kawaii Wallpaper 30.jpg",
    "categories": "Kawaii Wallpaper",
    "premium": false
  },
  {
    "name": "Kawaii Wallpaper",
    "url": "https://raw.githubusercontent.com/Fullcoordinateprojects/fullcoordinateprojects/refs/heads/main/6/images/Kawaii Wallpaper 31.jpg",
    "previewUrl": "https://raw.githubusercontent.com/Fullcoordinateprojects/fullcoordinateprojects/refs/heads/main/6/images/Kawaii Wallpaper 31.jpg",
    "categories": "Kawaii Wallpaper",
    "premium": false
  },
  {
    "name": "Kawaii Wallpaper",
    "url": "https://raw.githubusercontent.com/Fullcoordinateprojects/fullcoordinateprojects/refs/heads/main/6/images/Kawaii Wallpaper 32.jpg",
    "previewUrl": "https://raw.githubusercontent.com/Fullcoordinateprojects/fullcoordinateprojects/refs/heads/main/6/images/Kawaii Wallpaper 32.jpg",
    "categories": "Kawaii Wallpaper",
    "premium": false
  },
  {
    "name": "Kawaii Wallpaper",
    "url": "https://raw.githubusercontent.com/Fullcoordinateprojects/fullcoordinateprojects/refs/heads/main/6/images/Kawaii Wallpaper 33.jpg",
    "previewUrl": "https://raw.githubusercontent.com/Fullcoordinateprojects/fullcoordinateprojects/refs/heads/main/6/images/Kawaii Wallpaper 33.jpg",
    "categories": "Kawaii Wallpaper",
    "premium": false
  },
  {
    "name": "Kawaii Wallpaper",
    "url": "https://raw.githubusercontent.com/Fullcoordinateprojects/fullcoordinateprojects/refs/heads/main/6/images/Kawaii Wallpaper 34.jpg",
    "previewUrl": "https://raw.githubusercontent.com/Fullcoordinateprojects/fullcoordinateprojects/refs/heads/main/6/images/Kawaii Wallpaper 34.jpg",
    "categories": "Kawaii Wallpaper",
    "premium": false
  },
  {
    "name": "Kawaii Wallpaper",
    "url": "https://raw.githubusercontent.com/Fullcoordinateprojects/fullcoordinateprojects/refs/heads/main/6/images/Kawaii Wallpaper 35.jpg",
    "previewUrl": "https://raw.githubusercontent.com/Fullcoordinateprojects/fullcoordinateprojects/refs/heads/main/6/images/Kawaii Wallpaper 35.jpg",
    "categories": "Kawaii Wallpaper",
    "premium": false
  },
  {
    "name": "Kawaii Wallpaper",
    "url": "https://raw.githubusercontent.com/Fullcoordinateprojects/fullcoordinateprojects/refs/heads/main/6/images/Kawaii Wallpaper 36.jpg",
    "previewUrl": "https://raw.githubusercontent.com/Fullcoordinateprojects/fullcoordinateprojects/refs/heads/main/6/images/Kawaii Wallpaper 36.jpg",
    "categories": "Kawaii Wallpaper",
    "premium": false
  },
  {
    "name": "Kawaii Wallpaper",
    "url": "https://raw.githubusercontent.com/Fullcoordinateprojects/fullcoordinateprojects/refs/heads/main/6/images/Kawaii Wallpaper 37.jpg",
    "previewUrl": "https://raw.githubusercontent.com/Fullcoordinateprojects/fullcoordinateprojects/refs/heads/main/6/images/Kawaii Wallpaper 37.jpg",
    "categories": "Kawaii Wallpaper",
    "premium": false
  },
  {
    "name": "Kawaii Wallpaper",
    "url": "https://raw.githubusercontent.com/Fullcoordinateprojects/fullcoordinateprojects/refs/heads/main/6/images/Kawaii Wallpaper 38.jpg",
    "previewUrl": "https://raw.githubusercontent.com/Fullcoordinateprojects/fullcoordinateprojects/refs/heads/main/6/images/Kawaii Wallpaper 38.jpg",
    "categories": "Kawaii Wallpaper",
    "premium": false
  },
  {
    "name": "Kawaii Wallpaper",
    "url": "https://raw.githubusercontent.com/Fullcoordinateprojects/fullcoordinateprojects/refs/heads/main/6/images/Kawaii Wallpaper 39.jpg",
    "previewUrl": "https://raw.githubusercontent.com/Fullcoordinateprojects/fullcoordinateprojects/refs/heads/main/6/images/Kawaii Wallpaper 39.jpg",
    "categories": "Kawaii Wallpaper",
    "premium": false
  },
  {
    "name": "Kawaii Wallpaper",
    "url": "https://raw.githubusercontent.com/Fullcoordinateprojects/fullcoordinateprojects/refs/heads/main/6/images/Kawaii Wallpaper 40.jpg",
    "previewUrl": "https://raw.githubusercontent.com/Fullcoordinateprojects/fullcoordinateprojects/refs/heads/main/6/images/Kawaii Wallpaper 40.jpg",
    "categories": "Kawaii Wallpaper",
    "premium": false
  },
  {
    "name": "Kawaii Wallpaper",
    "url": "https://raw.githubusercontent.com/Fullcoordinateprojects/fullcoordinateprojects/refs/heads/main/6/images/Kawaii Wallpaper 41.jpg",
    "previewUrl": "https://raw.githubusercontent.com/Fullcoordinateprojects/fullcoordinateprojects/refs/heads/main/6/images/Kawaii Wallpaper 41.jpg",
    "categories": "Kawaii Wallpaper",
    "premium": false
  },
  {
    "name": "Kawaii Wallpaper",
    "url": "https://raw.githubusercontent.com/Fullcoordinateprojects/fullcoordinateprojects/refs/heads/main/6/images/Kawaii Wallpaper 42.jpg",
    "previewUrl": "https://raw.githubusercontent.com/Fullcoordinateprojects/fullcoordinateprojects/refs/heads/main/6/images/Kawaii Wallpaper 42.jpg",
    "categories": "Kawaii Wallpaper",
    "premium": false
  },
  {
    "name": "Kawaii Wallpaper",
    "url": "https://raw.githubusercontent.com/Fullcoordinateprojects/fullcoordinateprojects/refs/heads/main/6/images/Kawaii Wallpaper 43.jpg",
    "previewUrl": "https://raw.githubusercontent.com/Fullcoordinateprojects/fullcoordinateprojects/refs/heads/main/6/images/Kawaii Wallpaper 43.jpg",
    "categories": "Kawaii Wallpaper",
    "premium": false
  },
  {
    "name": "Kawaii Wallpaper",
    "url": "https://raw.githubusercontent.com/Fullcoordinateprojects/fullcoordinateprojects/refs/heads/main/6/images/Kawaii Wallpaper 44.jpg",
    "previewUrl": "https://raw.githubusercontent.com/Fullcoordinateprojects/fullcoordinateprojects/refs/heads/main/6/images/Kawaii Wallpaper 44.jpg",
    "categories": "Kawaii Wallpaper",
    "premium": false
  },
  {
    "name": "Kawaii Wallpaper",
    "url": "https://raw.githubusercontent.com/Fullcoordinateprojects/fullcoordinateprojects/refs/heads/main/6/images/Kawaii Wallpaper 45.jpg",
    "previewUrl": "https://raw.githubusercontent.com/Fullcoordinateprojects/fullcoordinateprojects/refs/heads/main/6/images/Kawaii Wallpaper 45.jpg",
    "categories": "Kawaii Wallpaper",
    "premium": false
  },
  {
    "name": "Kawaii Wallpaper",
    "url": "https://raw.githubusercontent.com/Fullcoordinateprojects/fullcoordinateprojects/refs/heads/main/6/images/Kawaii Wallpaper 46.jpg",
    "previewUrl": "https://raw.githubusercontent.com/Fullcoordinateprojects/fullcoordinateprojects/refs/heads/main/6/images/Kawaii Wallpaper 46.jpg",
    "categories": "Kawaii Wallpaper",
    "premium": false
  },
  {
    "name": "Kawaii Wallpaper",
    "url": "https://raw.githubusercontent.com/Fullcoordinateprojects/fullcoordinateprojects/refs/heads/main/6/images/Kawaii Wallpaper 47.jpg",
    "previewUrl": "https://raw.githubusercontent.com/Fullcoordinateprojects/fullcoordinateprojects/refs/heads/main/6/images/Kawaii Wallpaper 47.jpg",
    "categories": "Kawaii Wallpaper",
    "premium": false
  },
  {
    "name": "Kawaii Wallpaper",
    "url": "https://raw.githubusercontent.com/Fullcoordinateprojects/fullcoordinateprojects/refs/heads/main/6/images/Kawaii Wallpaper 48.jpg",
    "previewUrl": "https://raw.githubusercontent.com/Fullcoordinateprojects/fullcoordinateprojects/refs/heads/main/6/images/Kawaii Wallpaper 48.jpg",
    "categories": "Kawaii Wallpaper",
    "premium": false
  },
  {
    "name": "Kawaii Wallpaper",
    "url": "https://raw.githubusercontent.com/Fullcoordinateprojects/fullcoordinateprojects/refs/heads/main/6/images/Kawaii Wallpaper 49.jpg",
    "previewUrl": "https://raw.githubusercontent.com/Fullcoordinateprojects/fullcoordinateprojects/refs/heads/main/6/images/Kawaii Wallpaper 49.jpg",
    "categories": "Kawaii Wallpaper",
    "premium": false
  },
  {
    "name": "Kawaii Wallpaper",
    "url": "https://raw.githubusercontent.com/Fullcoordinateprojects/fullcoordinateprojects/refs/heads/main/6/images/Kawaii Wallpaper 50.jpg",
    "previewUrl": "https://raw.githubusercontent.com/Fullcoordinateprojects/fullcoordinateprojects/refs/heads/main/6/images/Kawaii Wallpaper 50.jpg",
    "categories": "Kawaii Wallpaper",
    "premium": false
  }
]