[
  {
    "name": "Sport Car Wallpaper",
    "url": "https://raw.githubusercontent.com/Fullcoordinateprojects/fullcoordinateprojects/refs/heads/main/8/images/Sport Car Wallpaper 8.jpg",
    "previewUrl": "https://raw.githubusercontent.com/Fullcoordinateprojects/fullcoordinateprojects/refs/heads/main/8/images/Sport Car Wallpaper 8.jpg",
    "categories": "Sport Car Wallpaper",
    "premium": true
  },
  {
    "name": "Sport Car Wallpaper",
    "url": "https://raw.githubusercontent.com/Fullcoordinateprojects/fullcoordinateprojects/refs/heads/main/8/images/Sport Car Wallpaper 10.jpg",
    "previewUrl": "https://raw.githubusercontent.com/Fullcoordinateprojects/fullcoordinateprojects/refs/heads/main/8/images/Sport Car Wallpaper 10.jpg",
    "categories": "Sport Car Wallpaper",
    "premium": true
  },
  {
    "name": "Sport Car Wallpaper",
    "url": "https://raw.githubusercontent.com/Fullcoordinateprojects/fullcoordinateprojects/refs/heads/main/8/images/Sport Car Wallpaper 11.jpg",
    "previewUrl": "https://raw.githubusercontent.com/Fullcoordinateprojects/fullcoordinateprojects/refs/heads/main/8/images/Sport Car Wallpaper 11.jpg",
    "categories": "Sport Car Wallpaper",
    "premium": true
  },
  {
    "name": "Sport Car Wallpaper",
    "url": "https://raw.githubusercontent.com/Fullcoordinateprojects/fullcoordinateprojects/refs/heads/main/8/images/Sport Car Wallpaper 12.jpg",
    "previewUrl": "https://raw.githubusercontent.com/Fullcoordinateprojects/fullcoordinateprojects/refs/heads/main/8/images/Sport Car Wallpaper 12.jpg",
    "categories": "Sport Car Wallpaper",
    "premium": true
  },
  {
    "name": "Sport Car Wallpaper",
    "url": "https://raw.githubusercontent.com/Fullcoordinateprojects/fullcoordinateprojects/refs/heads/main/8/images/Sport Car Wallpaper 13.jpg",
    "previewUrl": "https://raw.githubusercontent.com/Fullcoordinateprojects/fullcoordinateprojects/refs/heads/main/8/images/Sport Car Wallpaper 13.jpg",
    "categories": "Sport Car Wallpaper",
    "premium": true
  },
  {
    "name": "Sport Car Wallpaper",
    "url": "https://raw.githubusercontent.com/Fullcoordinateprojects/fullcoordinateprojects/refs/heads/main/8/images/Sport Car Wallpaper 15.jpg",
    "previewUrl": "https://raw.githubusercontent.com/Fullcoordinateprojects/fullcoordinateprojects/refs/heads/main/8/images/Sport Car Wallpaper 15.jpg",
    "categories": "Sport Car Wallpaper",
    "premium": true
  },
  {
    "name": "Sport Car Wallpaper",
    "url": "https://raw.githubusercontent.com/Fullcoordinateprojects/fullcoordinateprojects/refs/heads/main/8/images/Sport Car Wallpaper 16.jpg",
    "previewUrl": "https://raw.githubusercontent.com/Fullcoordinateprojects/fullcoordinateprojects/refs/heads/main/8/images/Sport Car Wallpaper 16.jpg",
    "categories": "Sport Car Wallpaper",
    "premium": true
  },
  {
    "name": "Sport Car Wallpaper",
    "url": "https://raw.githubusercontent.com/Fullcoordinateprojects/fullcoordinateprojects/refs/heads/main/8/images/Sport Car Wallpaper 17.jpg",
    "previewUrl": "https://raw.githubusercontent.com/Fullcoordinateprojects/fullcoordinateprojects/refs/heads/main/8/images/Sport Car Wallpaper 17.jpg",
    "categories": "Sport Car Wallpaper",
    "premium": true
  },
  {
    "name": "Sport Car Wallpaper",
    "url": "https://raw.githubusercontent.com/Fullcoordinateprojects/fullcoordinateprojects/refs/heads/main/8/images/Sport Car Wallpaper 18.jpg",
    "previewUrl": "https://raw.githubusercontent.com/Fullcoordinateprojects/fullcoordinateprojects/refs/heads/main/8/images/Sport Car Wallpaper 18.jpg",
    "categories": "Sport Car Wallpaper",
    "premium": true
  },
  {
    "name": "Sport Car Wallpaper",
    "url": "https://raw.githubusercontent.com/Fullcoordinateprojects/fullcoordinateprojects/refs/heads/main/8/images/Sport Car Wallpaper 20.jpg",
    "previewUrl": "https://raw.githubusercontent.com/Fullcoordinateprojects/fullcoordinateprojects/refs/heads/main/8/images/Sport Car Wallpaper 20.jpg",
    "categories": "Sport Car Wallpaper",
    "premium": true
  },
    {
    "name": "Sport Car Wallpaper",
    "url": "https://raw.githubusercontent.com/Fullcoordinateprojects/fullcoordinateprojects/refs/heads/main/8/images/Sport Car Wallpaper 21.jpg",
    "previewUrl": "https://raw.githubusercontent.com/Fullcoordinateprojects/fullcoordinateprojects/refs/heads/main/8/images/Sport Car Wallpaper 21.jpg",
    "categories": "Sport Car Wallpaper",
    "premium": true
  },
  {
    "name": "Sport Car Wallpaper",
    "url": "https://raw.githubusercontent.com/Fullcoordinateprojects/fullcoordinateprojects/refs/heads/main/8/images/Sport Car Wallpaper 1.jpg",
    "previewUrl": "https://raw.githubusercontent.com/Fullcoordinateprojects/fullcoordinateprojects/refs/heads/main/8/images/Sport Car Wallpaper 1.jpg",
    "categories": "Sport Car Wallpaper",
    "premium": true
  },
  {
    "name": "Sport Car Wallpaper",
    "url": "https://raw.githubusercontent.com/Fullcoordinateprojects/fullcoordinateprojects/refs/heads/main/8/images/Sport Car Wallpaper 5.jpg",
    "previewUrl": "https://raw.githubusercontent.com/Fullcoordinateprojects/fullcoordinateprojects/refs/heads/main/8/images/Sport Car Wallpaper 5.jpg",
    "categories": "Sport Car Wallpaper",
    "premium": true
  },
  {
    "name": "Sport Car Wallpaper",
    "url": "https://raw.githubusercontent.com/Fullcoordinateprojects/fullcoordinateprojects/refs/heads/main/8/images/Sport Car Wallpaper 6.jpg",
    "previewUrl": "https://raw.githubusercontent.com/Fullcoordinateprojects/fullcoordinateprojects/refs/heads/main/8/images/Sport Car Wallpaper 6.jpg",
    "categories": "Sport Car Wallpaper",
    "premium": true
  },
  {
    "name": "Sport Car Wallpaper",
    "url": "https://raw.githubusercontent.com/Fullcoordinateprojects/fullcoordinateprojects/refs/heads/main/8/images/Sport Car Wallpaper 22.jpg",
    "previewUrl": "https://raw.githubusercontent.com/Fullcoordinateprojects/fullcoordinateprojects/refs/heads/main/8/images/Sport Car Wallpaper 22.jpg",
    "categories": "Sport Car Wallpaper",
    "premium": true
  },
  {
    "name": "Sport Car Wallpaper",
    "url": "https://raw.githubusercontent.com/Fullcoordinateprojects/fullcoordinateprojects/refs/heads/main/8/images/Sport Car Wallpaper 24.jpg",
    "previewUrl": "https://raw.githubusercontent.com/Fullcoordinateprojects/fullcoordinateprojects/refs/heads/main/8/images/Sport Car Wallpaper 24.jpg",
    "categories": "Sport Car Wallpaper",
    "premium": true
  },
  {
    "name": "Sport Car Wallpaper",
    "url": "https://raw.githubusercontent.com/Fullcoordinateprojects/fullcoordinateprojects/refs/heads/main/8/images/Sport Car Wallpaper 25.jpg",
    "previewUrl": "https://raw.githubusercontent.com/Fullcoordinateprojects/fullcoordinateprojects/refs/heads/main/8/images/Sport Car Wallpaper 25.jpg",
    "categories": "Sport Car Wallpaper",
    "premium": true
  },
  {
    "name": "Sport Car Wallpaper",
    "url": "https://raw.githubusercontent.com/Fullcoordinateprojects/fullcoordinateprojects/refs/heads/main/8/images/Sport Car Wallpaper 26.jpg",
    "previewUrl": "https://raw.githubusercontent.com/Fullcoordinateprojects/fullcoordinateprojects/refs/heads/main/8/images/Sport Car Wallpaper 26.jpg",
    "categories": "Sport Car Wallpaper",
    "premium": true
  },
  {
    "name": "Sport Car Wallpaper",
    "url": "https://raw.githubusercontent.com/Fullcoordinateprojects/fullcoordinateprojects/refs/heads/main/8/images/Sport Car Wallpaper 27.jpg",
    "previewUrl": "https://raw.githubusercontent.com/Fullcoordinateprojects/fullcoordinateprojects/refs/heads/main/8/images/Sport Car Wallpaper 27.jpg",
    "categories": "Sport Car Wallpaper",
    "premium": true
  },
  {
    "name": "Sport Car Wallpaper",
    "url": "https://raw.githubusercontent.com/Fullcoordinateprojects/fullcoordinateprojects/refs/heads/main/8/images/Sport Car Wallpaper 28.jpg",
    "previewUrl": "https://raw.githubusercontent.com/Fullcoordinateprojects/fullcoordinateprojects/refs/heads/main/8/images/Sport Car Wallpaper 28.jpg",
    "categories": "Sport Car Wallpaper",
    "premium": true
  },
  {
    "name": "Sport Car Wallpaper",
    "url": "https://raw.githubusercontent.com/Fullcoordinateprojects/fullcoordinateprojects/refs/heads/main/8/images/Sport Car Wallpaper 30.jpg",
    "previewUrl": "https://raw.githubusercontent.com/Fullcoordinateprojects/fullcoordinateprojects/refs/heads/main/8/images/Sport Car Wallpaper 30.jpg",
    "categories": "Sport Car Wallpaper",
    "premium": true
  },
  {
    "name": "Sport Car Wallpaper",
    "url": "https://raw.githubusercontent.com/Fullcoordinateprojects/fullcoordinateprojects/refs/heads/main/8/images/Sport Car Wallpaper 31.jpg",
    "previewUrl": "https://raw.githubusercontent.com/Fullcoordinateprojects/fullcoordinateprojects/refs/heads/main/8/images/Sport Car Wallpaper 31.jpg",
    "categories": "Sport Car Wallpaper",
    "premium": true
  },
  {
    "name": "Sport Car Wallpaper",
    "url": "https://raw.githubusercontent.com/Fullcoordinateprojects/fullcoordinateprojects/refs/heads/main/8/images/Sport Car Wallpaper 32.jpg",
    "previewUrl": "https://raw.githubusercontent.com/Fullcoordinateprojects/fullcoordinateprojects/refs/heads/main/8/images/Sport Car Wallpaper 32.jpg",
    "categories": "Sport Car Wallpaper",
    "premium": true
  },
  {
    "name": "Sport Car Wallpaper",
    "url": "https://raw.githubusercontent.com/Fullcoordinateprojects/fullcoordinateprojects/refs/heads/main/8/images/Sport Car Wallpaper 34.jpg",
    "previewUrl": "https://raw.githubusercontent.com/Fullcoordinateprojects/fullcoordinateprojects/refs/heads/main/8/images/Sport Car Wallpaper 34.jpg",
    "categories": "Sport Car Wallpaper",
    "premium": true
  },
  {
    "name": "Sport Car Wallpaper",
    "url": "https://raw.githubusercontent.com/Fullcoordinateprojects/fullcoordinateprojects/refs/heads/main/8/images/Sport Car Wallpaper 35.jpg",
    "previewUrl": "https://raw.githubusercontent.com/Fullcoordinateprojects/fullcoordinateprojects/refs/heads/main/8/images/Sport Car Wallpaper 35.jpg",
    "categories": "Sport Car Wallpaper",
    "premium": true
  },
  {
    "name": "Sport Car Wallpaper",
    "url": "https://raw.githubusercontent.com/Fullcoordinateprojects/fullcoordinateprojects/refs/heads/main/8/images/Sport Car Wallpaper 36.jpg",
    "previewUrl": "https://raw.githubusercontent.com/Fullcoordinateprojects/fullcoordinateprojects/refs/heads/main/8/images/Sport Car Wallpaper 36.jpg",
    "categories": "Sport Car Wallpaper",
    "premium": true
  },
  {
    "name": "Sport Car Wallpaper",
    "url": "https://raw.githubusercontent.com/Fullcoordinateprojects/fullcoordinateprojects/refs/heads/main/8/images/Sport Car Wallpaper 37.jpg",
    "previewUrl": "https://raw.githubusercontent.com/Fullcoordinateprojects/fullcoordinateprojects/refs/heads/main/8/images/Sport Car Wallpaper 37.jpg",
    "categories": "Sport Car Wallpaper",
    "premium": true
  },
  {
    "name": "Sport Car Wallpaper",
    "url": "https://raw.githubusercontent.com/Fullcoordinateprojects/fullcoordinateprojects/refs/heads/main/8/images/Sport Car Wallpaper 38.jpg",
    "previewUrl": "https://raw.githubusercontent.com/Fullcoordinateprojects/fullcoordinateprojects/refs/heads/main/8/images/Sport Car Wallpaper 38.jpg",
    "categories": "Sport Car Wallpaper",
    "premium": true
  },
  {
    "name": "Sport Car Wallpaper",
    "url": "https://raw.githubusercontent.com/Fullcoordinateprojects/fullcoordinateprojects/refs/heads/main/8/images/Sport Car Wallpaper 39.jpg",
    "previewUrl": "https://raw.githubusercontent.com/Fullcoordinateprojects/fullcoordinateprojects/refs/heads/main/8/images/Sport Car Wallpaper 39.jpg",
    "categories": "Sport Car Wallpaper",
    "premium": true
  },
  {
    "name": "Sport Car Wallpaper",
    "url": "https://raw.githubusercontent.com/Fullcoordinateprojects/fullcoordinateprojects/refs/heads/main/8/images/Sport Car Wallpaper 41.jpg",
    "previewUrl": "https://raw.githubusercontent.com/Fullcoordinateprojects/fullcoordinateprojects/refs/heads/main/8/images/Sport Car Wallpaper 41.jpg",
    "categories": "Sport Car Wallpaper",
    "premium": true
  },
  {
    "name": "Sport Car Wallpaper",
    "url": "https://raw.githubusercontent.com/Fullcoordinateprojects/fullcoordinateprojects/refs/heads/main/8/images/Sport Car Wallpaper 43.jpg",
    "previewUrl": "https://raw.githubusercontent.com/Fullcoordinateprojects/fullcoordinateprojects/refs/heads/main/8/images/Sport Car Wallpaper 43.jpg",
    "categories": "Sport Car Wallpaper",
    "premium": true
  },
  {
    "name": "Sport Car Wallpaper",
    "url": "https://raw.githubusercontent.com/Fullcoordinateprojects/fullcoordinateprojects/refs/heads/main/8/images/Sport Car Wallpaper 44.jpg",
    "previewUrl": "https://raw.githubusercontent.com/Fullcoordinateprojects/fullcoordinateprojects/refs/heads/main/8/images/Sport Car Wallpaper 44.jpg",
    "categories": "Sport Car Wallpaper",
    "premium": true
  },
  {
    "name": "Sport Car Wallpaper",
    "url": "https://raw.githubusercontent.com/Fullcoordinateprojects/fullcoordinateprojects/refs/heads/main/8/images/Sport Car Wallpaper 45.jpg",
    "previewUrl": "https://raw.githubusercontent.com/Fullcoordinateprojects/fullcoordinateprojects/refs/heads/main/8/images/Sport Car Wallpaper 45.jpg",
    "categories": "Sport Car Wallpaper",
    "premium": true
  },
  {
    "name": "Sport Car Wallpaper",
    "url": "https://raw.githubusercontent.com/Fullcoordinateprojects/fullcoordinateprojects/refs/heads/main/8/images/Sport Car Wallpaper 46.jpg",
    "previewUrl": "https://raw.githubusercontent.com/Fullcoordinateprojects/fullcoordinateprojects/refs/heads/main/8/images/Sport Car Wallpaper 46.jpg",
    "categories": "Sport Car Wallpaper",
    "premium": true
  },
  {
    "name": "Sport Car Wallpaper",
    "url": "https://raw.githubusercontent.com/Fullcoordinateprojects/fullcoordinateprojects/refs/heads/main/8/images/Sport Car Wallpaper 47.jpg",
    "previewUrl": "https://raw.githubusercontent.com/Fullcoordinateprojects/fullcoordinateprojects/refs/heads/main/8/images/Sport Car Wallpaper 47.jpg",
    "categories": "Sport Car Wallpaper",
    "premium": true
  },
  {
    "name": "Sport Car Wallpaper",
    "url": "https://raw.githubusercontent.com/Fullcoordinateprojects/fullcoordinateprojects/refs/heads/main/8/images/Sport Car Wallpaper 48.jpg",
    "previewUrl": "https://raw.githubusercontent.com/Fullcoordinateprojects/fullcoordinateprojects/refs/heads/main/8/images/Sport Car Wallpaper 48.jpg",
    "categories": "Sport Car Wallpaper",
    "premium": true
  },
  {
    "name": "Sport Car Wallpaper",
    "url": "https://raw.githubusercontent.com/Fullcoordinateprojects/fullcoordinateprojects/refs/heads/main/8/images/Sport Car Wallpaper 49.jpg",
    "previewUrl": "https://raw.githubusercontent.com/Fullcoordinateprojects/fullcoordinateprojects/refs/heads/main/8/images/Sport Car Wallpaper 49.jpg",
    "categories": "Sport Car Wallpaper",
    "premium": true
  },
  {
    "name": "Sport Car Wallpaper",
    "url": "https://raw.githubusercontent.com/Fullcoordinateprojects/fullcoordinateprojects/refs/heads/main/8/images/Sport Car Wallpaper 50.jpg",
    "previewUrl": "https://raw.githubusercontent.com/Fullcoordinateprojects/fullcoordinateprojects/refs/heads/main/8/images/Sport Car Wallpaper 50.jpg",
    "categories": "Sport Car Wallpaper",
    "premium": true
  }
]