[
  {
    "name": "Sport Car Wallpaper",
    "url": "https://raw.githubusercontent.com/Fullcoordinateprojects/fullcoordinateprojects/refs/heads/main/6/images/Sport Car Wallpaper 7.JPG",
    "previewUrl": "https://raw.githubusercontent.com/Fullcoordinateprojects/fullcoordinateprojects/refs/heads/main/6/images/Sport Car Wallpaper 7.JPG",
    "categories": "Sport Car Wallpaper",
    "premium": true
  },
  {
    "name": "Sport Car Wallpaper",
    "url": "https://raw.githubusercontent.com/Fullcoordinateprojects/fullcoordinateprojects/refs/heads/main/6/images/Sport Car Wallpaper 8.JPG",
    "previewUrl": "https://raw.githubusercontent.com/Fullcoordinateprojects/fullcoordinateprojects/refs/heads/main/6/images/Sport Car Wallpaper 8.JPG",
    "categories": "Sport Car Wallpaper",
    "premium": true
  },
  {
    "name": "Sport Car Wallpaper",
    "url": "https://raw.githubusercontent.com/Fullcoordinateprojects/fullcoordinateprojects/refs/heads/main/6/images/Sport Car Wallpaper 9.JPG",
    "previewUrl": "https://raw.githubusercontent.com/Fullcoordinateprojects/fullcoordinateprojects/refs/heads/main/6/images/Sport Car Wallpaper 9.JPG",
    "categories": "Sport Car Wallpaper",
    "premium": true
  },
  {
    "name": "Sport Car Wallpaper",
    "url": "https://raw.githubusercontent.com/Fullcoordinateprojects/fullcoordinateprojects/refs/heads/main/6/images/Sport Car Wallpaper 10.JPG",
    "previewUrl": "https://raw.githubusercontent.com/Fullcoordinateprojects/fullcoordinateprojects/refs/heads/main/6/images/Sport Car Wallpaper 10.JPG",
    "categories": "Sport Car Wallpaper",
    "premium": true
  },
  {
    "name": "Sport Car Wallpaper",
    "url": "https://raw.githubusercontent.com/Fullcoordinateprojects/fullcoordinateprojects/refs/heads/main/6/images/Sport Car Wallpaper 11.JPG",
    "previewUrl": "https://raw.githubusercontent.com/Fullcoordinateprojects/fullcoordinateprojects/refs/heads/main/6/images/Sport Car Wallpaper 11.JPG",
    "categories": "Sport Car Wallpaper",
    "premium": true
  },
  {
    "name": "Sport Car Wallpaper",
    "url": "https://raw.githubusercontent.com/Fullcoordinateprojects/fullcoordinateprojects/refs/heads/main/6/images/Sport Car Wallpaper 12.JPG",
    "previewUrl": "https://raw.githubusercontent.com/Fullcoordinateprojects/fullcoordinateprojects/refs/heads/main/6/images/Sport Car Wallpaper 12.JPG",
    "categories": "Sport Car Wallpaper",
    "premium": true
  },
  {
    "name": "Sport Car Wallpaper",
    "url": "https://raw.githubusercontent.com/Fullcoordinateprojects/fullcoordinateprojects/refs/heads/main/6/images/Sport Car Wallpaper 13.JPG",
    "previewUrl": "https://raw.githubusercontent.com/Fullcoordinateprojects/fullcoordinateprojects/refs/heads/main/6/images/Sport Car Wallpaper 13.JPG",
    "categories": "Sport Car Wallpaper",
    "premium": true
  },
  {
    "name": "Sport Car Wallpaper",
    "url": "https://raw.githubusercontent.com/Fullcoordinateprojects/fullcoordinateprojects/refs/heads/main/6/images/Sport Car Wallpaper 14.JPG",
    "previewUrl": "https://raw.githubusercontent.com/Fullcoordinateprojects/fullcoordinateprojects/refs/heads/main/6/images/Sport Car Wallpaper 14.JPG",
    "categories": "Sport Car Wallpaper",
    "premium": true
  },
  {
    "name": "Sport Car Wallpaper",
    "url": "https://raw.githubusercontent.com/Fullcoordinateprojects/fullcoordinateprojects/refs/heads/main/6/images/Sport Car Wallpaper 15.JPG",
    "previewUrl": "https://raw.githubusercontent.com/Fullcoordinateprojects/fullcoordinateprojects/refs/heads/main/6/images/Sport Car Wallpaper 15.JPG",
    "categories": "Sport Car Wallpaper",
    "premium": true
  },
  {
    "name": "Sport Car Wallpaper",
    "url": "https://raw.githubusercontent.com/Fullcoordinateprojects/fullcoordinateprojects/refs/heads/main/6/images/Sport Car Wallpaper 16.JPG",
    "previewUrl": "https://raw.githubusercontent.com/Fullcoordinateprojects/fullcoordinateprojects/refs/heads/main/6/images/Sport Car Wallpaper 16.JPG",
    "categories": "Sport Car Wallpaper",
    "premium": true
  },
  {
    "name": "Sport Car Wallpaper",
    "url": "https://raw.githubusercontent.com/Fullcoordinateprojects/fullcoordinateprojects/refs/heads/main/6/images/Sport Car Wallpaper 3.JPG",
    "previewUrl": "https://raw.githubusercontent.com/Fullcoordinateprojects/fullcoordinateprojects/refs/heads/main/6/images/Sport Car Wallpaper 3.JPG",
    "categories": "Sport Car Wallpaper",
    "premium": true
  },
  {
    "name": "Sport Car Wallpaper",
    "url": "https://raw.githubusercontent.com/Fullcoordinateprojects/fullcoordinateprojects/refs/heads/main/6/images/Sport Car Wallpaper 17.JPG",
    "previewUrl": "https://raw.githubusercontent.com/Fullcoordinateprojects/fullcoordinateprojects/refs/heads/main/6/images/Sport Car Wallpaper 17.JPG",
    "categories": "Sport Car Wallpaper",
    "premium": true
  },
  {
    "name": "Sport Car Wallpaper",
    "url": "https://raw.githubusercontent.com/Fullcoordinateprojects/fullcoordinateprojects/refs/heads/main/6/images/Sport Car Wallpaper 18.JPG",
    "previewUrl": "https://raw.githubusercontent.com/Fullcoordinateprojects/fullcoordinateprojects/refs/heads/main/6/images/Sport Car Wallpaper 18.JPG",
    "categories": "Sport Car Wallpaper",
    "premium": true
  },
  {
    "name": "Sport Car Wallpaper",
    "url": "https://raw.githubusercontent.com/Fullcoordinateprojects/fullcoordinateprojects/refs/heads/main/6/images/Sport Car Wallpaper 19.JPG",
    "previewUrl": "https://raw.githubusercontent.com/Fullcoordinateprojects/fullcoordinateprojects/refs/heads/main/6/images/Sport Car Wallpaper 19.JPG",
    "categories": "Sport Car Wallpaper",
    "premium": true
  },
  {
    "name": "Sport Car Wallpaper",
    "url": "https://raw.githubusercontent.com/Fullcoordinateprojects/fullcoordinateprojects/refs/heads/main/6/images/Sport Car Wallpaper 20.JPG",
    "previewUrl": "https://raw.githubusercontent.com/Fullcoordinateprojects/fullcoordinateprojects/refs/heads/main/6/images/Sport Car Wallpaper 20.JPG",
    "categories": "Sport Car Wallpaper",
    "premium": true
  },
    {
    "name": "Sport Car Wallpaper",
    "url": "https://raw.githubusercontent.com/Fullcoordinateprojects/fullcoordinateprojects/refs/heads/main/6/images/Sport Car Wallpaper 21.JPG",
    "previewUrl": "https://raw.githubusercontent.com/Fullcoordinateprojects/fullcoordinateprojects/refs/heads/main/6/images/Sport Car Wallpaper 21.JPG",
    "categories": "Sport Car Wallpaper",
    "premium": true
  },
  {
    "name": "Sport Car Wallpaper",
    "url": "https://raw.githubusercontent.com/Fullcoordinateprojects/fullcoordinateprojects/refs/heads/main/6/images/Sport Car Wallpaper 1.JPG",
    "previewUrl": "https://raw.githubusercontent.com/Fullcoordinateprojects/fullcoordinateprojects/refs/heads/main/6/images/Sport Car Wallpaper 1.JPG",
    "categories": "Sport Car Wallpaper",
    "premium": true
  },
  {
    "name": "Sport Car Wallpaper",
    "url": "https://raw.githubusercontent.com/Fullcoordinateprojects/fullcoordinateprojects/refs/heads/main/6/images/Sport Car Wallpaper 2.JPG",
    "previewUrl": "https://raw.githubusercontent.com/Fullcoordinateprojects/fullcoordinateprojects/refs/heads/main/6/images/Sport Car Wallpaper 2.JPG",
    "categories": "Sport Car Wallpaper",
    "premium": true
  },
  {
    "name": "Sport Car Wallpaper",
    "url": "https://raw.githubusercontent.com/Fullcoordinateprojects/fullcoordinateprojects/refs/heads/main/6/images/Sport Car Wallpaper 4.JPG",
    "previewUrl": "https://raw.githubusercontent.com/Fullcoordinateprojects/fullcoordinateprojects/refs/heads/main/6/images/Sport Car Wallpaper 4.JPG",
    "categories": "Sport Car Wallpaper",
    "premium": true
  },
  {
    "name": "Sport Car Wallpaper",
    "url": "https://raw.githubusercontent.com/Fullcoordinateprojects/fullcoordinateprojects/refs/heads/main/6/images/Sport Car Wallpaper 5.JPG",
    "previewUrl": "https://raw.githubusercontent.com/Fullcoordinateprojects/fullcoordinateprojects/refs/heads/main/6/images/Sport Car Wallpaper 5.JPG",
    "categories": "Sport Car Wallpaper",
    "premium": true
  },
  {
    "name": "Sport Car Wallpaper",
    "url": "https://raw.githubusercontent.com/Fullcoordinateprojects/fullcoordinateprojects/refs/heads/main/6/images/Sport Car Wallpaper 6.JPG",
    "previewUrl": "https://raw.githubusercontent.com/Fullcoordinateprojects/fullcoordinateprojects/refs/heads/main/6/images/Sport Car Wallpaper 6.JPG",
    "categories": "Sport Car Wallpaper",
    "premium": true
  },
  {
    "name": "Sport Car Wallpaper",
    "url": "https://raw.githubusercontent.com/Fullcoordinateprojects/fullcoordinateprojects/refs/heads/main/6/images/Sport Car Wallpaper 22.JPG",
    "previewUrl": "https://raw.githubusercontent.com/Fullcoordinateprojects/fullcoordinateprojects/refs/heads/main/6/images/Sport Car Wallpaper 22.JPG",
    "categories": "Sport Car Wallpaper",
    "premium": true
  },
  {
    "name": "Sport Car Wallpaper",
    "url": "https://raw.githubusercontent.com/Fullcoordinateprojects/fullcoordinateprojects/refs/heads/main/6/images/Sport Car Wallpaper 23.JPG",
    "previewUrl": "https://raw.githubusercontent.com/Fullcoordinateprojects/fullcoordinateprojects/refs/heads/main/6/images/Sport Car Wallpaper 23.JPG",
    "categories": "Sport Car Wallpaper",
    "premium": true
  },
  {
    "name": "Sport Car Wallpaper",
    "url": "https://raw.githubusercontent.com/Fullcoordinateprojects/fullcoordinateprojects/refs/heads/main/6/images/Sport Car Wallpaper 24.JPG",
    "previewUrl": "https://raw.githubusercontent.com/Fullcoordinateprojects/fullcoordinateprojects/refs/heads/main/6/images/Sport Car Wallpaper 24.JPG",
    "categories": "Sport Car Wallpaper",
    "premium": true
  },
  {
    "name": "Sport Car Wallpaper",
    "url": "https://raw.githubusercontent.com/Fullcoordinateprojects/fullcoordinateprojects/refs/heads/main/6/images/Sport Car Wallpaper 25.JPG",
    "previewUrl": "https://raw.githubusercontent.com/Fullcoordinateprojects/fullcoordinateprojects/refs/heads/main/6/images/Sport Car Wallpaper 25.JPG",
    "categories": "Sport Car Wallpaper",
    "premium": true
  },
  {
    "name": "Sport Car Wallpaper",
    "url": "https://raw.githubusercontent.com/Fullcoordinateprojects/fullcoordinateprojects/refs/heads/main/6/images/Sport Car Wallpaper 26.JPG",
    "previewUrl": "https://raw.githubusercontent.com/Fullcoordinateprojects/fullcoordinateprojects/refs/heads/main/6/images/Sport Car Wallpaper 26.JPG",
    "categories": "Sport Car Wallpaper",
    "premium": true
  },
  {
    "name": "Sport Car Wallpaper",
    "url": "https://raw.githubusercontent.com/Fullcoordinateprojects/fullcoordinateprojects/refs/heads/main/6/images/Sport Car Wallpaper 27.JPG",
    "previewUrl": "https://raw.githubusercontent.com/Fullcoordinateprojects/fullcoordinateprojects/refs/heads/main/6/images/Sport Car Wallpaper 27.JPG",
    "categories": "Sport Car Wallpaper",
    "premium": true
  },
  {
    "name": "Sport Car Wallpaper",
    "url": "https://raw.githubusercontent.com/Fullcoordinateprojects/fullcoordinateprojects/refs/heads/main/6/images/Sport Car Wallpaper 28.JPG",
    "previewUrl": "https://raw.githubusercontent.com/Fullcoordinateprojects/fullcoordinateprojects/refs/heads/main/6/images/Sport Car Wallpaper 28.JPG",
    "categories": "Sport Car Wallpaper",
    "premium": true
  },
  {
    "name": "Sport Car Wallpaper",
    "url": "https://raw.githubusercontent.com/Fullcoordinateprojects/fullcoordinateprojects/refs/heads/main/6/images/Sport Car Wallpaper 29.JPG",
    "previewUrl": "https://raw.githubusercontent.com/Fullcoordinateprojects/fullcoordinateprojects/refs/heads/main/6/images/Sport Car Wallpaper 29.JPG",
    "categories": "Sport Car Wallpaper",
    "premium": true
  },
  {
    "name": "Sport Car Wallpaper",
    "url": "https://raw.githubusercontent.com/Fullcoordinateprojects/fullcoordinateprojects/refs/heads/main/6/images/Sport Car Wallpaper 30.jpg",
    "previewUrl": "https://raw.githubusercontent.com/Fullcoordinateprojects/fullcoordinateprojects/refs/heads/main/6/images/Sport Car Wallpaper 30.jpg",
    "categories": "Sport Car Wallpaper",
    "premium": true
  },
  {
    "name": "Sport Car Wallpaper",
    "url": "https://raw.githubusercontent.com/Fullcoordinateprojects/fullcoordinateprojects/refs/heads/main/6/images/Sport Car Wallpaper 31.JPG",
    "previewUrl": "https://raw.githubusercontent.com/Fullcoordinateprojects/fullcoordinateprojects/refs/heads/main/6/images/Sport Car Wallpaper 31.JPG",
    "categories": "Sport Car Wallpaper",
    "premium": true
  },
  {
    "name": "Sport Car Wallpaper",
    "url": "https://raw.githubusercontent.com/Fullcoordinateprojects/fullcoordinateprojects/refs/heads/main/6/images/Sport Car Wallpaper 32.JPG",
    "previewUrl": "https://raw.githubusercontent.com/Fullcoordinateprojects/fullcoordinateprojects/refs/heads/main/6/images/Sport Car Wallpaper 32.JPG",
    "categories": "Sport Car Wallpaper",
    "premium": true
  },
  {
    "name": "Sport Car Wallpaper",
    "url": "https://raw.githubusercontent.com/Fullcoordinateprojects/fullcoordinateprojects/refs/heads/main/6/images/Sport Car Wallpaper 33.JPG",
    "previewUrl": "https://raw.githubusercontent.com/Fullcoordinateprojects/fullcoordinateprojects/refs/heads/main/6/images/Sport Car Wallpaper 33.JPG",
    "categories": "Sport Car Wallpaper",
    "premium": true
  },
  {
    "name": "Sport Car Wallpaper",
    "url": "https://raw.githubusercontent.com/Fullcoordinateprojects/fullcoordinateprojects/refs/heads/main/6/images/Sport Car Wallpaper 34.JPG",
    "previewUrl": "https://raw.githubusercontent.com/Fullcoordinateprojects/fullcoordinateprojects/refs/heads/main/6/images/Sport Car Wallpaper 34.JPG",
    "categories": "Sport Car Wallpaper",
    "premium": true
  },
  {
    "name": "Sport Car Wallpaper",
    "url": "https://raw.githubusercontent.com/Fullcoordinateprojects/fullcoordinateprojects/refs/heads/main/6/images/Sport Car Wallpaper 35.JPG",
    "previewUrl": "https://raw.githubusercontent.com/Fullcoordinateprojects/fullcoordinateprojects/refs/heads/main/6/images/Sport Car Wallpaper 35.JPG",
    "categories": "Sport Car Wallpaper",
    "premium": true
  },
  {
    "name": "Sport Car Wallpaper",
    "url": "https://raw.githubusercontent.com/Fullcoordinateprojects/fullcoordinateprojects/refs/heads/main/6/images/Sport Car Wallpaper 36.JPG",
    "previewUrl": "https://raw.githubusercontent.com/Fullcoordinateprojects/fullcoordinateprojects/refs/heads/main/6/images/Sport Car Wallpaper 36.JPG",
    "categories": "Sport Car Wallpaper",
    "premium": true
  },
  {
    "name": "Sport Car Wallpaper",
    "url": "https://raw.githubusercontent.com/Fullcoordinateprojects/fullcoordinateprojects/refs/heads/main/6/images/Sport Car Wallpaper 37.JPG",
    "previewUrl": "https://raw.githubusercontent.com/Fullcoordinateprojects/fullcoordinateprojects/refs/heads/main/6/images/Sport Car Wallpaper 37.JPG",
    "categories": "Sport Car Wallpaper",
    "premium": true
  },
  {
    "name": "Sport Car Wallpaper",
    "url": "https://raw.githubusercontent.com/Fullcoordinateprojects/fullcoordinateprojects/refs/heads/main/6/images/Sport Car Wallpaper 38.JPG",
    "previewUrl": "https://raw.githubusercontent.com/Fullcoordinateprojects/fullcoordinateprojects/refs/heads/main/6/images/Sport Car Wallpaper 38.JPG",
    "categories": "Sport Car Wallpaper",
    "premium": true
  },
  {
    "name": "Sport Car Wallpaper",
    "url": "https://raw.githubusercontent.com/Fullcoordinateprojects/fullcoordinateprojects/refs/heads/main/6/images/Sport Car Wallpaper 39.JPG",
    "previewUrl": "https://raw.githubusercontent.com/Fullcoordinateprojects/fullcoordinateprojects/refs/heads/main/6/images/Sport Car Wallpaper 39.JPG",
    "categories": "Sport Car Wallpaper",
    "premium": true
  },
  {
    "name": "Sport Car Wallpaper",
    "url": "https://raw.githubusercontent.com/Fullcoordinateprojects/fullcoordinateprojects/refs/heads/main/6/images/Sport Car Wallpaper 40.jpg",
    "previewUrl": "https://raw.githubusercontent.com/Fullcoordinateprojects/fullcoordinateprojects/refs/heads/main/6/images/Sport Car Wallpaper 40.jpg",
    "categories": "Sport Car Wallpaper",
    "premium": true
  },
  {
    "name": "Sport Car Wallpaper",
    "url": "https://raw.githubusercontent.com/Fullcoordinateprojects/fullcoordinateprojects/refs/heads/main/6/images/Sport Car Wallpaper 41.JPG",
    "previewUrl": "https://raw.githubusercontent.com/Fullcoordinateprojects/fullcoordinateprojects/refs/heads/main/6/images/Sport Car Wallpaper 41.JPG",
    "categories": "Sport Car Wallpaper",
    "premium": true
  },
  {
    "name": "Sport Car Wallpaper",
    "url": "https://raw.githubusercontent.com/Fullcoordinateprojects/fullcoordinateprojects/refs/heads/main/6/images/Sport Car Wallpaper 42.JPG",
    "previewUrl": "https://raw.githubusercontent.com/Fullcoordinateprojects/fullcoordinateprojects/refs/heads/main/6/images/Sport Car Wallpaper 42.JPG",
    "categories": "Sport Car Wallpaper",
    "premium": true
  },
  {
    "name": "Sport Car Wallpaper",
    "url": "https://raw.githubusercontent.com/Fullcoordinateprojects/fullcoordinateprojects/refs/heads/main/6/images/Sport Car Wallpaper 43.JPG",
    "previewUrl": "https://raw.githubusercontent.com/Fullcoordinateprojects/fullcoordinateprojects/refs/heads/main/6/images/Sport Car Wallpaper 43.JPG",
    "categories": "Sport Car Wallpaper",
    "premium": true
  },
  {
    "name": "Sport Car Wallpaper",
    "url": "https://raw.githubusercontent.com/Fullcoordinateprojects/fullcoordinateprojects/refs/heads/main/6/images/Sport Car Wallpaper 44.JPG",
    "previewUrl": "https://raw.githubusercontent.com/Fullcoordinateprojects/fullcoordinateprojects/refs/heads/main/6/images/Sport Car Wallpaper 44.JPG",
    "categories": "Sport Car Wallpaper",
    "premium": true
  },
  {
    "name": "Sport Car Wallpaper",
    "url": "https://raw.githubusercontent.com/Fullcoordinateprojects/fullcoordinateprojects/refs/heads/main/6/images/Sport Car Wallpaper 45.JPG",
    "previewUrl": "https://raw.githubusercontent.com/Fullcoordinateprojects/fullcoordinateprojects/refs/heads/main/6/images/Sport Car Wallpaper 45.JPG",
    "categories": "Sport Car Wallpaper",
    "premium": true
  },
  {
    "name": "Sport Car Wallpaper",
    "url": "https://raw.githubusercontent.com/Fullcoordinateprojects/fullcoordinateprojects/refs/heads/main/6/images/Sport Car Wallpaper 46.JPG",
    "previewUrl": "https://raw.githubusercontent.com/Fullcoordinateprojects/fullcoordinateprojects/refs/heads/main/6/images/Sport Car Wallpaper 46.JPG",
    "categories": "Sport Car Wallpaper",
    "premium": true
  },
  {
    "name": "Sport Car Wallpaper",
    "url": "https://raw.githubusercontent.com/Fullcoordinateprojects/fullcoordinateprojects/refs/heads/main/6/images/Sport Car Wallpaper 47.jpg",
    "previewUrl": "https://raw.githubusercontent.com/Fullcoordinateprojects/fullcoordinateprojects/refs/heads/main/6/images/Sport Car Wallpaper 47.jpg",
    "categories": "Sport Car Wallpaper",
    "premium": true
  },
  {
    "name": "Sport Car Wallpaper",
    "url": "https://raw.githubusercontent.com/Fullcoordinateprojects/fullcoordinateprojects/refs/heads/main/6/images/Sport Car Wallpaper 48.jpg",
    "previewUrl": "https://raw.githubusercontent.com/Fullcoordinateprojects/fullcoordinateprojects/refs/heads/main/6/images/Sport Car Wallpaper 48.jpg",
    "categories": "Sport Car Wallpaper",
    "premium": true
  },
  {
    "name": "Sport Car Wallpaper",
    "url": "https://raw.githubusercontent.com/Fullcoordinateprojects/fullcoordinateprojects/refs/heads/main/6/images/Sport Car Wallpaper 49.JPG",
    "previewUrl": "https://raw.githubusercontent.com/Fullcoordinateprojects/fullcoordinateprojects/refs/heads/main/6/images/Sport Car Wallpaper 49.JPG",
    "categories": "Sport Car Wallpaper",
    "premium": true
  },
  {
    "name": "Sport Car Wallpaper",
    "url": "https://raw.githubusercontent.com/Fullcoordinateprojects/fullcoordinateprojects/refs/heads/main/6/images/Sport Car Wallpaper 50.jpg",
    "previewUrl": "https://raw.githubusercontent.com/Fullcoordinateprojects/fullcoordinateprojects/refs/heads/main/6/images/Sport Car Wallpaper 50.jpg",
    "categories": "Sport Car Wallpaper",
    "premium": true
  }
]