[
  {
    "name": "Wishes Card",
    "url": "https://raw.githubusercontent.com/Fullcoordinateprojects/fullcoordinateprojects/refs/heads/main/1/1.JPG",
    "previewUrl": "https://raw.githubusercontent.com/Fullcoordinateprojects/fullcoordinateprojects/refs/heads/main/1/1.JPG",
    "categories": "Wishes Card",
    "premium": false
  },
  {
    "name": "Wishes Card",
    "url": "https://raw.githubusercontent.com/Fullcoordinateprojects/fullcoordinateprojects/refs/heads/main/1/2.JPG",
    "previewUrl": "https://raw.githubusercontent.com/Fullcoordinateprojects/fullcoordinateprojects/refs/heads/main/1/2.JPG",
    "categories": "Wishes Card",
    "premium": false
  },
  {
    "name": "Wishes Card",
    "url": "https://raw.githubusercontent.com/Fullcoordinateprojects/fullcoordinateprojects/refs/heads/main/1/3.JPG",
    "previewUrl": "https://raw.githubusercontent.com/Fullcoordinateprojects/fullcoordinateprojects/refs/heads/main/1/3.JPG",
    "categories": "Wishes Card",
    "premium": false
  },
  {
    "name": "Wishes Card",
    "url": "https://raw.githubusercontent.com/Fullcoordinateprojects/fullcoordinateprojects/refs/heads/main/1/4.JPG",
    "previewUrl": "https://raw.githubusercontent.com/Fullcoordinateprojects/fullcoordinateprojects/refs/heads/main/1/4.JPG",
    "categories": "Wishes Card",
    "premium": false
  },
  {
    "name": "Wishes Card",
    "url": "https://raw.githubusercontent.com/Fullcoordinateprojects/fullcoordinateprojects/refs/heads/main/1/5.JPG",
    "previewUrl": "https://raw.githubusercontent.com/Fullcoordinateprojects/fullcoordinateprojects/refs/heads/main/1/5.JPG",
    "categories": "Wishes Card",
    "premium": false
  },
  {
    "name": "Wishes Card",
    "url": "https://raw.githubusercontent.com/Fullcoordinateprojects/fullcoordinateprojects/refs/heads/main/1/6.JPG",
    "previewUrl": "https://raw.githubusercontent.com/Fullcoordinateprojects/fullcoordinateprojects/refs/heads/main/1/6.JPG",
    "categories": "Wishes Card",
    "premium": false
  },
  {
    "name": "Wishes Card",
    "url": "https://raw.githubusercontent.com/Fullcoordinateprojects/fullcoordinateprojects/refs/heads/main/1/7.JPG",
    "previewUrl": "https://raw.githubusercontent.com/Fullcoordinateprojects/fullcoordinateprojects/refs/heads/main/1/7.JPG",
    "categories": "Wishes Card",
    "premium": false
  },
  {
    "name": "Wishes Card",
    "url": "https://raw.githubusercontent.com/Fullcoordinateprojects/fullcoordinateprojects/refs/heads/main/1/8.JPG",
    "previewUrl": "https://raw.githubusercontent.com/Fullcoordinateprojects/fullcoordinateprojects/refs/heads/main/1/8.JPG",
    "categories": "Wishes Card",
    "premium": false
  },
  {
    "name": "Wishes Card",
    "url": "https://raw.githubusercontent.com/Fullcoordinateprojects/fullcoordinateprojects/refs/heads/main/1/9.JPG",
    "previewUrl": "https://raw.githubusercontent.com/Fullcoordinateprojects/fullcoordinateprojects/refs/heads/main/1/9.JPG",
    "categories": "Wishes Card",
    "premium": false
  },
  {
    "name": "Wishes Card",
    "url": "https://raw.githubusercontent.com/Fullcoordinateprojects/fullcoordinateprojects/refs/heads/main/1/10.JPG",
    "previewUrl": "https://raw.githubusercontent.com/Fullcoordinateprojects/fullcoordinateprojects/refs/heads/main/1/10.JPG",
    "categories": "Wishes Card",
    "premium": false
  },
  {
    "name": "Wishes Card",
    "url": "https://raw.githubusercontent.com/Fullcoordinateprojects/fullcoordinateprojects/refs/heads/main/1/11.JPG",
    "previewUrl": "https://raw.githubusercontent.com/Fullcoordinateprojects/fullcoordinateprojects/refs/heads/main/1/11.JPG",
    "categories": "Wishes Card",
    "premium": false
  },
  {
    "name": "Wishes Card",
    "url": "https://raw.githubusercontent.com/Fullcoordinateprojects/fullcoordinateprojects/refs/heads/main/1/12.JPG",
    "previewUrl": "https://raw.githubusercontent.com/Fullcoordinateprojects/fullcoordinateprojects/refs/heads/main/1/12.JPG",
    "categories": "Wishes Card",
    "premium": false
  }
]