[
  {
    "name": "Wishes Card",
    "url": "https://raw.githubusercontent.com/Fullcoordinateprojects/fullcoordinateprojects/refs/heads/main/1/1.jpg",
    "previewUrl": "https://raw.githubusercontent.com/Fullcoordinateprojects/fullcoordinateprojects/refs/heads/main/1/1.jpg",
    "categories": "Wishes Card",
    "premium": false
  },
  {
    "name": "Wishes Card",
    "url": "https://raw.githubusercontent.com/Fullcoordinateprojects/fullcoordinateprojects/refs/heads/main/1/2.jpg",
    "previewUrl": "https://raw.githubusercontent.com/Fullcoordinateprojects/fullcoordinateprojects/refs/heads/main/1/2.jpg",
    "categories": "Wishes Card",
    "premium": false
  },
  {
    "name": "Wishes Card",
    "url": "https://raw.githubusercontent.com/Fullcoordinateprojects/fullcoordinateprojects/refs/heads/main/1/3.jpg",
    "previewUrl": "https://raw.githubusercontent.com/Fullcoordinateprojects/fullcoordinateprojects/refs/heads/main/1/3.jpg",
    "categories": "Wishes Card",
    "premium": false
  },
  {
    "name": "Wishes Card",
    "url": "https://raw.githubusercontent.com/Fullcoordinateprojects/fullcoordinateprojects/refs/heads/main/1/4.jpg",
    "previewUrl": "https://raw.githubusercontent.com/Fullcoordinateprojects/fullcoordinateprojects/refs/heads/main/1/4.jpg",
    "categories": "Wishes Card",
    "premium": false
  },
  {
    "name": "Wishes Card",
    "url": "https://raw.githubusercontent.com/Fullcoordinateprojects/fullcoordinateprojects/refs/heads/main/1/5.jpg",
    "previewUrl": "https://raw.githubusercontent.com/Fullcoordinateprojects/fullcoordinateprojects/refs/heads/main/1/5.jpg",
    "categories": "Wishes Card",
    "premium": false
  },
  {
    "name": "Wishes Card",
    "url": "https://raw.githubusercontent.com/Fullcoordinateprojects/fullcoordinateprojects/refs/heads/main/1/6.jpg",
    "previewUrl": "https://raw.githubusercontent.com/Fullcoordinateprojects/fullcoordinateprojects/refs/heads/main/1/6.jpg",
    "categories": "Wishes Card",
    "premium": false
  },
  {
    "name": "Wishes Card",
    "url": "https://raw.githubusercontent.com/Fullcoordinateprojects/fullcoordinateprojects/refs/heads/main/1/7.jpg",
    "previewUrl": "https://raw.githubusercontent.com/Fullcoordinateprojects/fullcoordinateprojects/refs/heads/main/1/7.jpg",
    "categories": "Wishes Card",
    "premium": false
  },
  {
    "name": "Wishes Card",
    "url": "https://raw.githubusercontent.com/Fullcoordinateprojects/fullcoordinateprojects/refs/heads/main/1/8.jpg",
    "previewUrl": "https://raw.githubusercontent.com/Fullcoordinateprojects/fullcoordinateprojects/refs/heads/main/1/8.jpg",
    "categories": "Wishes Card",
    "premium": false
  },
  {
    "name": "Wishes Card",
    "url": "https://raw.githubusercontent.com/Fullcoordinateprojects/fullcoordinateprojects/refs/heads/main/1/9.jpg",
    "previewUrl": "https://raw.githubusercontent.com/Fullcoordinateprojects/fullcoordinateprojects/refs/heads/main/1/9.jpg",
    "categories": "Wishes Card",
    "premium": false
  },
  {
    "name": "Wishes Card",
    "url": "https://raw.githubusercontent.com/Fullcoordinateprojects/fullcoordinateprojects/refs/heads/main/1/10.jpg",
    "previewUrl": "https://raw.githubusercontent.com/Fullcoordinateprojects/fullcoordinateprojects/refs/heads/main/1/10.jpg",
    "categories": "Wishes Card",
    "premium": false
  },
  {
    "name": "Wishes Card",
    "url": "https://raw.githubusercontent.com/Fullcoordinateprojects/fullcoordinateprojects/refs/heads/main/1/11.jpg",
    "previewUrl": "https://raw.githubusercontent.com/Fullcoordinateprojects/fullcoordinateprojects/refs/heads/main/1/11.jpg",
    "categories": "Wishes Card",
    "premium": false
  },
  {
    "name": "Wishes Card",
    "url": "https://raw.githubusercontent.com/Fullcoordinateprojects/fullcoordinateprojects/refs/heads/main/1/12.jpg",
    "previewUrl": "https://raw.githubusercontent.com/Fullcoordinateprojects/fullcoordinateprojects/refs/heads/main/1/12.jpg",
    "categories": "Wishes Card",
    "premium": false
  }
]