[
  {
    "name": "Stripes Metal Lighting Rgb",
    "url": "https://github.com/Fullcoordinateprojects/fullcoordinateprojects/blob/main/1/images/1.jpg?raw=true",
    "previewUrl": "https://github.com/Fullcoordinateprojects/fullcoordinateprojects/blob/main/1/images/1.jpg?raw=true",
    "categories": "Abstract, Amoled, Neon",
    "premium": false
  },
  {
    "name": "Stripes Metal Lighting Rgb",
    "url": "https://github.com/Fullcoordinateprojects/fullcoordinateprojects/blob/main/1/images/2.webp?raw=true",
    "previewUrl": "https://github.com/Fullcoordinateprojects/fullcoordinateprojects/blob/main/1/images/2.webp?raw=true",
    "categories": "Abstract, Amoled, Neon",
    "premium": false
  },
  {
    "name": "Stripes Metal Lighting Rgb",
    "url": "https://github.com/Fullcoordinateprojects/fullcoordinateprojects/blob/main/1/images/3.webp?raw=true",
    "previewUrl": "https://github.com/Fullcoordinateprojects/fullcoordinateprojects/blob/main/1/images/3.webp?raw=true",
    "categories": "Abstract, Amoled, Neon",
    "premium": false
  },
  {
    "name": "Stripes Metal Lighting Rgb",
    "url": "https://github.com/Fullcoordinateprojects/fullcoordinateprojects/blob/main/1/images/4.webp?raw=true",
    "previewUrl": "https://github.com/Fullcoordinateprojects/fullcoordinateprojects/blob/main/1/images/4.webp?raw=true",
    "categories": "Abstract, Amoled, Neon",
    "premium": false
  },
  {
    "name": "Stripes Metal Lighting Rgb",
    "url": "https://github.com/Fullcoordinateprojects/fullcoordinateprojects/blob/main/1/images/5.webp?raw=true",
    "previewUrl": "https://github.com/Fullcoordinateprojects/fullcoordinateprojects/blob/main/1/images/5.webp?raw=true",
    "categories": "Abstract, Amoled, Neon",
    "premium": false
  },
  {
    "name": "Stripes Metal Lighting Rgb",
    "url": "https://github.com/Fullcoordinateprojects/fullcoordinateprojects/blob/main/1/images/6.webp?raw=true",
    "previewUrl": "https://github.com/Fullcoordinateprojects/fullcoordinateprojects/blob/main/1/images/6.webp?raw=true",
    "categories": "Abstract, Amoled, Neon",
    "premium": false
  },
  {
    "name": "Stripes Metal Lighting Rgb",
    "url": "https://github.com/Fullcoordinateprojects/fullcoordinateprojects/blob/main/1/images/8.jpg?raw=true",
    "previewUrl": "https://github.com/Fullcoordinateprojects/fullcoordinateprojects/blob/main/1/images/8.jpg?raw=true",
    "categories": "Abstract, Amoled, Neon",
    "premium": false
  },
  {
    "name": "Stripes Metal Lighting Rgb",
    "url": "https://github.com/Fullcoordinateprojects/fullcoordinateprojects/blob/main/1/images/9.jpg?raw=true",
    "previewUrl": "https://github.com/Fullcoordinateprojects/fullcoordinateprojects/blob/main/1/images/9.jpg?raw=true",
    "categories": "Abstract, Amoled, Neon",
    "premium": false
  }
]