[
  {
    "name": "Stripes Metal Lighting Rgb",
    "url": "https://wallpaperaccess.com/full/16170916.jpg",
    "previewUrl": "https://wallpaperaccess.com/full/16170916.jpg",
    "categories": "Abstract, Amoled, Neon",
    "premium": false
  },
  {
    "name": "Stripes Metal Lighting Rgb",
    "url": "https://wallpaperaccess.com/full/16170914.jpg",
    "previewUrl": "https://wallpaperaccess.com/full/16170914.jpg",
    "categories": "Abstract, Amoled, Neon",
    "premium": false
  },
  {
    "name": "Stripes Metal Lighting Rgb",
    "url": "https://wallpaperaccess.com/full/16170923.jpg",
    "previewUrl": "https://wallpaperaccess.com/full/16170923.jpg",
    "categories": "Abstract, Amoled, Neon",
    "premium": false
  },
  {
    "name": "Stripes Metal Lighting Rgb",
    "url": "https://wallpaperaccess.com/full/16170930.jpg",
    "previewUrl": "https://wallpaperaccess.com/full/16170930.jpg",
    "categories": "Abstract, Amoled, Neon",
    "premium": false
  },
  {
    "name": "Stripes Metal Lighting Rgb",
    "url": "https://wallpaperaccess.com/full/16170903.jpg",
    "previewUrl": "https://wallpaperaccess.com/full/16170903.jpg",
    "categories": "Abstract, Amoled, Neon",
    "premium": false
  },
  {
    "name": "Stripes Metal Lighting Rgb",
    "url": "https://wallpaperaccess.com/full/16170901.jpg",
    "previewUrl": "https://wallpaperaccess.com/full/16170901.jpg",
    "categories": "Abstract, Amoled, Neon",
    "premium": false
  },
  {
    "name": "Stripes Metal Lighting Rgb",
    "url": "https://wallpaperaccess.com/full/16170947.jpg",
    "previewUrl": "https://wallpaperaccess.com/full/16170947.jpg",
    "categories": "Abstract, Amoled, Neon",
    "premium": false
  },
  {
    "name": "Stripes Metal Lighting Rgb",
    "url": "https://wallpaperaccess.com/full/16170955.jpg",
    "previewUrl": "https://wallpaperaccess.com/full/16170955.jpg",
    "categories": "Abstract, Amoled, Neon",
    "premium": false
  },
  {
    "name": "Stripes Metal Lighting Rgb",
    "url": "https://wallpaperaccess.com/full/16170957.jpg",
    "previewUrl": "https://wallpaperaccess.com/full/16170957.jpg",
    "categories": "Abstract, Amoled, Neon",
    "premium": false
  },
  {
    "name": "Stripes Metal Lighting Rgb",
    "url": "https://i.pinimg.com/474x/26/ae/6e/26ae6e5d2d5c68e4042a2f2f3d6e33de.jpg",
    "previewUrl": "https://i.pinimg.com/474x/26/ae/6e/26ae6e5d2d5c68e4042a2f2f3d6e33de.jpg",
    "categories": "Abstract, Amoled, Neon",
    "premium": false
  },
  {
    "name": "Stripes Metal Lighting Rgb",
    "url": "https://i.pinimg.com/originals/4d/f7/ef/4df7efd04a6c140048247ad5cff1b166.jpg",
    "previewUrl": "https://i.pinimg.com/originals/4d/f7/ef/4df7efd04a6c140048247ad5cff1b166.jpg",
    "categories": "Abstract, Amoled, Neon",
    "premium": false
  }
]