[
  {
    "name": "Stripes Metal Lighting Rgb",
    "url": "https://github.com/Fullcoordinateprojects/fullcoordinateprojects/blob/main/1/images/1.jpg",
    "previewUrl": "https://github.com/Fullcoordinateprojects/fullcoordinateprojects/blob/main/1/images/1.jpg",
    "categories": "Abstract, Amoled, Neon",
    "premium": false
  },
  {
    "name": "Stripes Metal Lighting Rgb",
    "url": "https://github.com/Fullcoordinateprojects/fullcoordinateprojects/blob/main/1/images/2.webp",
    "previewUrl": "https://github.com/Fullcoordinateprojects/fullcoordinateprojects/blob/main/1/images/2.webp",
    "categories": "Abstract, Amoled, Neon",
    "premium": false
  },
  {
    "name": "Stripes Metal Lighting Rgb",
    "url": "https://github.com/Fullcoordinateprojects/fullcoordinateprojects/blob/main/1/images/3.webp",
    "previewUrl": "https://github.com/Fullcoordinateprojects/fullcoordinateprojects/blob/main/1/images/3.webp",
    "categories": "Abstract, Amoled, Neon",
    "premium": false
  },
  {
    "name": "Stripes Metal Lighting Rgb",
    "url": "https://github.com/Fullcoordinateprojects/fullcoordinateprojects/blob/main/1/images/4.webp",
    "previewUrl": "https://github.com/Fullcoordinateprojects/fullcoordinateprojects/blob/main/1/images/4.webp",
    "categories": "Abstract, Amoled, Neon",
    "premium": false
  },
  {
    "name": "Stripes Metal Lighting Rgb",
    "url": "https://github.com/Fullcoordinateprojects/fullcoordinateprojects/blob/main/1/images/5.webp",
    "previewUrl": "https://github.com/Fullcoordinateprojects/fullcoordinateprojects/blob/main/1/images/5.webp",
    "categories": "Abstract, Amoled, Neon",
    "premium": false
  },
  {
    "name": "Stripes Metal Lighting Rgb",
    "url": "https://github.com/Fullcoordinateprojects/fullcoordinateprojects/blob/main/1/images/6.webp",
    "previewUrl": "https://github.com/Fullcoordinateprojects/fullcoordinateprojects/blob/main/1/images/6.webp",
    "categories": "Abstract, Amoled, Neon",
    "premium": false
  },
  {
    "name": "Stripes Metal Lighting Rgb",
    "url": "https://github.com/Fullcoordinateprojects/fullcoordinateprojects/blob/main/1/images/8.jpg",
    "previewUrl": "https://github.com/Fullcoordinateprojects/fullcoordinateprojects/blob/main/1/images/8.jpg",
    "categories": "Abstract, Amoled, Neon",
    "premium": false
  },
  {
    "name": "Stripes Metal Lighting Rgb",
    "url": "https://github.com/Fullcoordinateprojects/fullcoordinateprojects/blob/main/1/images/9.jpg",
    "previewUrl": "https://github.com/Fullcoordinateprojects/fullcoordinateprojects/blob/main/1/images/9.jpg",
    "categories": "Abstract, Amoled, Neon",
    "premium": false
  }
]