[
  {
    "name": "Stripes Metal Lighting Rgb",
    "url": "https://raw.githubusercontent.com/Fullcoordinateprojects/fullcoordinateprojects/refs/heads/main/1/images/1.jpg",
    "previewUrl": "https://raw.githubusercontent.com/Fullcoordinateprojects/fullcoordinateprojects/refs/heads/main/1/images/1.jpg",
    "categories": "Abstract, Amoled, Neon",
    "premium": false
  },
  {
    "name": "Stripes Metal Lighting Rgb",
    "url": "https://raw.githubusercontent.com/Fullcoordinateprojects/fullcoordinateprojects/refs/heads/main/1/images/2.webp",
    "previewUrl": "https://raw.githubusercontent.com/Fullcoordinateprojects/fullcoordinateprojects/refs/heads/main/1/images/2.webp",
    "categories": "Abstract, Amoled, Neon",
    "premium": false
  },
  {
    "name": "Stripes Metal Lighting Rgb",
    "url": "https://raw.githubusercontent.com/Fullcoordinateprojects/fullcoordinateprojects/refs/heads/main/1/images/3.webp",
    "previewUrl": "https://raw.githubusercontent.com/Fullcoordinateprojects/fullcoordinateprojects/refs/heads/main/1/images/3.webp",
    "categories": "Abstract, Amoled, Neon",
    "premium": false
  },
  {
    "name": "Stripes Metal Lighting Rgb",
    "url": "https://raw.githubusercontent.com/Fullcoordinateprojects/fullcoordinateprojects/refs/heads/main/1/images/4.webp",
    "previewUrl": "https://raw.githubusercontent.com/Fullcoordinateprojects/fullcoordinateprojects/refs/heads/main/1/images/4.webp",
    "categories": "Abstract, Amoled, Neon",
    "premium": false
  },
  {
    "name": "Stripes Metal Lighting Rgb",
    "url": "https://raw.githubusercontent.com/Fullcoordinateprojects/fullcoordinateprojects/refs/heads/main/1/images/5.webp",
    "previewUrl": "https://raw.githubusercontent.com/Fullcoordinateprojects/fullcoordinateprojects/refs/heads/main/1/images/5.webp",
    "categories": "Abstract, Amoled, Neon",
    "premium": false
  },
  {
    "name": "Stripes Metal Lighting Rgb",
    "url": "https://raw.githubusercontent.com/Fullcoordinateprojects/fullcoordinateprojects/refs/heads/main/1/images/6.webp",
    "previewUrl": "https://raw.githubusercontent.com/Fullcoordinateprojects/fullcoordinateprojects/refs/heads/main/1/images/6.webp",
    "categories": "Abstract, Amoled, Neon",
    "premium": false
  },
  {
    "name": "Stripes Metal Lighting Rgb",
    "url": "https://raw.githubusercontent.com/Fullcoordinateprojects/fullcoordinateprojects/refs/heads/main/1/images/7.jpg",
    "previewUrl": "https://raw.githubusercontent.com/Fullcoordinateprojects/fullcoordinateprojects/refs/heads/main/1/images/7.jpg",
    "categories": "Abstract, Amoled, Neon",
    "premium": false
  },
  {
    "name": "Stripes Metal Lighting Rgb",
    "url": "https://raw.githubusercontent.com/Fullcoordinateprojects/fullcoordinateprojects/refs/heads/main/1/images/8.jpg",
    "previewUrl": "https://raw.githubusercontent.com/Fullcoordinateprojects/fullcoordinateprojects/refs/heads/main/1/images/8.jpg",
    "categories": "Abstract, Amoled, Neon",
    "premium": false
  },
  {
    "name": "Stripes Metal Lighting Rgb",
    "url": "https://raw.githubusercontent.com/Fullcoordinateprojects/fullcoordinateprojects/refs/heads/main/1/images/9.jpg",
    "previewUrl": "https://raw.githubusercontent.com/Fullcoordinateprojects/fullcoordinateprojects/refs/heads/main/1/images/9.jpg",
    "categories": "Abstract, Amoled, Neon",
    "premium": false
  },
  {
    "name": "Stripes Metal Lighting Rgb",
    "url": "https://raw.githubusercontent.com/Fullcoordinateprojects/fullcoordinateprojects/refs/heads/main/1/images/10.webp",
    "previewUrl": "https://raw.githubusercontent.com/Fullcoordinateprojects/fullcoordinateprojects/refs/heads/main/1/images/10.webp",
    "categories": "Abstract, Amoled, Neon",
    "premium": false
  },
  {
    "name": "Stripes Metal Lighting Rgb",
    "url": "https://raw.githubusercontent.com/Fullcoordinateprojects/fullcoordinateprojects/refs/heads/main/1/images/11.webp",
    "previewUrl": "https://raw.githubusercontent.com/Fullcoordinateprojects/fullcoordinateprojects/refs/heads/main/1/images/11.webp",
    "categories": "Abstract, Amoled, Neon",
    "premium": false
  },
  {
    "name": "Stripes Metal Lighting Rgb",
    "url": "https://raw.githubusercontent.com/Fullcoordinateprojects/fullcoordinateprojects/refs/heads/main/1/images/12.webp",
    "previewUrl": "https://raw.githubusercontent.com/Fullcoordinateprojects/fullcoordinateprojects/refs/heads/main/1/images/12.webp",
    "categories": "Abstract, Amoled, Neon",
    "premium": false
  },
  {
    "name": "Stripes Metal Lighting Rgb",
    "url": "https://raw.githubusercontent.com/Fullcoordinateprojects/fullcoordinateprojects/refs/heads/main/1/images/13.webp",
    "previewUrl": "https://raw.githubusercontent.com/Fullcoordinateprojects/fullcoordinateprojects/refs/heads/main/1/images/13.webp",
    "categories": "Abstract, Amoled, Neon",
    "premium": false
  }
]