[
  {
    "name": "TVK",
    "url": "https://raw.githubusercontent.com/Fullcoordinateprojects/fullcoordinateprojects/refs/heads/main/1/images/1.webp",
    "previewUrl": "https://raw.githubusercontent.com/Fullcoordinateprojects/fullcoordinateprojects/refs/heads/main/1/images/1.webp",
    "categories": "TVK",
    "premium": false
  },
  {
    "name": "TVK",
    "url": "https://raw.githubusercontent.com/Fullcoordinateprojects/fullcoordinateprojects/refs/heads/main/1/images/11.webp",
    "previewUrl": "https://raw.githubusercontent.com/Fullcoordinateprojects/fullcoordinateprojects/refs/heads/main/1/images/11.webp",
    "categories": "TVK",
    "premium": false
  },
  {
    "name": "TVK",
    "url": "https://raw.githubusercontent.com/Fullcoordinateprojects/fullcoordinateprojects/refs/heads/main/1/images/2.jpeg",
    "previewUrl": "https://raw.githubusercontent.com/Fullcoordinateprojects/fullcoordinateprojects/refs/heads/main/1/images/2.jpeg",
    "categories": "TVK",
    "premium": false
  },
  {
    "name": "TVK",
    "url": "https://raw.githubusercontent.com/Fullcoordinateprojects/fullcoordinateprojects/refs/heads/main/1/images/3.jpeg",
    "previewUrl": "https://raw.githubusercontent.com/Fullcoordinateprojects/fullcoordinateprojects/refs/heads/main/1/images/3.jpeg",
    "categories": "TVK",
    "premium": false
  },
  {
    "name": "TVK",
    "url": "https://raw.githubusercontent.com/Fullcoordinateprojects/fullcoordinateprojects/refs/heads/main/1/images/5.webp",
    "previewUrl": "https://raw.githubusercontent.com/Fullcoordinateprojects/fullcoordinateprojects/refs/heads/main/1/images/5.webp",
    "categories": "TVK",
    "premium": false
  },
  {
    "name": "TVK",
    "url": "https://raw.githubusercontent.com/Fullcoordinateprojects/fullcoordinateprojects/refs/heads/main/1/images/6.webp",
    "previewUrl": "https://raw.githubusercontent.com/Fullcoordinateprojects/fullcoordinateprojects/refs/heads/main/1/images/6.webp",
    "categories": "TVK",
    "premium": false
  },
  {
    "name": "TVK",
    "url": "https://raw.githubusercontent.com/Fullcoordinateprojects/fullcoordinateprojects/refs/heads/main/1/images/7.webp",
    "previewUrl": "https://raw.githubusercontent.com/Fullcoordinateprojects/fullcoordinateprojects/refs/heads/main/1/images/7.webp",
    "categories": "TVK",
    "premium": false
  },
  {
    "name": "TVK",
    "url": "https://raw.githubusercontent.com/Fullcoordinateprojects/fullcoordinateprojects/refs/heads/main/1/images/8.jpg",
    "previewUrl": "https://raw.githubusercontent.com/Fullcoordinateprojects/fullcoordinateprojects/refs/heads/main/1/images/8.jpg",
    "categories": "TVK",
    "premium": false
  },
  {
    "name": "TVK",
    "url": "https://raw.githubusercontent.com/Fullcoordinateprojects/fullcoordinateprojects/refs/heads/main/1/images/9.jpg",
    "previewUrl": "https://raw.githubusercontent.com/Fullcoordinateprojects/fullcoordinateprojects/refs/heads/main/1/images/9.jpg",
    "categories": "TVK",
    "premium": false
  },
  {
    "name": "TVK",
    "url": "https://raw.githubusercontent.com/Fullcoordinateprojects/fullcoordinateprojects/refs/heads/main/1/images/10.jpeg",
    "previewUrl": "https://raw.githubusercontent.com/Fullcoordinateprojects/fullcoordinateprojects/refs/heads/main/1/images/10.jpeg",
    "categories": "TVK",
    "premium": false
  },
  {
    "name": "TVK",
    "url": "https://raw.githubusercontent.com/Fullcoordinateprojects/fullcoordinateprojects/refs/heads/main/1/images/12.webp",
    "previewUrl": "https://raw.githubusercontent.com/Fullcoordinateprojects/fullcoordinateprojects/refs/heads/main/1/images/12.webp",
    "categories": "TVK",
    "premium": false
  },
  {
    "name": "TVK",
    "url": "https://raw.githubusercontent.com/Fullcoordinateprojects/fullcoordinateprojects/refs/heads/main/1/images/13.jpeg",
    "previewUrl": "https://raw.githubusercontent.com/Fullcoordinateprojects/fullcoordinateprojects/refs/heads/main/1/images/13.jpeg",
    "categories": "TVK",
    "premium": false
  },
  {
    "name": "TVK",
    "url": "https://raw.githubusercontent.com/Fullcoordinateprojects/fullcoordinateprojects/refs/heads/main/1/images/4.webp",
    "previewUrl": "https://raw.githubusercontent.com/Fullcoordinateprojects/fullcoordinateprojects/refs/heads/main/1/images/4.webp",
    "categories": "TVK",
    "premium": false
  },
  {
    "name": "TVK",
    "url": "https://raw.githubusercontent.com/Fullcoordinateprojects/fullcoordinateprojects/refs/heads/main/1/images/14.jpeg",
    "previewUrl": "https://raw.githubusercontent.com/Fullcoordinateprojects/fullcoordinateprojects/refs/heads/main/1/images/14.jpeg",
    "categories": "TVK",
    "premium": false
  },
  {
    "name": "TVK",
    "url": "https://raw.githubusercontent.com/Fullcoordinateprojects/fullcoordinateprojects/refs/heads/main/1/images/15.jpeg",
    "previewUrl": "https://raw.githubusercontent.com/Fullcoordinateprojects/fullcoordinateprojects/refs/heads/main/1/images/15.jpeg",
    "categories": "TVK",
    "premium": false
  },
  {
    "name": "TVK",
    "url": "https://raw.githubusercontent.com/Fullcoordinateprojects/fullcoordinateprojects/refs/heads/main/1/images/16.webp",
    "previewUrl": "https://raw.githubusercontent.com/Fullcoordinateprojects/fullcoordinateprojects/refs/heads/main/1/images/16.webp",
    "categories": "TVK",
    "premium": false
  },
  {
    "name": "TVK",
    "url": "https://raw.githubusercontent.com/Fullcoordinateprojects/fullcoordinateprojects/refs/heads/main/1/images/17.webp",
    "previewUrl": "https://raw.githubusercontent.com/Fullcoordinateprojects/fullcoordinateprojects/refs/heads/main/1/images/17.webp",
    "categories": "TVK",
    "premium": false
  },
  {
    "name": "TVK",
    "url": "https://raw.githubusercontent.com/Fullcoordinateprojects/fullcoordinateprojects/refs/heads/main/1/images/18.jpeg",
    "previewUrl": "https://raw.githubusercontent.com/Fullcoordinateprojects/fullcoordinateprojects/refs/heads/main/1/images/18.jpeg",
    "categories": "TVK",
    "premium": false
  },
  {
    "name": "TVK",
    "url": "https://raw.githubusercontent.com/Fullcoordinateprojects/fullcoordinateprojects/refs/heads/main/1/images/19.jpeg",
    "previewUrl": "https://raw.githubusercontent.com/Fullcoordinateprojects/fullcoordinateprojects/refs/heads/main/1/images/19.jpeg",
    "categories": "TVK",
    "premium": false
  },
  {
    "name": "TVK",
    "url": "https://raw.githubusercontent.com/Fullcoordinateprojects/fullcoordinateprojects/refs/heads/main/1/images/20.jpeg",
    "previewUrl": "https://raw.githubusercontent.com/Fullcoordinateprojects/fullcoordinateprojects/refs/heads/main/1/images/20.jpeg",
    "categories": "TVK",
    "premium": false
  },
  {
    "name": "TVK",
    "url": "https://raw.githubusercontent.com/Fullcoordinateprojects/fullcoordinateprojects/refs/heads/main/1/images/21.jpeg",
    "previewUrl": "https://raw.githubusercontent.com/Fullcoordinateprojects/fullcoordinateprojects/refs/heads/main/1/images/21.jpeg",
    "categories": "TVK",
    "premium": false
  },
  {
    "name": "TVK",
    "url": "https://raw.githubusercontent.com/Fullcoordinateprojects/fullcoordinateprojects/refs/heads/main/1/images/22.jpeg",
    "previewUrl": "https://raw.githubusercontent.com/Fullcoordinateprojects/fullcoordinateprojects/refs/heads/main/1/images/22.jpeg",
    "categories": "TVK",
    "premium": false
  },
  {
    "name": "TVK",
    "url": "https://raw.githubusercontent.com/Fullcoordinateprojects/fullcoordinateprojects/refs/heads/main/1/images/23.jpeg",
    "previewUrl": "https://raw.githubusercontent.com/Fullcoordinateprojects/fullcoordinateprojects/refs/heads/main/1/images/23.jpeg",
    "categories": "TVK",
    "premium": false
  },
  {
    "name": "TVK",
    "url": "https://raw.githubusercontent.com/Fullcoordinateprojects/fullcoordinateprojects/refs/heads/main/1/images/24.jpeg",
    "previewUrl": "https://raw.githubusercontent.com/Fullcoordinateprojects/fullcoordinateprojects/refs/heads/main/1/images/24.jpeg",
    "categories": "TVK",
    "premium": false
  },
  {
    "name": "TVK",
    "url": "https://raw.githubusercontent.com/Fullcoordinateprojects/fullcoordinateprojects/refs/heads/main/1/images/25.jpeg",
    "previewUrl": "https://raw.githubusercontent.com/Fullcoordinateprojects/fullcoordinateprojects/refs/heads/main/1/images/25.jpeg",
    "categories": "TVK",
    "premium": false
  },
  {
    "name": "TVK",
    "url": "https://raw.githubusercontent.com/Fullcoordinateprojects/fullcoordinateprojects/refs/heads/main/1/images/26.jpeg",
    "previewUrl": "https://raw.githubusercontent.com/Fullcoordinateprojects/fullcoordinateprojects/refs/heads/main/1/images/26.jpeg",
    "categories": "TVK",
    "premium": false
  },
  {
    "name": "TVK",
    "url": "https://raw.githubusercontent.com/Fullcoordinateprojects/fullcoordinateprojects/refs/heads/main/1/images/27.jpeg",
    "previewUrl": "https://raw.githubusercontent.com/Fullcoordinateprojects/fullcoordinateprojects/refs/heads/main/1/images/27.jpeg",
    "categories": "TVK",
    "premium": false
  },
  {
    "name": "TVK",
    "url": "https://raw.githubusercontent.com/Fullcoordinateprojects/fullcoordinateprojects/refs/heads/main/1/images/28.jpeg",
    "previewUrl": "https://raw.githubusercontent.com/Fullcoordinateprojects/fullcoordinateprojects/refs/heads/main/1/images/28.jpeg",
    "categories": "TVK",
    "premium": false
  },
  {
    "name": "TVK",
    "url": "https://raw.githubusercontent.com/Fullcoordinateprojects/fullcoordinateprojects/refs/heads/main/1/images/29.jpeg",
    "previewUrl": "https://raw.githubusercontent.com/Fullcoordinateprojects/fullcoordinateprojects/refs/heads/main/1/images/29.jpeg",
    "categories": "TVK",
    "premium": false
  },
  {
    "name": "TVK",
    "url": "https://raw.githubusercontent.com/Fullcoordinateprojects/fullcoordinateprojects/refs/heads/main/1/images/30.jpeg",
    "previewUrl": "https://raw.githubusercontent.com/Fullcoordinateprojects/fullcoordinateprojects/refs/heads/main/1/images/30.jpeg",
    "categories": "TVK",
    "premium": false
  },

  {
    "name": "TVK",
    "url": "https://raw.githubusercontent.com/Fullcoordinateprojects/fullcoordinateprojects/refs/heads/main/1/images/8.jpg",
    "previewUrl": "https://raw.githubusercontent.com/Fullcoordinateprojects/fullcoordinateprojects/refs/heads/main/1/images/8.jpg",
    "categories": "TVK",
    "premium": false
  },
  {
    "name": "TVK",
    "url": "https://raw.githubusercontent.com/Fullcoordinateprojects/fullcoordinateprojects/refs/heads/main/1/images/9.jpg",
    "previewUrl": "https://raw.githubusercontent.com/Fullcoordinateprojects/fullcoordinateprojects/refs/heads/main/1/images/9.jpg",
    "categories": "TVK",
    "premium": false
  },
  {
    "name": "TVK",
    "url": "https://raw.githubusercontent.com/Fullcoordinateprojects/fullcoordinateprojects/refs/heads/main/1/images/10.jpeg",
    "previewUrl": "https://raw.githubusercontent.com/Fullcoordinateprojects/fullcoordinateprojects/refs/heads/main/1/images/10.jpeg",
    "categories": "TVK",
    "premium": false
  },
  {
    "name": "TVK",
    "url": "https://raw.githubusercontent.com/Fullcoordinateprojects/fullcoordinateprojects/refs/heads/main/1/images/12.webp",
    "previewUrl": "https://raw.githubusercontent.com/Fullcoordinateprojects/fullcoordinateprojects/refs/heads/main/1/images/12.webp",
    "categories": "TVK",
    "premium": false
  },
  {
    "name": "TVK",
    "url": "https://raw.githubusercontent.com/Fullcoordinateprojects/fullcoordinateprojects/refs/heads/main/1/images/13.jpeg",
    "previewUrl": "https://raw.githubusercontent.com/Fullcoordinateprojects/fullcoordinateprojects/refs/heads/main/1/images/13.jpeg",
    "categories": "TVK",
    "premium": false
  },
  {
    "name": "TVK",
    "url": "https://raw.githubusercontent.com/Fullcoordinateprojects/fullcoordinateprojects/refs/heads/main/1/images/4.webp",
    "previewUrl": "https://raw.githubusercontent.com/Fullcoordinateprojects/fullcoordinateprojects/refs/heads/main/1/images/4.webp",
    "categories": "TVK",
    "premium": false
  },
  {
    "name": "TVK",
    "url": "https://raw.githubusercontent.com/Fullcoordinateprojects/fullcoordinateprojects/refs/heads/main/1/images/14.jpeg",
    "previewUrl": "https://raw.githubusercontent.com/Fullcoordinateprojects/fullcoordinateprojects/refs/heads/main/1/images/14.jpeg",
    "categories": "TVK",
    "premium": false
  },
  {
    "name": "TVK",
    "url": "https://raw.githubusercontent.com/Fullcoordinateprojects/fullcoordinateprojects/refs/heads/main/1/images/15.jpeg",
    "previewUrl": "https://raw.githubusercontent.com/Fullcoordinateprojects/fullcoordinateprojects/refs/heads/main/1/images/15.jpeg",
    "categories": "TVK",
    "premium": false
  },
  {
    "name": "TVK",
    "url": "https://raw.githubusercontent.com/Fullcoordinateprojects/fullcoordinateprojects/refs/heads/main/1/images/16.webp",
    "previewUrl": "https://raw.githubusercontent.com/Fullcoordinateprojects/fullcoordinateprojects/refs/heads/main/1/images/16.webp",
    "categories": "TVK",
    "premium": false
  },
  {
    "name": "TVK",
    "url": "https://raw.githubusercontent.com/Fullcoordinateprojects/fullcoordinateprojects/refs/heads/main/1/images/17.webp",
    "previewUrl": "https://raw.githubusercontent.com/Fullcoordinateprojects/fullcoordinateprojects/refs/heads/main/1/images/17.webp",
    "categories": "TVK",
    "premium": false
  },
  {
    "name": "TVK",
    "url": "https://raw.githubusercontent.com/Fullcoordinateprojects/fullcoordinateprojects/refs/heads/main/1/images/18.jpeg",
    "previewUrl": "https://raw.githubusercontent.com/Fullcoordinateprojects/fullcoordinateprojects/refs/heads/main/1/images/18.jpeg",
    "categories": "TVK",
    "premium": false
  },
  {
    "name": "TVK",
    "url": "https://raw.githubusercontent.com/Fullcoordinateprojects/fullcoordinateprojects/refs/heads/main/1/images/19.jpeg",
    "previewUrl": "https://raw.githubusercontent.com/Fullcoordinateprojects/fullcoordinateprojects/refs/heads/main/1/images/19.jpeg",
    "categories": "TVK",
    "premium": false
  },
  {
    "name": "TVK",
    "url": "https://raw.githubusercontent.com/Fullcoordinateprojects/fullcoordinateprojects/refs/heads/main/1/images/20.jpeg",
    "previewUrl": "https://raw.githubusercontent.com/Fullcoordinateprojects/fullcoordinateprojects/refs/heads/main/1/images/20.jpeg",
    "categories": "TVK",
    "premium": false
  },
  {
    "name": "TVK",
    "url": "https://raw.githubusercontent.com/Fullcoordinateprojects/fullcoordinateprojects/refs/heads/main/1/images/21.jpeg",
    "previewUrl": "https://raw.githubusercontent.com/Fullcoordinateprojects/fullcoordinateprojects/refs/heads/main/1/images/21.jpeg",
    "categories": "TVK",
    "premium": false
  },
  {
    "name": "TVK",
    "url": "https://raw.githubusercontent.com/Fullcoordinateprojects/fullcoordinateprojects/refs/heads/main/1/images/22.jpeg",
    "previewUrl": "https://raw.githubusercontent.com/Fullcoordinateprojects/fullcoordinateprojects/refs/heads/main/1/images/22.jpeg",
    "categories": "TVK",
    "premium": false
  },
  {
    "name": "TVK",
    "url": "https://raw.githubusercontent.com/Fullcoordinateprojects/fullcoordinateprojects/refs/heads/main/1/images/23.jpeg",
    "previewUrl": "https://raw.githubusercontent.com/Fullcoordinateprojects/fullcoordinateprojects/refs/heads/main/1/images/23.jpeg",
    "categories": "TVK",
    "premium": false
  },
  {
    "name": "TVK",
    "url": "https://raw.githubusercontent.com/Fullcoordinateprojects/fullcoordinateprojects/refs/heads/main/1/images/24.jpeg",
    "previewUrl": "https://raw.githubusercontent.com/Fullcoordinateprojects/fullcoordinateprojects/refs/heads/main/1/images/24.jpeg",
    "categories": "TVK",
    "premium": false
  },
  {
    "name": "TVK",
    "url": "https://raw.githubusercontent.com/Fullcoordinateprojects/fullcoordinateprojects/refs/heads/main/1/images/25.jpeg",
    "previewUrl": "https://raw.githubusercontent.com/Fullcoordinateprojects/fullcoordinateprojects/refs/heads/main/1/images/25.jpeg",
    "categories": "TVK",
    "premium": false
  },
  {
    "name": "TVK",
    "url": "https://raw.githubusercontent.com/Fullcoordinateprojects/fullcoordinateprojects/refs/heads/main/1/images/26.jpeg",
    "previewUrl": "https://raw.githubusercontent.com/Fullcoordinateprojects/fullcoordinateprojects/refs/heads/main/1/images/26.jpeg",
    "categories": "TVK",
    "premium": false
  },
  {
    "name": "TVK",
    "url": "https://raw.githubusercontent.com/Fullcoordinateprojects/fullcoordinateprojects/refs/heads/main/1/images/27.jpeg",
    "previewUrl": "https://raw.githubusercontent.com/Fullcoordinateprojects/fullcoordinateprojects/refs/heads/main/1/images/27.jpeg",
    "categories": "TVK",
    "premium": false
  },
  {
    "name": "TVK",
    "url": "https://raw.githubusercontent.com/Fullcoordinateprojects/fullcoordinateprojects/refs/heads/main/1/images/28.jpeg",
    "previewUrl": "https://raw.githubusercontent.com/Fullcoordinateprojects/fullcoordinateprojects/refs/heads/main/1/images/28.jpeg",
    "categories": "TVK",
    "premium": false
  },
  {
    "name": "TVK",
    "url": "https://raw.githubusercontent.com/Fullcoordinateprojects/fullcoordinateprojects/refs/heads/main/1/images/29.jpeg",
    "previewUrl": "https://raw.githubusercontent.com/Fullcoordinateprojects/fullcoordinateprojects/refs/heads/main/1/images/29.jpeg",
    "categories": "TVK",
    "premium": false
  },
  {
    "name": "TVK",
    "url": "https://raw.githubusercontent.com/Fullcoordinateprojects/fullcoordinateprojects/refs/heads/main/1/images/30.jpeg",
    "previewUrl": "https://raw.githubusercontent.com/Fullcoordinateprojects/fullcoordinateprojects/refs/heads/main/1/images/30.jpeg",
    "categories": "TVK",
    "premium": false
  },
  {
    "name": "TVK",
    "url": "https://raw.githubusercontent.com/Fullcoordinateprojects/fullcoordinateprojects/refs/heads/main/1/images/44.jpg",
    "previewUrl": "https://raw.githubusercontent.com/Fullcoordinateprojects/fullcoordinateprojects/refs/heads/main/1/images/44.jpg",
    "categories": "TVK",
    "premium": false
  },
  {
    "name": "TVK",
    "url": "https://raw.githubusercontent.com/Fullcoordinateprojects/fullcoordinateprojects/refs/heads/main/1/images/45.jpg",
    "previewUrl": "https://raw.githubusercontent.com/Fullcoordinateprojects/fullcoordinateprojects/refs/heads/main/1/images/45.jpg",
    "categories": "TVK",
    "premium": false
  },
  {
    "name": "TVK",
    "url": "https://raw.githubusercontent.com/Fullcoordinateprojects/fullcoordinateprojects/refs/heads/main/1/images/46.jpg",
    "previewUrl": "https://raw.githubusercontent.com/Fullcoordinateprojects/fullcoordinateprojects/refs/heads/main/1/images/46.jpg",
    "categories": "TVK",
    "premium": false
  },
  {
    "name": "TVK",
    "url": "https://raw.githubusercontent.com/Fullcoordinateprojects/fullcoordinateprojects/refs/heads/main/1/images/47.jpg",
    "previewUrl": "https://raw.githubusercontent.com/Fullcoordinateprojects/fullcoordinateprojects/refs/heads/main/1/images/47.jpg",
    "categories": "TVK",
    "premium": false
  },
  {
    "name": "TVK",
    "url": "https://raw.githubusercontent.com/Fullcoordinateprojects/fullcoordinateprojects/refs/heads/main/1/images/48.jpg",
    "previewUrl": "https://raw.githubusercontent.com/Fullcoordinateprojects/fullcoordinateprojects/refs/heads/main/1/images/48.jpg",
    "categories": "TVK",
    "premium": false
  },
  {
    "name": "TVK",
    "url": "https://raw.githubusercontent.com/Fullcoordinateprojects/fullcoordinateprojects/refs/heads/main/1/images/49.jpg",
    "previewUrl": "https://raw.githubusercontent.com/Fullcoordinateprojects/fullcoordinateprojects/refs/heads/main/1/images/49.jpg",
    "categories": "TVK",
    "premium": false
  },
  {
    "name": "TVK",
    "url": "https://raw.githubusercontent.com/Fullcoordinateprojects/fullcoordinateprojects/refs/heads/main/1/images/50.jpg",
    "previewUrl": "https://raw.githubusercontent.com/Fullcoordinateprojects/fullcoordinateprojects/refs/heads/main/1/images/50.jpg",
    "categories": "TVK",
    "premium": false
  },
  {
    "name": "TVK",
    "url": "https://raw.githubusercontent.com/Fullcoordinateprojects/fullcoordinateprojects/refs/heads/main/1/images/51.jpg",
    "previewUrl": "https://raw.githubusercontent.com/Fullcoordinateprojects/fullcoordinateprojects/refs/heads/main/1/images/51.jpg",
    "categories": "TVK",
    "premium": false
  },
  {
    "name": "TVK",
    "url": "https://raw.githubusercontent.com/Fullcoordinateprojects/fullcoordinateprojects/refs/heads/main/1/images/52.jpg",
    "previewUrl": "https://raw.githubusercontent.com/Fullcoordinateprojects/fullcoordinateprojects/refs/heads/main/1/images/52.jpg",
    "categories": "TVK",
    "premium": false
  },
  {
    "name": "TVK",
    "url": "https://raw.githubusercontent.com/Fullcoordinateprojects/fullcoordinateprojects/refs/heads/main/1/images/53.jpg",
    "previewUrl": "https://raw.githubusercontent.com/Fullcoordinateprojects/fullcoordinateprojects/refs/heads/main/1/images/53.jpg",
    "categories": "TVK",
    "premium": false
  },
  {
    "name": "TVK",
    "url": "https://raw.githubusercontent.com/Fullcoordinateprojects/fullcoordinateprojects/refs/heads/main/1/images/54.jpg",
    "previewUrl": "https://raw.githubusercontent.com/Fullcoordinateprojects/fullcoordinateprojects/refs/heads/main/1/images/54.jpg",
    "categories": "TVK",
    "premium": false
  },
  {
    "name": "TVK",
    "url": "https://raw.githubusercontent.com/Fullcoordinateprojects/fullcoordinateprojects/refs/heads/main/1/images/57.jpg",
    "previewUrl": "https://raw.githubusercontent.com/Fullcoordinateprojects/fullcoordinateprojects/refs/heads/main/1/images/57.jpg",
    "categories": "TVK",
    "premium": false
  },
  {
    "name": "TVK",
    "url": "https://raw.githubusercontent.com/Fullcoordinateprojects/fullcoordinateprojects/refs/heads/main/1/images/59.jpg",
    "previewUrl": "https://raw.githubusercontent.com/Fullcoordinateprojects/fullcoordinateprojects/refs/heads/main/1/images/59.jpg",
    "categories": "TVK",
    "premium": false
  },
  {
    "name": "TVK",
    "url": "https://raw.githubusercontent.com/Fullcoordinateprojects/fullcoordinateprojects/refs/heads/main/1/images/60.jpg",
    "previewUrl": "https://raw.githubusercontent.com/Fullcoordinateprojects/fullcoordinateprojects/refs/heads/main/1/images/60.jpg",
    "categories": "TVK",
    "premium": false
  },
  {
    "name": "TVK",
    "url": "https://raw.githubusercontent.com/Fullcoordinateprojects/fullcoordinateprojects/refs/heads/main/1/images/61.jpg",
    "previewUrl": "https://raw.githubusercontent.com/Fullcoordinateprojects/fullcoordinateprojects/refs/heads/main/1/images/61.jpg",
    "categories": "TVK",
    "premium": false
  },
  {
    "name": "TVK",
    "url": "https://raw.githubusercontent.com/Fullcoordinateprojects/fullcoordinateprojects/refs/heads/main/1/images/62.jpg",
    "previewUrl": "https://raw.githubusercontent.com/Fullcoordinateprojects/fullcoordinateprojects/refs/heads/main/1/images/62.jpg",
    "categories": "TVK",
    "premium": false
  },
  {
    "name": "TVK",
    "url": "https://raw.githubusercontent.com/Fullcoordinateprojects/fullcoordinateprojects/refs/heads/main/1/images/63.jpg",
    "previewUrl": "https://raw.githubusercontent.com/Fullcoordinateprojects/fullcoordinateprojects/refs/heads/main/1/images/63.jpg",
    "categories": "TVK",
    "premium": false
  },
  {
    "name": "TVK",
    "url": "https://raw.githubusercontent.com/Fullcoordinateprojects/fullcoordinateprojects/refs/heads/main/1/images/64.jpg",
    "previewUrl": "https://raw.githubusercontent.com/Fullcoordinateprojects/fullcoordinateprojects/refs/heads/main/1/images/64.jpg",
    "categories": "TVK",
    "premium": false
  },
  {
    "name": "TVK",
    "url": "https://raw.githubusercontent.com/Fullcoordinateprojects/fullcoordinateprojects/refs/heads/main/1/images/65.jpg",
    "previewUrl": "https://raw.githubusercontent.com/Fullcoordinateprojects/fullcoordinateprojects/refs/heads/main/1/images/65.jpg",
    "categories": "TVK",
    "premium": false
  },
  {
    "name": "TVK",
    "url": "https://raw.githubusercontent.com/Fullcoordinateprojects/fullcoordinateprojects/refs/heads/main/1/images/66.jpg",
    "previewUrl": "https://raw.githubusercontent.com/Fullcoordinateprojects/fullcoordinateprojects/refs/heads/main/1/images/66.jpg",
    "categories": "TVK",
    "premium": false
  },
  {
    "name": "TVK",
    "url": "https://raw.githubusercontent.com/Fullcoordinateprojects/fullcoordinateprojects/refs/heads/main/1/images/67.jpg",
    "previewUrl": "https://raw.githubusercontent.com/Fullcoordinateprojects/fullcoordinateprojects/refs/heads/main/1/images/67.jpg",
    "categories": "TVK",
    "premium": false
  },
  {
    "name": "TVK",
    "url": "https://raw.githubusercontent.com/Fullcoordinateprojects/fullcoordinateprojects/refs/heads/main/1/images/68.jpg",
    "previewUrl": "https://raw.githubusercontent.com/Fullcoordinateprojects/fullcoordinateprojects/refs/heads/main/1/images/68.jpg",
    "categories": "TVK",
    "premium": false
  },
  {
    "name": "TVK",
    "url": "https://raw.githubusercontent.com/Fullcoordinateprojects/fullcoordinateprojects/refs/heads/main/1/images/69.jpg",
    "previewUrl": "https://raw.githubusercontent.com/Fullcoordinateprojects/fullcoordinateprojects/refs/heads/main/1/images/69.jpg",
    "categories": "TVK",
    "premium": false
  },
  {
    "name": "TVK",
    "url": "https://raw.githubusercontent.com/Fullcoordinateprojects/fullcoordinateprojects/refs/heads/main/1/images/70.jpg",
    "previewUrl": "https://raw.githubusercontent.com/Fullcoordinateprojects/fullcoordinateprojects/refs/heads/main/1/images/70.jpg",
    "categories": "TVK",
    "premium": false
  },
  {
    "name": "TVK",
    "url": "https://raw.githubusercontent.com/Fullcoordinateprojects/fullcoordinateprojects/refs/heads/main/1/images/31.jpeg",
    "previewUrl": "https://raw.githubusercontent.com/Fullcoordinateprojects/fullcoordinateprojects/refs/heads/main/1/images/31.jpeg",
    "categories": "TVK",
    "premium": false
  },
  {
    "name": "TVK",
    "url": "https://raw.githubusercontent.com/Fullcoordinateprojects/fullcoordinateprojects/refs/heads/main/1/images/32.jpeg",
    "previewUrl": "https://raw.githubusercontent.com/Fullcoordinateprojects/fullcoordinateprojects/refs/heads/main/1/images/32.jpeg",
    "categories": "TVK",
    "premium": false
  },
  {
    "name": "TVK",
    "url": "https://raw.githubusercontent.com/Fullcoordinateprojects/fullcoordinateprojects/refs/heads/main/1/images/33.jpeg",
    "previewUrl": "https://raw.githubusercontent.com/Fullcoordinateprojects/fullcoordinateprojects/refs/heads/main/1/images/33.jpeg",
    "categories": "TVK",
    "premium": false
  },
  {
    "name": "TVK",
    "url": "https://raw.githubusercontent.com/Fullcoordinateprojects/fullcoordinateprojects/refs/heads/main/1/images/34.webp",
    "previewUrl": "https://raw.githubusercontent.com/Fullcoordinateprojects/fullcoordinateprojects/refs/heads/main/1/images/34.webp",
    "categories": "TVK",
    "premium": false
  },
  {
    "name": "TVK",
    "url": "https://raw.githubusercontent.com/Fullcoordinateprojects/fullcoordinateprojects/refs/heads/main/1/images/35.jpeg",
    "previewUrl": "https://raw.githubusercontent.com/Fullcoordinateprojects/fullcoordinateprojects/refs/heads/main/1/images/35.jpeg",
    "categories": "TVK",
    "premium": false
  },
  {
    "name": "TVK",
    "url": "https://raw.githubusercontent.com/Fullcoordinateprojects/fullcoordinateprojects/refs/heads/main/1/images/36.jpeg",
    "previewUrl": "https://raw.githubusercontent.com/Fullcoordinateprojects/fullcoordinateprojects/refs/heads/main/1/images/36.jpeg",
    "categories": "TVK",
    "premium": false
  },
  {
    "name": "TVK",
    "url": "https://raw.githubusercontent.com/Fullcoordinateprojects/fullcoordinateprojects/refs/heads/main/1/images/37.jpeg",
    "previewUrl": "https://raw.githubusercontent.com/Fullcoordinateprojects/fullcoordinateprojects/refs/heads/main/1/images/37.jpeg",
    "categories": "TVK",
    "premium": false
  },
  {
    "name": "TVK",
    "url": "https://raw.githubusercontent.com/Fullcoordinateprojects/fullcoordinateprojects/refs/heads/main/1/images/38.jpeg",
    "previewUrl": "https://raw.githubusercontent.com/Fullcoordinateprojects/fullcoordinateprojects/refs/heads/main/1/images/38.jpeg",
    "categories": "TVK",
    "premium": false
  },
  {
    "name": "TVK",
    "url": "https://raw.githubusercontent.com/Fullcoordinateprojects/fullcoordinateprojects/refs/heads/main/1/images/39.jpeg",
    "previewUrl": "https://raw.githubusercontent.com/Fullcoordinateprojects/fullcoordinateprojects/refs/heads/main/1/images/39.jpeg",
    "categories": "TVK",
    "premium": false
  },
  {
    "name": "TVK",
    "url": "https://raw.githubusercontent.com/Fullcoordinateprojects/fullcoordinateprojects/refs/heads/main/1/images/40.jpeg",
    "previewUrl": "https://raw.githubusercontent.com/Fullcoordinateprojects/fullcoordinateprojects/refs/heads/main/1/images/40.jpeg",
    "categories": "TVK",
    "premium": false
  },
  {
    "name": "TVK",
    "url": "https://raw.githubusercontent.com/Fullcoordinateprojects/fullcoordinateprojects/refs/heads/main/1/images/42.webp",
    "previewUrl": "https://raw.githubusercontent.com/Fullcoordinateprojects/fullcoordinateprojects/refs/heads/main/1/images/42.webp",
    "categories": "TVK",
    "premium": false
  },
  {
    "name": "TVK",
    "url": "https://raw.githubusercontent.com/Fullcoordinateprojects/fullcoordinateprojects/refs/heads/main/1/images/43.jpeg",
    "previewUrl": "https://raw.githubusercontent.com/Fullcoordinateprojects/fullcoordinateprojects/refs/heads/main/1/images/43.jpeg",
    "categories": "TVK",
    "premium": false
  }
]