[
  {
    "name": "Cat Wallpaper",
    "url": "https://raw.githubusercontent.com/Fullcoordinateprojects/fullcoordinateprojects/refs/heads/main/26/images/Cat Wallpaper 1.jpg",
    "previewUrl": "https://raw.githubusercontent.com/Fullcoordinateprojects/fullcoordinateprojects/refs/heads/main/26/images/Cat Wallpaper 1.jpg",
    "categories": "Cat Wallpaper",
    "premium": false
  },
  {
    "name": "Cat Wallpaper",
    "url": "https://raw.githubusercontent.com/Fullcoordinateprojects/fullcoordinateprojects/refs/heads/main/26/images/Cat Wallpaper 2.jpg",
    "previewUrl": "https://raw.githubusercontent.com/Fullcoordinateprojects/fullcoordinateprojects/refs/heads/main/26/images/Cat Wallpaper 2.jpg",
    "categories": "Cat Wallpaper",
    "premium": false
  },
  {
    "name": "Cat Wallpaper",
    "url": "https://raw.githubusercontent.com/Fullcoordinateprojects/fullcoordinateprojects/refs/heads/main/26/images/Cat Wallpaper 3.jpg",
    "previewUrl": "https://raw.githubusercontent.com/Fullcoordinateprojects/fullcoordinateprojects/refs/heads/main/26/images/Cat Wallpaper 3.jpg",
    "categories": "Cat Wallpaper",
    "premium": false
  },
  {
    "name": "Cat Wallpaper",
    "url": "https://raw.githubusercontent.com/Fullcoordinateprojects/fullcoordinateprojects/refs/heads/main/26/images/Cat Wallpaper 4.jpg",
    "previewUrl": "https://raw.githubusercontent.com/Fullcoordinateprojects/fullcoordinateprojects/refs/heads/main/26/images/Cat Wallpaper 4.jpg",
    "categories": "Cat Wallpaper",
    "premium": false
  },
  {
    "name": "Cat Wallpaper",
    "url": "https://raw.githubusercontent.com/Fullcoordinateprojects/fullcoordinateprojects/refs/heads/main/26/images/Cat Wallpaper 5.jpg",
    "previewUrl": "https://raw.githubusercontent.com/Fullcoordinateprojects/fullcoordinateprojects/refs/heads/main/26/images/Cat Wallpaper 5.jpg",
    "categories": "Cat Wallpaper",
    "premium": false
  },
  {
    "name": "Cat Wallpaper",
    "url": "https://raw.githubusercontent.com/Fullcoordinateprojects/fullcoordinateprojects/refs/heads/main/26/images/Cat Wallpaper 6.jpg",
    "previewUrl": "https://raw.githubusercontent.com/Fullcoordinateprojects/fullcoordinateprojects/refs/heads/main/26/images/Cat Wallpaper 6.jpg",
    "categories": "Cat Wallpaper",
    "premium": false
  },
  {
    "name": "Cat Wallpaper",
    "url": "https://raw.githubusercontent.com/Fullcoordinateprojects/fullcoordinateprojects/refs/heads/main/26/images/Cat Wallpaper 7.jpg",
    "previewUrl": "https://raw.githubusercontent.com/Fullcoordinateprojects/fullcoordinateprojects/refs/heads/main/26/images/Cat Wallpaper 7.jpg",
    "categories": "Cat Wallpaper",
    "premium": false
  },
  {
    "name": "Cat Wallpaper",
    "url": "https://raw.githubusercontent.com/Fullcoordinateprojects/fullcoordinateprojects/refs/heads/main/26/images/Cat Wallpaper 8.jpg",
    "previewUrl": "https://raw.githubusercontent.com/Fullcoordinateprojects/fullcoordinateprojects/refs/heads/main/26/images/Cat Wallpaper 8.jpg",
    "categories": "Cat Wallpaper",
    "premium": false
  },
  {
    "name": "Cat Wallpaper",
    "url": "https://raw.githubusercontent.com/Fullcoordinateprojects/fullcoordinateprojects/refs/heads/main/26/images/Cat Wallpaper 9.jpg",
    "previewUrl": "https://raw.githubusercontent.com/Fullcoordinateprojects/fullcoordinateprojects/refs/heads/main/26/images/Cat Wallpaper 9.jpg",
    "categories": "Cat Wallpaper",
    "premium": false
  },
  {
    "name": "Cat Wallpaper",
    "url": "https://raw.githubusercontent.com/Fullcoordinateprojects/fullcoordinateprojects/refs/heads/main/26/images/Cat Wallpaper 10.jpg",
    "previewUrl": "https://raw.githubusercontent.com/Fullcoordinateprojects/fullcoordinateprojects/refs/heads/main/26/images/Cat Wallpaper 10.jpg",
    "categories": "Cat Wallpaper",
    "premium": false
  },
  {
    "name": "Cat Wallpaper",
    "url": "https://raw.githubusercontent.com/Fullcoordinateprojects/fullcoordinateprojects/refs/heads/main/26/images/Cat Wallpaper 11.jpg",
    "previewUrl": "https://raw.githubusercontent.com/Fullcoordinateprojects/fullcoordinateprojects/refs/heads/main/26/images/Cat Wallpaper 11.jpg",
    "categories": "Cat Wallpaper",
    "premium": false
  },
  {
    "name": "Cat Wallpaper",
    "url": "https://raw.githubusercontent.com/Fullcoordinateprojects/fullcoordinateprojects/refs/heads/main/26/images/Cat Wallpaper 12.jpg",
    "previewUrl": "https://raw.githubusercontent.com/Fullcoordinateprojects/fullcoordinateprojects/refs/heads/main/26/images/Cat Wallpaper 12.jpg",
    "categories": "Cat Wallpaper",
    "premium": false
  },
  {
    "name": "Cat Wallpaper",
    "url": "https://raw.githubusercontent.com/Fullcoordinateprojects/fullcoordinateprojects/refs/heads/main/26/images/Cat Wallpaper 13.jpg",
    "previewUrl": "https://raw.githubusercontent.com/Fullcoordinateprojects/fullcoordinateprojects/refs/heads/main/26/images/Cat Wallpaper 13.jpg",
    "categories": "Cat Wallpaper",
    "premium": false
  },
  {
    "name": "Cat Wallpaper",
    "url": "https://raw.githubusercontent.com/Fullcoordinateprojects/fullcoordinateprojects/refs/heads/main/26/images/Cat Wallpaper 14.jpg",
    "previewUrl": "https://raw.githubusercontent.com/Fullcoordinateprojects/fullcoordinateprojects/refs/heads/main/26/images/Cat Wallpaper 14.jpg",
    "categories": "Cat Wallpaper",
    "premium": false
  },
  {
    "name": "Cat Wallpaper",
    "url": "https://raw.githubusercontent.com/Fullcoordinateprojects/fullcoordinateprojects/refs/heads/main/26/images/Cat Wallpaper 15.jpg",
    "previewUrl": "https://raw.githubusercontent.com/Fullcoordinateprojects/fullcoordinateprojects/refs/heads/main/26/images/Cat Wallpaper 15.jpg",
    "categories": "Cat Wallpaper",
    "premium": false
  },
  {
    "name": "Cat Wallpaper",
    "url": "https://raw.githubusercontent.com/Fullcoordinateprojects/fullcoordinateprojects/refs/heads/main/26/images/Cat Wallpaper 16.jpg",
    "previewUrl": "https://raw.githubusercontent.com/Fullcoordinateprojects/fullcoordinateprojects/refs/heads/main/26/images/Cat Wallpaper 16.jpg",
    "categories": "Cat Wallpaper",
    "premium": false
  },
  {
    "name": "Cat Wallpaper",
    "url": "https://raw.githubusercontent.com/Fullcoordinateprojects/fullcoordinateprojects/refs/heads/main/26/images/Cat Wallpaper 17.jpg",
    "previewUrl": "https://raw.githubusercontent.com/Fullcoordinateprojects/fullcoordinateprojects/refs/heads/main/26/images/Cat Wallpaper 17.jpg",
    "categories": "Cat Wallpaper",
    "premium": false
  },
  {
    "name": "Cat Wallpaper",
    "url": "https://raw.githubusercontent.com/Fullcoordinateprojects/fullcoordinateprojects/refs/heads/main/26/images/Cat Wallpaper 18.jpg",
    "previewUrl": "https://raw.githubusercontent.com/Fullcoordinateprojects/fullcoordinateprojects/refs/heads/main/26/images/Cat Wallpaper 18.jpg",
    "categories": "Cat Wallpaper",
    "premium": false
  },
  {
    "name": "Cat Wallpaper",
    "url": "https://raw.githubusercontent.com/Fullcoordinateprojects/fullcoordinateprojects/refs/heads/main/26/images/Cat Wallpaper 19.jpg",
    "previewUrl": "https://raw.githubusercontent.com/Fullcoordinateprojects/fullcoordinateprojects/refs/heads/main/26/images/Cat Wallpaper 19.jpg",
    "categories": "Cat Wallpaper",
    "premium": false
  },
  {
    "name": "Cat Wallpaper",
    "url": "https://raw.githubusercontent.com/Fullcoordinateprojects/fullcoordinateprojects/refs/heads/main/26/images/Cat Wallpaper 20.jpg",
    "previewUrl": "https://raw.githubusercontent.com/Fullcoordinateprojects/fullcoordinateprojects/refs/heads/main/26/images/Cat Wallpaper 20.jpg",
    "categories": "Cat Wallpaper",
    "premium": false
  },
    {
    "name": "Cat Wallpaper",
    "url": "https://raw.githubusercontent.com/Fullcoordinateprojects/fullcoordinateprojects/refs/heads/main/26/images/Cat Wallpaper 21.jpg",
    "previewUrl": "https://raw.githubusercontent.com/Fullcoordinateprojects/fullcoordinateprojects/refs/heads/main/26/images/Cat Wallpaper 21.jpg",
    "categories": "Cat Wallpaper",
    "premium": false
  },
  {
    "name": "Cat Wallpaper",
    "url": "https://raw.githubusercontent.com/Fullcoordinateprojects/fullcoordinateprojects/refs/heads/main/26/images/Cat Wallpaper 22.jpg",
    "previewUrl": "https://raw.githubusercontent.com/Fullcoordinateprojects/fullcoordinateprojects/refs/heads/main/26/images/Cat Wallpaper 22.jpg",
    "categories": "Cat Wallpaper",
    "premium": false
  },
  {
    "name": "Cat Wallpaper",
    "url": "https://raw.githubusercontent.com/Fullcoordinateprojects/fullcoordinateprojects/refs/heads/main/26/images/Cat Wallpaper 23.jpg",
    "previewUrl": "https://raw.githubusercontent.com/Fullcoordinateprojects/fullcoordinateprojects/refs/heads/main/26/images/Cat Wallpaper 23.jpg",
    "categories": "Cat Wallpaper",
    "premium": false
  },
  {
    "name": "Cat Wallpaper",
    "url": "https://raw.githubusercontent.com/Fullcoordinateprojects/fullcoordinateprojects/refs/heads/main/26/images/Cat Wallpaper 24.jpg",
    "previewUrl": "https://raw.githubusercontent.com/Fullcoordinateprojects/fullcoordinateprojects/refs/heads/main/26/images/Cat Wallpaper 24.jpg",
    "categories": "Cat Wallpaper",
    "premium": false
  },
  {
    "name": "Cat Wallpaper",
    "url": "https://raw.githubusercontent.com/Fullcoordinateprojects/fullcoordinateprojects/refs/heads/main/26/images/Cat Wallpaper 25.jpg",
    "previewUrl": "https://raw.githubusercontent.com/Fullcoordinateprojects/fullcoordinateprojects/refs/heads/main/26/images/Cat Wallpaper 25.jpg",
    "categories": "Cat Wallpaper",
    "premium": false
  },
  {
    "name": "Cat Wallpaper",
    "url": "https://raw.githubusercontent.com/Fullcoordinateprojects/fullcoordinateprojects/refs/heads/main/26/images/Cat Wallpaper 26.jpg",
    "previewUrl": "https://raw.githubusercontent.com/Fullcoordinateprojects/fullcoordinateprojects/refs/heads/main/26/images/Cat Wallpaper 26.jpg",
    "categories": "Cat Wallpaper",
    "premium": false
  },
  {
    "name": "Cat Wallpaper",
    "url": "https://raw.githubusercontent.com/Fullcoordinateprojects/fullcoordinateprojects/refs/heads/main/26/images/Cat Wallpaper 27.jpg",
    "previewUrl": "https://raw.githubusercontent.com/Fullcoordinateprojects/fullcoordinateprojects/refs/heads/main/26/images/Cat Wallpaper 27.jpg",
    "categories": "Cat Wallpaper",
    "premium": false
  },
  {
    "name": "Cat Wallpaper",
    "url": "https://raw.githubusercontent.com/Fullcoordinateprojects/fullcoordinateprojects/refs/heads/main/26/images/Cat Wallpaper 28.jpg",
    "previewUrl": "https://raw.githubusercontent.com/Fullcoordinateprojects/fullcoordinateprojects/refs/heads/main/26/images/Cat Wallpaper 28.jpg",
    "categories": "Cat Wallpaper",
    "premium": false
  },
  {
    "name": "Cat Wallpaper",
    "url": "https://raw.githubusercontent.com/Fullcoordinateprojects/fullcoordinateprojects/refs/heads/main/26/images/Cat Wallpaper 29.jpg",
    "previewUrl": "https://raw.githubusercontent.com/Fullcoordinateprojects/fullcoordinateprojects/refs/heads/main/26/images/Cat Wallpaper 29.jpg",
    "categories": "Cat Wallpaper",
    "premium": false
  },
  {
    "name": "Cat Wallpaper",
    "url": "https://raw.githubusercontent.com/Fullcoordinateprojects/fullcoordinateprojects/refs/heads/main/26/images/Cat Wallpaper 30.jpg",
    "previewUrl": "https://raw.githubusercontent.com/Fullcoordinateprojects/fullcoordinateprojects/refs/heads/main/26/images/Cat Wallpaper 30.jpg",
    "categories": "Cat Wallpaper",
    "premium": false
  },
  {
    "name": "Cat Wallpaper",
    "url": "https://raw.githubusercontent.com/Fullcoordinateprojects/fullcoordinateprojects/refs/heads/main/26/images/Cat Wallpaper 31.jpg",
    "previewUrl": "https://raw.githubusercontent.com/Fullcoordinateprojects/fullcoordinateprojects/refs/heads/main/26/images/Cat Wallpaper 31.jpg",
    "categories": "Cat Wallpaper",
    "premium": false
  },
  {
    "name": "Cat Wallpaper",
    "url": "https://raw.githubusercontent.com/Fullcoordinateprojects/fullcoordinateprojects/refs/heads/main/26/images/Cat Wallpaper 32.jpg",
    "previewUrl": "https://raw.githubusercontent.com/Fullcoordinateprojects/fullcoordinateprojects/refs/heads/main/26/images/Cat Wallpaper 32.jpg",
    "categories": "Cat Wallpaper",
    "premium": false
  },
  {
    "name": "Cat Wallpaper",
    "url": "https://raw.githubusercontent.com/Fullcoordinateprojects/fullcoordinateprojects/refs/heads/main/26/images/Cat Wallpaper 33.jpg",
    "previewUrl": "https://raw.githubusercontent.com/Fullcoordinateprojects/fullcoordinateprojects/refs/heads/main/26/images/Cat Wallpaper 33.jpg",
    "categories": "Cat Wallpaper",
    "premium": false
  },
  {
    "name": "Cat Wallpaper",
    "url": "https://raw.githubusercontent.com/Fullcoordinateprojects/fullcoordinateprojects/refs/heads/main/26/images/Cat Wallpaper 34.jpg",
    "previewUrl": "https://raw.githubusercontent.com/Fullcoordinateprojects/fullcoordinateprojects/refs/heads/main/26/images/Cat Wallpaper 34.jpg",
    "categories": "Cat Wallpaper",
    "premium": false
  },
  {
    "name": "Cat Wallpaper",
    "url": "https://raw.githubusercontent.com/Fullcoordinateprojects/fullcoordinateprojects/refs/heads/main/26/images/Cat Wallpaper 35.jpg",
    "previewUrl": "https://raw.githubusercontent.com/Fullcoordinateprojects/fullcoordinateprojects/refs/heads/main/26/images/Cat Wallpaper 35.jpg",
    "categories": "Cat Wallpaper",
    "premium": false
  },
  {
    "name": "Cat Wallpaper",
    "url": "https://raw.githubusercontent.com/Fullcoordinateprojects/fullcoordinateprojects/refs/heads/main/26/images/Cat Wallpaper 36.jpg",
    "previewUrl": "https://raw.githubusercontent.com/Fullcoordinateprojects/fullcoordinateprojects/refs/heads/main/26/images/Cat Wallpaper 36.jpg",
    "categories": "Cat Wallpaper",
    "premium": false
  },
  {
    "name": "Cat Wallpaper",
    "url": "https://raw.githubusercontent.com/Fullcoordinateprojects/fullcoordinateprojects/refs/heads/main/26/images/Cat Wallpaper 37.jpg",
    "previewUrl": "https://raw.githubusercontent.com/Fullcoordinateprojects/fullcoordinateprojects/refs/heads/main/26/images/Cat Wallpaper 37.jpg",
    "categories": "Cat Wallpaper",
    "premium": false
  },
  {
    "name": "Cat Wallpaper",
    "url": "https://raw.githubusercontent.com/Fullcoordinateprojects/fullcoordinateprojects/refs/heads/main/26/images/Cat Wallpaper 38.jpg",
    "previewUrl": "https://raw.githubusercontent.com/Fullcoordinateprojects/fullcoordinateprojects/refs/heads/main/26/images/Cat Wallpaper 38.jpg",
    "categories": "Cat Wallpaper",
    "premium": false
  },
  {
    "name": "Cat Wallpaper",
    "url": "https://raw.githubusercontent.com/Fullcoordinateprojects/fullcoordinateprojects/refs/heads/main/26/images/Cat Wallpaper 39.jpg",
    "previewUrl": "https://raw.githubusercontent.com/Fullcoordinateprojects/fullcoordinateprojects/refs/heads/main/26/images/Cat Wallpaper 39.jpg",
    "categories": "Cat Wallpaper",
    "premium": false
  },
  {
    "name": "Cat Wallpaper",
    "url": "https://raw.githubusercontent.com/Fullcoordinateprojects/fullcoordinateprojects/refs/heads/main/26/images/Cat Wallpaper 40.jpg",
    "previewUrl": "https://raw.githubusercontent.com/Fullcoordinateprojects/fullcoordinateprojects/refs/heads/main/26/images/Cat Wallpaper 40.jpg",
    "categories": "Cat Wallpaper",
    "premium": false
  },
  {
    "name": "Cat Wallpaper",
    "url": "https://raw.githubusercontent.com/Fullcoordinateprojects/fullcoordinateprojects/refs/heads/main/26/images/Cat Wallpaper 41.jpg",
    "previewUrl": "https://raw.githubusercontent.com/Fullcoordinateprojects/fullcoordinateprojects/refs/heads/main/26/images/Cat Wallpaper 41.jpg",
    "categories": "Cat Wallpaper",
    "premium": false
  },
  {
    "name": "Cat Wallpaper",
    "url": "https://raw.githubusercontent.com/Fullcoordinateprojects/fullcoordinateprojects/refs/heads/main/26/images/Cat Wallpaper 42.jpg",
    "previewUrl": "https://raw.githubusercontent.com/Fullcoordinateprojects/fullcoordinateprojects/refs/heads/main/26/images/Cat Wallpaper 42.jpg",
    "categories": "Cat Wallpaper",
    "premium": false
  },
  {
    "name": "Cat Wallpaper",
    "url": "https://raw.githubusercontent.com/Fullcoordinateprojects/fullcoordinateprojects/refs/heads/main/26/images/Cat Wallpaper 43.jpg",
    "previewUrl": "https://raw.githubusercontent.com/Fullcoordinateprojects/fullcoordinateprojects/refs/heads/main/26/images/Cat Wallpaper 43.jpg",
    "categories": "Cat Wallpaper",
    "premium": false
  },
  {
    "name": "Cat Wallpaper",
    "url": "https://raw.githubusercontent.com/Fullcoordinateprojects/fullcoordinateprojects/refs/heads/main/26/images/Cat Wallpaper 44.jpg",
    "previewUrl": "https://raw.githubusercontent.com/Fullcoordinateprojects/fullcoordinateprojects/refs/heads/main/26/images/Cat Wallpaper 44.jpg",
    "categories": "Cat Wallpaper",
    "premium": false
  },
  {
    "name": "Cat Wallpaper",
    "url": "https://raw.githubusercontent.com/Fullcoordinateprojects/fullcoordinateprojects/refs/heads/main/26/images/Cat Wallpaper 45.jpg",
    "previewUrl": "https://raw.githubusercontent.com/Fullcoordinateprojects/fullcoordinateprojects/refs/heads/main/26/images/Cat Wallpaper 45.jpg",
    "categories": "Cat Wallpaper",
    "premium": false
  },
  {
    "name": "Cat Wallpaper",
    "url": "https://raw.githubusercontent.com/Fullcoordinateprojects/fullcoordinateprojects/refs/heads/main/26/images/Cat Wallpaper 46.jpg",
    "previewUrl": "https://raw.githubusercontent.com/Fullcoordinateprojects/fullcoordinateprojects/refs/heads/main/26/images/Cat Wallpaper 46.jpg",
    "categories": "Cat Wallpaper",
    "premium": false
  },
  {
    "name": "Cat Wallpaper",
    "url": "https://raw.githubusercontent.com/Fullcoordinateprojects/fullcoordinateprojects/refs/heads/main/26/images/Cat Wallpaper 47.jpg",
    "previewUrl": "https://raw.githubusercontent.com/Fullcoordinateprojects/fullcoordinateprojects/refs/heads/main/26/images/Cat Wallpaper 47.jpg",
    "categories": "Cat Wallpaper",
    "premium": false
  },
  {
    "name": "Cat Wallpaper",
    "url": "https://raw.githubusercontent.com/Fullcoordinateprojects/fullcoordinateprojects/refs/heads/main/26/images/Cat Wallpaper 48.jpg",
    "previewUrl": "https://raw.githubusercontent.com/Fullcoordinateprojects/fullcoordinateprojects/refs/heads/main/26/images/Cat Wallpaper 48.jpg",
    "categories": "Cat Wallpaper",
    "premium": false
  },
  {
    "name": "Cat Wallpaper",
    "url": "https://raw.githubusercontent.com/Fullcoordinateprojects/fullcoordinateprojects/refs/heads/main/26/images/Cat Wallpaper 49.jpg",
    "previewUrl": "https://raw.githubusercontent.com/Fullcoordinateprojects/fullcoordinateprojects/refs/heads/main/26/images/Cat Wallpaper 49.jpg",
    "categories": "Cat Wallpaper",
    "premium": false
  },
  {
    "name": "Cat Wallpaper",
    "url": "https://raw.githubusercontent.com/Fullcoordinateprojects/fullcoordinateprojects/refs/heads/main/26/images/Cat Wallpaper 50.jpg",
    "previewUrl": "https://raw.githubusercontent.com/Fullcoordinateprojects/fullcoordinateprojects/refs/heads/main/26/images/Cat Wallpaper 50.jpg",
    "categories": "Cat Wallpaper",
    "premium": false
  }
]