[
  {
    "name": "Cat Wallpaper",
    "url": "https://raw.githubusercontent.com/Fullcoordinateprojects/fullcoordinateprojects/refs/heads/main/26/images/Cat Wallpaper 1.JPG",
    "previewUrl": "https://raw.githubusercontent.com/Fullcoordinateprojects/fullcoordinateprojects/refs/heads/main/26/images/Cat Wallpaper 1.JPG",
    "categories": "Cat Wallpaper",
    "premium": false
  },
  {
    "name": "Cat Wallpaper",
    "url": "https://raw.githubusercontent.com/Fullcoordinateprojects/fullcoordinateprojects/refs/heads/main/26/images/Cat Wallpaper 2.JPG",
    "previewUrl": "https://raw.githubusercontent.com/Fullcoordinateprojects/fullcoordinateprojects/refs/heads/main/26/images/Cat Wallpaper 2.JPG",
    "categories": "Cat Wallpaper",
    "premium": false
  },
  {
    "name": "Cat Wallpaper",
    "url": "https://raw.githubusercontent.com/Fullcoordinateprojects/fullcoordinateprojects/refs/heads/main/26/images/Cat Wallpaper 3.JPG",
    "previewUrl": "https://raw.githubusercontent.com/Fullcoordinateprojects/fullcoordinateprojects/refs/heads/main/26/images/Cat Wallpaper 3.JPG",
    "categories": "Cat Wallpaper",
    "premium": false
  },
  {
    "name": "Cat Wallpaper",
    "url": "https://raw.githubusercontent.com/Fullcoordinateprojects/fullcoordinateprojects/refs/heads/main/26/images/Cat Wallpaper 4.JPG",
    "previewUrl": "https://raw.githubusercontent.com/Fullcoordinateprojects/fullcoordinateprojects/refs/heads/main/26/images/Cat Wallpaper 4.JPG",
    "categories": "Cat Wallpaper",
    "premium": false
  },
  {
    "name": "Cat Wallpaper",
    "url": "https://raw.githubusercontent.com/Fullcoordinateprojects/fullcoordinateprojects/refs/heads/main/26/images/Cat Wallpaper 5.JPG",
    "previewUrl": "https://raw.githubusercontent.com/Fullcoordinateprojects/fullcoordinateprojects/refs/heads/main/26/images/Cat Wallpaper 5.JPG",
    "categories": "Cat Wallpaper",
    "premium": false
  },
  {
    "name": "Cat Wallpaper",
    "url": "https://raw.githubusercontent.com/Fullcoordinateprojects/fullcoordinateprojects/refs/heads/main/26/images/Cat Wallpaper 6.JPG",
    "previewUrl": "https://raw.githubusercontent.com/Fullcoordinateprojects/fullcoordinateprojects/refs/heads/main/26/images/Cat Wallpaper 6.JPG",
    "categories": "Cat Wallpaper",
    "premium": false
  },
  {
    "name": "Cat Wallpaper",
    "url": "https://raw.githubusercontent.com/Fullcoordinateprojects/fullcoordinateprojects/refs/heads/main/26/images/Cat Wallpaper 7.JPG",
    "previewUrl": "https://raw.githubusercontent.com/Fullcoordinateprojects/fullcoordinateprojects/refs/heads/main/26/images/Cat Wallpaper 7.JPG",
    "categories": "Cat Wallpaper",
    "premium": false
  },
  {
    "name": "Cat Wallpaper",
    "url": "https://raw.githubusercontent.com/Fullcoordinateprojects/fullcoordinateprojects/refs/heads/main/26/images/Cat Wallpaper 8.JPG",
    "previewUrl": "https://raw.githubusercontent.com/Fullcoordinateprojects/fullcoordinateprojects/refs/heads/main/26/images/Cat Wallpaper 8.JPG",
    "categories": "Cat Wallpaper",
    "premium": false
  },
  {
    "name": "Cat Wallpaper",
    "url": "https://raw.githubusercontent.com/Fullcoordinateprojects/fullcoordinateprojects/refs/heads/main/26/images/Cat Wallpaper 9.JPG",
    "previewUrl": "https://raw.githubusercontent.com/Fullcoordinateprojects/fullcoordinateprojects/refs/heads/main/26/images/Cat Wallpaper 9.JPG",
    "categories": "Cat Wallpaper",
    "premium": false
  },
  {
    "name": "Cat Wallpaper",
    "url": "https://raw.githubusercontent.com/Fullcoordinateprojects/fullcoordinateprojects/refs/heads/main/26/images/Cat Wallpaper 10.JPG",
    "previewUrl": "https://raw.githubusercontent.com/Fullcoordinateprojects/fullcoordinateprojects/refs/heads/main/26/images/Cat Wallpaper 10.JPG",
    "categories": "Cat Wallpaper",
    "premium": false
  },
  {
    "name": "Cat Wallpaper",
    "url": "https://raw.githubusercontent.com/Fullcoordinateprojects/fullcoordinateprojects/refs/heads/main/26/images/Cat Wallpaper 11.JPG",
    "previewUrl": "https://raw.githubusercontent.com/Fullcoordinateprojects/fullcoordinateprojects/refs/heads/main/26/images/Cat Wallpaper 11.JPG",
    "categories": "Cat Wallpaper",
    "premium": false
  },
  {
    "name": "Cat Wallpaper",
    "url": "https://raw.githubusercontent.com/Fullcoordinateprojects/fullcoordinateprojects/refs/heads/main/26/images/Cat Wallpaper 12.JPG",
    "previewUrl": "https://raw.githubusercontent.com/Fullcoordinateprojects/fullcoordinateprojects/refs/heads/main/26/images/Cat Wallpaper 12.JPG",
    "categories": "Cat Wallpaper",
    "premium": false
  },
  {
    "name": "Cat Wallpaper",
    "url": "https://raw.githubusercontent.com/Fullcoordinateprojects/fullcoordinateprojects/refs/heads/main/26/images/Cat Wallpaper 13.JPG",
    "previewUrl": "https://raw.githubusercontent.com/Fullcoordinateprojects/fullcoordinateprojects/refs/heads/main/26/images/Cat Wallpaper 13.JPG",
    "categories": "Cat Wallpaper",
    "premium": false
  },
  {
    "name": "Cat Wallpaper",
    "url": "https://raw.githubusercontent.com/Fullcoordinateprojects/fullcoordinateprojects/refs/heads/main/26/images/Cat Wallpaper 14.JPG",
    "previewUrl": "https://raw.githubusercontent.com/Fullcoordinateprojects/fullcoordinateprojects/refs/heads/main/26/images/Cat Wallpaper 14.JPG",
    "categories": "Cat Wallpaper",
    "premium": false
  },
  {
    "name": "Cat Wallpaper",
    "url": "https://raw.githubusercontent.com/Fullcoordinateprojects/fullcoordinateprojects/refs/heads/main/26/images/Cat Wallpaper 15.JPG",
    "previewUrl": "https://raw.githubusercontent.com/Fullcoordinateprojects/fullcoordinateprojects/refs/heads/main/26/images/Cat Wallpaper 15.JPG",
    "categories": "Cat Wallpaper",
    "premium": false
  },
  {
    "name": "Cat Wallpaper",
    "url": "https://raw.githubusercontent.com/Fullcoordinateprojects/fullcoordinateprojects/refs/heads/main/26/images/Cat Wallpaper 16.JPG",
    "previewUrl": "https://raw.githubusercontent.com/Fullcoordinateprojects/fullcoordinateprojects/refs/heads/main/26/images/Cat Wallpaper 16.JPG",
    "categories": "Cat Wallpaper",
    "premium": false
  },
  {
    "name": "Cat Wallpaper",
    "url": "https://raw.githubusercontent.com/Fullcoordinateprojects/fullcoordinateprojects/refs/heads/main/26/images/Cat Wallpaper 17.JPG",
    "previewUrl": "https://raw.githubusercontent.com/Fullcoordinateprojects/fullcoordinateprojects/refs/heads/main/26/images/Cat Wallpaper 17.JPG",
    "categories": "Cat Wallpaper",
    "premium": false
  },
  {
    "name": "Cat Wallpaper",
    "url": "https://raw.githubusercontent.com/Fullcoordinateprojects/fullcoordinateprojects/refs/heads/main/26/images/Cat Wallpaper 18.JPG",
    "previewUrl": "https://raw.githubusercontent.com/Fullcoordinateprojects/fullcoordinateprojects/refs/heads/main/26/images/Cat Wallpaper 18.JPG",
    "categories": "Cat Wallpaper",
    "premium": false
  },
  {
    "name": "Cat Wallpaper",
    "url": "https://raw.githubusercontent.com/Fullcoordinateprojects/fullcoordinateprojects/refs/heads/main/26/images/Cat Wallpaper 19.JPG",
    "previewUrl": "https://raw.githubusercontent.com/Fullcoordinateprojects/fullcoordinateprojects/refs/heads/main/26/images/Cat Wallpaper 19.JPG",
    "categories": "Cat Wallpaper",
    "premium": false
  },
  {
    "name": "Cat Wallpaper",
    "url": "https://raw.githubusercontent.com/Fullcoordinateprojects/fullcoordinateprojects/refs/heads/main/26/images/Cat Wallpaper 20.JPG",
    "previewUrl": "https://raw.githubusercontent.com/Fullcoordinateprojects/fullcoordinateprojects/refs/heads/main/26/images/Cat Wallpaper 20.JPG",
    "categories": "Cat Wallpaper",
    "premium": false
  },
    {
    "name": "Cat Wallpaper",
    "url": "https://raw.githubusercontent.com/Fullcoordinateprojects/fullcoordinateprojects/refs/heads/main/26/images/Cat Wallpaper 21.JPG",
    "previewUrl": "https://raw.githubusercontent.com/Fullcoordinateprojects/fullcoordinateprojects/refs/heads/main/26/images/Cat Wallpaper 21.JPG",
    "categories": "Cat Wallpaper",
    "premium": false
  },
  {
    "name": "Cat Wallpaper",
    "url": "https://raw.githubusercontent.com/Fullcoordinateprojects/fullcoordinateprojects/refs/heads/main/26/images/Cat Wallpaper 22.JPG",
    "previewUrl": "https://raw.githubusercontent.com/Fullcoordinateprojects/fullcoordinateprojects/refs/heads/main/26/images/Cat Wallpaper 22.JPG",
    "categories": "Cat Wallpaper",
    "premium": false
  },
  {
    "name": "Cat Wallpaper",
    "url": "https://raw.githubusercontent.com/Fullcoordinateprojects/fullcoordinateprojects/refs/heads/main/26/images/Cat Wallpaper 23.JPG",
    "previewUrl": "https://raw.githubusercontent.com/Fullcoordinateprojects/fullcoordinateprojects/refs/heads/main/26/images/Cat Wallpaper 23.JPG",
    "categories": "Cat Wallpaper",
    "premium": false
  },
  {
    "name": "Cat Wallpaper",
    "url": "https://raw.githubusercontent.com/Fullcoordinateprojects/fullcoordinateprojects/refs/heads/main/26/images/Cat Wallpaper 24.JPG",
    "previewUrl": "https://raw.githubusercontent.com/Fullcoordinateprojects/fullcoordinateprojects/refs/heads/main/26/images/Cat Wallpaper 24.JPG",
    "categories": "Cat Wallpaper",
    "premium": false
  },
  {
    "name": "Cat Wallpaper",
    "url": "https://raw.githubusercontent.com/Fullcoordinateprojects/fullcoordinateprojects/refs/heads/main/26/images/Cat Wallpaper 25.JPG",
    "previewUrl": "https://raw.githubusercontent.com/Fullcoordinateprojects/fullcoordinateprojects/refs/heads/main/26/images/Cat Wallpaper 25.JPG",
    "categories": "Cat Wallpaper",
    "premium": false
  },
  {
    "name": "Cat Wallpaper",
    "url": "https://raw.githubusercontent.com/Fullcoordinateprojects/fullcoordinateprojects/refs/heads/main/26/images/Cat Wallpaper 26.JPG",
    "previewUrl": "https://raw.githubusercontent.com/Fullcoordinateprojects/fullcoordinateprojects/refs/heads/main/26/images/Cat Wallpaper 26.JPG",
    "categories": "Cat Wallpaper",
    "premium": false
  },
  {
    "name": "Cat Wallpaper",
    "url": "https://raw.githubusercontent.com/Fullcoordinateprojects/fullcoordinateprojects/refs/heads/main/26/images/Cat Wallpaper 27.JPG",
    "previewUrl": "https://raw.githubusercontent.com/Fullcoordinateprojects/fullcoordinateprojects/refs/heads/main/26/images/Cat Wallpaper 27.JPG",
    "categories": "Cat Wallpaper",
    "premium": false
  },
  {
    "name": "Cat Wallpaper",
    "url": "https://raw.githubusercontent.com/Fullcoordinateprojects/fullcoordinateprojects/refs/heads/main/26/images/Cat Wallpaper 28.JPG",
    "previewUrl": "https://raw.githubusercontent.com/Fullcoordinateprojects/fullcoordinateprojects/refs/heads/main/26/images/Cat Wallpaper 28.JPG",
    "categories": "Cat Wallpaper",
    "premium": false
  },
  {
    "name": "Cat Wallpaper",
    "url": "https://raw.githubusercontent.com/Fullcoordinateprojects/fullcoordinateprojects/refs/heads/main/26/images/Cat Wallpaper 29.JPG",
    "previewUrl": "https://raw.githubusercontent.com/Fullcoordinateprojects/fullcoordinateprojects/refs/heads/main/26/images/Cat Wallpaper 29.JPG",
    "categories": "Cat Wallpaper",
    "premium": false
  },
  {
    "name": "Cat Wallpaper",
    "url": "https://raw.githubusercontent.com/Fullcoordinateprojects/fullcoordinateprojects/refs/heads/main/26/images/Cat Wallpaper 30.JPG",
    "previewUrl": "https://raw.githubusercontent.com/Fullcoordinateprojects/fullcoordinateprojects/refs/heads/main/26/images/Cat Wallpaper 30.JPG",
    "categories": "Cat Wallpaper",
    "premium": false
  },
  {
    "name": "Cat Wallpaper",
    "url": "https://raw.githubusercontent.com/Fullcoordinateprojects/fullcoordinateprojects/refs/heads/main/26/images/Cat Wallpaper 31.JPG",
    "previewUrl": "https://raw.githubusercontent.com/Fullcoordinateprojects/fullcoordinateprojects/refs/heads/main/26/images/Cat Wallpaper 31.JPG",
    "categories": "Cat Wallpaper",
    "premium": false
  },
  {
    "name": "Cat Wallpaper",
    "url": "https://raw.githubusercontent.com/Fullcoordinateprojects/fullcoordinateprojects/refs/heads/main/26/images/Cat Wallpaper 32.JPG",
    "previewUrl": "https://raw.githubusercontent.com/Fullcoordinateprojects/fullcoordinateprojects/refs/heads/main/26/images/Cat Wallpaper 32.JPG",
    "categories": "Cat Wallpaper",
    "premium": false
  },
  {
    "name": "Cat Wallpaper",
    "url": "https://raw.githubusercontent.com/Fullcoordinateprojects/fullcoordinateprojects/refs/heads/main/26/images/Cat Wallpaper 33.JPG",
    "previewUrl": "https://raw.githubusercontent.com/Fullcoordinateprojects/fullcoordinateprojects/refs/heads/main/26/images/Cat Wallpaper 33.JPG",
    "categories": "Cat Wallpaper",
    "premium": false
  },
  {
    "name": "Cat Wallpaper",
    "url": "https://raw.githubusercontent.com/Fullcoordinateprojects/fullcoordinateprojects/refs/heads/main/26/images/Cat Wallpaper 34.JPG",
    "previewUrl": "https://raw.githubusercontent.com/Fullcoordinateprojects/fullcoordinateprojects/refs/heads/main/26/images/Cat Wallpaper 34.JPG",
    "categories": "Cat Wallpaper",
    "premium": false
  },
  {
    "name": "Cat Wallpaper",
    "url": "https://raw.githubusercontent.com/Fullcoordinateprojects/fullcoordinateprojects/refs/heads/main/26/images/Cat Wallpaper 35.JPG",
    "previewUrl": "https://raw.githubusercontent.com/Fullcoordinateprojects/fullcoordinateprojects/refs/heads/main/26/images/Cat Wallpaper 35.JPG",
    "categories": "Cat Wallpaper",
    "premium": false
  },
  {
    "name": "Cat Wallpaper",
    "url": "https://raw.githubusercontent.com/Fullcoordinateprojects/fullcoordinateprojects/refs/heads/main/26/images/Cat Wallpaper 36.JPG",
    "previewUrl": "https://raw.githubusercontent.com/Fullcoordinateprojects/fullcoordinateprojects/refs/heads/main/26/images/Cat Wallpaper 36.JPG",
    "categories": "Cat Wallpaper",
    "premium": false
  },
  {
    "name": "Cat Wallpaper",
    "url": "https://raw.githubusercontent.com/Fullcoordinateprojects/fullcoordinateprojects/refs/heads/main/26/images/Cat Wallpaper 37.JPG",
    "previewUrl": "https://raw.githubusercontent.com/Fullcoordinateprojects/fullcoordinateprojects/refs/heads/main/26/images/Cat Wallpaper 37.JPG",
    "categories": "Cat Wallpaper",
    "premium": false
  },
  {
    "name": "Cat Wallpaper",
    "url": "https://raw.githubusercontent.com/Fullcoordinateprojects/fullcoordinateprojects/refs/heads/main/26/images/Cat Wallpaper 38.JPG",
    "previewUrl": "https://raw.githubusercontent.com/Fullcoordinateprojects/fullcoordinateprojects/refs/heads/main/26/images/Cat Wallpaper 38.JPG",
    "categories": "Cat Wallpaper",
    "premium": false
  },
  {
    "name": "Cat Wallpaper",
    "url": "https://raw.githubusercontent.com/Fullcoordinateprojects/fullcoordinateprojects/refs/heads/main/26/images/Cat Wallpaper 39.JPG",
    "previewUrl": "https://raw.githubusercontent.com/Fullcoordinateprojects/fullcoordinateprojects/refs/heads/main/26/images/Cat Wallpaper 39.JPG",
    "categories": "Cat Wallpaper",
    "premium": false
  },
  {
    "name": "Cat Wallpaper",
    "url": "https://raw.githubusercontent.com/Fullcoordinateprojects/fullcoordinateprojects/refs/heads/main/26/images/Cat Wallpaper 40.JPG",
    "previewUrl": "https://raw.githubusercontent.com/Fullcoordinateprojects/fullcoordinateprojects/refs/heads/main/26/images/Cat Wallpaper 40.JPG",
    "categories": "Cat Wallpaper",
    "premium": false
  },
  {
    "name": "Cat Wallpaper",
    "url": "https://raw.githubusercontent.com/Fullcoordinateprojects/fullcoordinateprojects/refs/heads/main/26/images/Cat Wallpaper 41.JPG",
    "previewUrl": "https://raw.githubusercontent.com/Fullcoordinateprojects/fullcoordinateprojects/refs/heads/main/26/images/Cat Wallpaper 41.JPG",
    "categories": "Cat Wallpaper",
    "premium": false
  },
  {
    "name": "Cat Wallpaper",
    "url": "https://raw.githubusercontent.com/Fullcoordinateprojects/fullcoordinateprojects/refs/heads/main/26/images/Cat Wallpaper 42.JPG",
    "previewUrl": "https://raw.githubusercontent.com/Fullcoordinateprojects/fullcoordinateprojects/refs/heads/main/26/images/Cat Wallpaper 42.JPG",
    "categories": "Cat Wallpaper",
    "premium": false
  },
  {
    "name": "Cat Wallpaper",
    "url": "https://raw.githubusercontent.com/Fullcoordinateprojects/fullcoordinateprojects/refs/heads/main/26/images/Cat Wallpaper 43.JPG",
    "previewUrl": "https://raw.githubusercontent.com/Fullcoordinateprojects/fullcoordinateprojects/refs/heads/main/26/images/Cat Wallpaper 43.JPG",
    "categories": "Cat Wallpaper",
    "premium": false
  },
  {
    "name": "Cat Wallpaper",
    "url": "https://raw.githubusercontent.com/Fullcoordinateprojects/fullcoordinateprojects/refs/heads/main/26/images/Cat Wallpaper 44.JPG",
    "previewUrl": "https://raw.githubusercontent.com/Fullcoordinateprojects/fullcoordinateprojects/refs/heads/main/26/images/Cat Wallpaper 44.JPG",
    "categories": "Cat Wallpaper",
    "premium": false
  },
  {
    "name": "Cat Wallpaper",
    "url": "https://raw.githubusercontent.com/Fullcoordinateprojects/fullcoordinateprojects/refs/heads/main/26/images/Cat Wallpaper 45.JPG",
    "previewUrl": "https://raw.githubusercontent.com/Fullcoordinateprojects/fullcoordinateprojects/refs/heads/main/26/images/Cat Wallpaper 45.JPG",
    "categories": "Cat Wallpaper",
    "premium": false
  },
  {
    "name": "Cat Wallpaper",
    "url": "https://raw.githubusercontent.com/Fullcoordinateprojects/fullcoordinateprojects/refs/heads/main/26/images/Cat Wallpaper 46.JPG",
    "previewUrl": "https://raw.githubusercontent.com/Fullcoordinateprojects/fullcoordinateprojects/refs/heads/main/26/images/Cat Wallpaper 46.JPG",
    "categories": "Cat Wallpaper",
    "premium": false
  },
  {
    "name": "Cat Wallpaper",
    "url": "https://raw.githubusercontent.com/Fullcoordinateprojects/fullcoordinateprojects/refs/heads/main/26/images/Cat Wallpaper 47.JPG",
    "previewUrl": "https://raw.githubusercontent.com/Fullcoordinateprojects/fullcoordinateprojects/refs/heads/main/26/images/Cat Wallpaper 47.JPG",
    "categories": "Cat Wallpaper",
    "premium": false
  },
  {
    "name": "Cat Wallpaper",
    "url": "https://raw.githubusercontent.com/Fullcoordinateprojects/fullcoordinateprojects/refs/heads/main/26/images/Cat Wallpaper 48.JPG",
    "previewUrl": "https://raw.githubusercontent.com/Fullcoordinateprojects/fullcoordinateprojects/refs/heads/main/26/images/Cat Wallpaper 48.JPG",
    "categories": "Cat Wallpaper",
    "premium": false
  },
  {
    "name": "Cat Wallpaper",
    "url": "https://raw.githubusercontent.com/Fullcoordinateprojects/fullcoordinateprojects/refs/heads/main/26/images/Cat Wallpaper 49.JPG",
    "previewUrl": "https://raw.githubusercontent.com/Fullcoordinateprojects/fullcoordinateprojects/refs/heads/main/26/images/Cat Wallpaper 49.JPG",
    "categories": "Cat Wallpaper",
    "premium": false
  },
  {
    "name": "Cat Wallpaper",
    "url": "https://raw.githubusercontent.com/Fullcoordinateprojects/fullcoordinateprojects/refs/heads/main/26/images/Cat Wallpaper 50.JPG",
    "previewUrl": "https://raw.githubusercontent.com/Fullcoordinateprojects/fullcoordinateprojects/refs/heads/main/26/images/Cat Wallpaper 50.JPG",
    "categories": "Cat Wallpaper",
    "premium": false
  }
]