[
  {
    "name": "Virat Kohli Wallpapers",
    "url": "https://raw.githubusercontent.com/Fullcoordinateprojects/fullcoordinateprojects/refs/heads/main/22/images/1.jpg",
    "previewUrl": "https://raw.githubusercontent.com/Fullcoordinateprojects/fullcoordinateprojects/refs/heads/main/22/images/1.jpg",
    "categories": "Virat Kohli Wallpapers",
    "premium": false
  },
  {
    "name": "Virat Kohli Wallpapers",
    "url": "https://raw.githubusercontent.com/Fullcoordinateprojects/fullcoordinateprojects/refs/heads/main/22/images/2.jpg",
    "previewUrl": "https://raw.githubusercontent.com/Fullcoordinateprojects/fullcoordinateprojects/refs/heads/main/22/images/2.jpg",
    "categories": "Virat Kohli Wallpapers",
    "premium": false
  },
  {
    "name": "Virat Kohli Wallpapers",
    "url": "https://raw.githubusercontent.com/Fullcoordinateprojects/fullcoordinateprojects/refs/heads/main/22/images/3.jpg",
    "previewUrl": "https://raw.githubusercontent.com/Fullcoordinateprojects/fullcoordinateprojects/refs/heads/main/22/images/3.jpg",
    "categories": "Virat Kohli Wallpapers",
    "premium": false
  },
  {
    "name": "Virat Kohli Wallpapers",
    "url": "https://raw.githubusercontent.com/Fullcoordinateprojects/fullcoordinateprojects/refs/heads/main/22/images/4.jpg",
    "previewUrl": "https://raw.githubusercontent.com/Fullcoordinateprojects/fullcoordinateprojects/refs/heads/main/22/images/4.jpg",
    "categories": "Virat Kohli Wallpapers",
    "premium": false
  },
  {
    "name": "Virat Kohli Wallpapers",
    "url": "https://raw.githubusercontent.com/Fullcoordinateprojects/fullcoordinateprojects/refs/heads/main/22/images/4.jpg",
    "previewUrl": "https://raw.githubusercontent.com/Fullcoordinateprojects/fullcoordinateprojects/refs/heads/main/22/images/4.jpg",
    "categories": "Virat Kohli Wallpapers",
    "premium": false
  },
  {
    "name": "Virat Kohli Wallpapers",
    "url": "https://raw.githubusercontent.com/Fullcoordinateprojects/fullcoordinateprojects/refs/heads/main/22/images/5.jpg",
    "previewUrl": "https://raw.githubusercontent.com/Fullcoordinateprojects/fullcoordinateprojects/refs/heads/main/22/images/5.jpg",
    "categories": "Virat Kohli Wallpapers",
    "premium": false
  },
  {
    "name": "Virat Kohli Wallpapers",
    "url": "https://raw.githubusercontent.com/Fullcoordinateprojects/fullcoordinateprojects/refs/heads/main/22/images/6.jpg",
    "previewUrl": "https://raw.githubusercontent.com/Fullcoordinateprojects/fullcoordinateprojects/refs/heads/main/22/images/6.jpg",
    "categories": "Virat Kohli Wallpapers",
    "premium": false
  },
  {
    "name": "Virat Kohli Wallpapers",
    "url": "https://raw.githubusercontent.com/Fullcoordinateprojects/fullcoordinateprojects/refs/heads/main/22/images/7.jpg",
    "previewUrl": "https://raw.githubusercontent.com/Fullcoordinateprojects/fullcoordinateprojects/refs/heads/main/22/images/7.jpg",
    "categories": "Virat Kohli Wallpapers",
    "premium": false
  },
  {
    "name": "Virat Kohli Wallpapers",
    "url": "https://raw.githubusercontent.com/Fullcoordinateprojects/fullcoordinateprojects/refs/heads/main/22/images/8.jpg",
    "previewUrl": "https://raw.githubusercontent.com/Fullcoordinateprojects/fullcoordinateprojects/refs/heads/main/22/images/8.jpg",
    "categories": "Virat Kohli Wallpapers",
    "premium": false
  },
  {
    "name": "Virat Kohli Wallpapers",
    "url": "https://raw.githubusercontent.com/Fullcoordinateprojects/fullcoordinateprojects/refs/heads/main/22/images/9.jpg",
    "previewUrl": "https://raw.githubusercontent.com/Fullcoordinateprojects/fullcoordinateprojects/refs/heads/main/22/images/9.jpg",
    "categories": "Virat Kohli Wallpapers",
    "premium": false
  },
  {
    "name": "Virat Kohli Wallpapers",
    "url": "https://raw.githubusercontent.com/Fullcoordinateprojects/fullcoordinateprojects/refs/heads/main/22/images/10.jpg",
    "previewUrl": "https://raw.githubusercontent.com/Fullcoordinateprojects/fullcoordinateprojects/refs/heads/main/22/images/10.jpg",
    "categories": "Virat Kohli Wallpapers",
    "premium": false
  },
  {
    "name": "Virat Kohli Wallpapers",
    "url": "https://raw.githubusercontent.com/Fullcoordinateprojects/fullcoordinateprojects/refs/heads/main/22/images/11.jpg",
    "previewUrl": "https://raw.githubusercontent.com/Fullcoordinateprojects/fullcoordinateprojects/refs/heads/main/22/images/11.jpg",
    "categories": "Virat Kohli Wallpapers",
    "premium": false
  },
  {
    "name": "Virat Kohli Wallpapers",
    "url": "https://raw.githubusercontent.com/Fullcoordinateprojects/fullcoordinateprojects/refs/heads/main/22/images/12.jpg",
    "previewUrl": "https://raw.githubusercontent.com/Fullcoordinateprojects/fullcoordinateprojects/refs/heads/main/22/images/12.jpg",
    "categories": "Virat Kohli Wallpapers",
    "premium": false
  },
  {
    "name": "Virat Kohli Wallpapers",
    "url": "https://raw.githubusercontent.com/Fullcoordinateprojects/fullcoordinateprojects/refs/heads/main/22/images/13.jpg",
    "previewUrl": "https://raw.githubusercontent.com/Fullcoordinateprojects/fullcoordinateprojects/refs/heads/main/22/images/13.jpg",
    "categories": "Virat Kohli Wallpapers",
    "premium": false
  },
  {
    "name": "Virat Kohli Wallpapers",
    "url": "https://raw.githubusercontent.com/Fullcoordinateprojects/fullcoordinateprojects/refs/heads/main/22/images/14.jpg",
    "previewUrl": "https://raw.githubusercontent.com/Fullcoordinateprojects/fullcoordinateprojects/refs/heads/main/22/images/14.jpg",
    "categories": "Virat Kohli Wallpapers",
    "premium": false
  },
  {
    "name": "Virat Kohli Wallpapers",
    "url": "https://raw.githubusercontent.com/Fullcoordinateprojects/fullcoordinateprojects/refs/heads/main/22/images/15.jpg",
    "previewUrl": "https://raw.githubusercontent.com/Fullcoordinateprojects/fullcoordinateprojects/refs/heads/main/22/images/15.jpg",
    "categories": "Virat Kohli Wallpapers",
    "premium": false
  },
  {
    "name": "Virat Kohli Wallpapers",
    "url": "https://raw.githubusercontent.com/Fullcoordinateprojects/fullcoordinateprojects/refs/heads/main/22/images/16.jpg",
    "previewUrl": "https://raw.githubusercontent.com/Fullcoordinateprojects/fullcoordinateprojects/refs/heads/main/22/images/16.jpg",
    "categories": "Virat Kohli Wallpapers",
    "premium": false
  },
  {
    "name": "Virat Kohli Wallpapers",
    "url": "https://raw.githubusercontent.com/Fullcoordinateprojects/fullcoordinateprojects/refs/heads/main/22/images/17.jpg",
    "previewUrl": "https://raw.githubusercontent.com/Fullcoordinateprojects/fullcoordinateprojects/refs/heads/main/22/images/17.jpg",
    "categories": "Virat Kohli Wallpapers",
    "premium": false
  },
  {
    "name": "Virat Kohli Wallpapers",
    "url": "https://raw.githubusercontent.com/Fullcoordinateprojects/fullcoordinateprojects/refs/heads/main/22/images/18.jpg",
    "previewUrl": "https://raw.githubusercontent.com/Fullcoordinateprojects/fullcoordinateprojects/refs/heads/main/22/images/18.jpg",
    "categories": "Virat Kohli Wallpapers",
    "premium": false
  },
  {
    "name": "Virat Kohli Wallpapers",
    "url": "https://raw.githubusercontent.com/Fullcoordinateprojects/fullcoordinateprojects/refs/heads/main/22/images/19.jpg",
    "previewUrl": "https://raw.githubusercontent.com/Fullcoordinateprojects/fullcoordinateprojects/refs/heads/main/22/images/19.jpg",
    "categories": "Virat Kohli Wallpapers",
    "premium": false
  },
  {
    "name": "Virat Kohli Wallpapers",
    "url": "https://raw.githubusercontent.com/Fullcoordinateprojects/fullcoordinateprojects/refs/heads/main/22/images/20.jpg",
    "previewUrl": "https://raw.githubusercontent.com/Fullcoordinateprojects/fullcoordinateprojects/refs/heads/main/22/images/20.jpg",
    "categories": "Virat Kohli Wallpapers",
    "premium": false
  },
  {
    "name": "Virat Kohli Wallpapers",
    "url": "https://raw.githubusercontent.com/Fullcoordinateprojects/fullcoordinateprojects/refs/heads/main/22/images/21.jpg",
    "previewUrl": "https://raw.githubusercontent.com/Fullcoordinateprojects/fullcoordinateprojects/refs/heads/main/22/images/21.jpg",
    "categories": "Virat Kohli Wallpapers",
    "premium": false
  },
  {
    "name": "Virat Kohli Wallpapers",
    "url": "https://raw.githubusercontent.com/Fullcoordinateprojects/fullcoordinateprojects/refs/heads/main/22/images/22.jpg",
    "previewUrl": "https://raw.githubusercontent.com/Fullcoordinateprojects/fullcoordinateprojects/refs/heads/main/22/images/22.jpg",
    "categories": "Virat Kohli Wallpapers",
    "premium": false
  },
  {
    "name": "Virat Kohli Wallpapers",
    "url": "https://raw.githubusercontent.com/Fullcoordinateprojects/fullcoordinateprojects/refs/heads/main/22/images/23.jpg",
    "previewUrl": "https://raw.githubusercontent.com/Fullcoordinateprojects/fullcoordinateprojects/refs/heads/main/22/images/23.jpg",
    "categories": "Virat Kohli Wallpapers",
    "premium": false
  },
  {
    "name": "Virat Kohli Wallpapers",
    "url": "https://raw.githubusercontent.com/Fullcoordinateprojects/fullcoordinateprojects/refs/heads/main/22/images/24.jpg",
    "previewUrl": "https://raw.githubusercontent.com/Fullcoordinateprojects/fullcoordinateprojects/refs/heads/main/22/images/24.jpg",
    "categories": "Virat Kohli Wallpapers",
    "premium": false
  },
  {
    "name": "Virat Kohli Wallpapers",
    "url": "https://raw.githubusercontent.com/Fullcoordinateprojects/fullcoordinateprojects/refs/heads/main/22/images/25.jpg",
    "previewUrl": "https://raw.githubusercontent.com/Fullcoordinateprojects/fullcoordinateprojects/refs/heads/main/22/images/25.jpg",
    "categories": "Virat Kohli Wallpapers",
    "premium": false
  }
]