[
  {
    "name": "Lamborghini",
    "url": "https://raw.githubusercontent.com/Fullcoordinateprojects/fullcoordinateprojects/refs/heads/main/1/images/1.webp",
    "previewUrl": "https://raw.githubusercontent.com/Fullcoordinateprojects/fullcoordinateprojects/refs/heads/main/1/images/1.webp",
    "categories": "Lamborghini",
    "premium": false
  },
  {
    "name": "Lamborghini",
    "url": "https://raw.githubusercontent.com/Fullcoordinateprojects/fullcoordinateprojects/refs/heads/main/1/images/2.webp",
    "previewUrl": "https://raw.githubusercontent.com/Fullcoordinateprojects/fullcoordinateprojects/refs/heads/main/1/images/2.webp",
    "categories": "Lamborghini",
    "premium": false
  },
  {
    "name": "Lamborghini",
    "url": "https://raw.githubusercontent.com/Fullcoordinateprojects/fullcoordinateprojects/refs/heads/main/1/images/3.webp",
    "previewUrl": "https://raw.githubusercontent.com/Fullcoordinateprojects/fullcoordinateprojects/refs/heads/main/1/images/3.webp",
    "categories": "Lamborghini",
    "premium": false
  },
  {
    "name": "Lamborghini",
    "url": "https://raw.githubusercontent.com/Fullcoordinateprojects/fullcoordinateprojects/refs/heads/main/1/images/4.webp",
    "previewUrl": "https://raw.githubusercontent.com/Fullcoordinateprojects/fullcoordinateprojects/refs/heads/main/1/images/4.webp",
    "categories": "Lamborghini",
    "premium": false
  },
  {
    "name": "Lamborghini",
    "url": "https://raw.githubusercontent.com/Fullcoordinateprojects/fullcoordinateprojects/refs/heads/main/1/images/5.webp",
    "previewUrl": "https://raw.githubusercontent.com/Fullcoordinateprojects/fullcoordinateprojects/refs/heads/main/1/images/5.webp",
    "categories": "Lamborghini",
    "premium": false
  },
  {
    "name": "Lamborghini",
    "url": "https://raw.githubusercontent.com/Fullcoordinateprojects/fullcoordinateprojects/refs/heads/main/1/images/6.webp",
    "previewUrl": "https://raw.githubusercontent.com/Fullcoordinateprojects/fullcoordinateprojects/refs/heads/main/1/images/6.webp",
    "categories": "Lamborghini",
    "premium": false
  },
  {
    "name": "Lamborghini",
    "url": "https://raw.githubusercontent.com/Fullcoordinateprojects/fullcoordinateprojects/refs/heads/main/1/images/7.webp",
    "previewUrl": "https://raw.githubusercontent.com/Fullcoordinateprojects/fullcoordinateprojects/refs/heads/main/1/images/7.webp",
    "categories": "Lamborghini",
    "premium": false
  },
  {
    "name": "Lamborghini",
    "url": "https://raw.githubusercontent.com/Fullcoordinateprojects/fullcoordinateprojects/refs/heads/main/1/images/8.webp",
    "previewUrl": "https://raw.githubusercontent.com/Fullcoordinateprojects/fullcoordinateprojects/refs/heads/main/1/images/8.webp",
    "categories": "Lamborghini",
    "premium": false
  },
  {
    "name": "Lamborghini",
    "url": "https://raw.githubusercontent.com/Fullcoordinateprojects/fullcoordinateprojects/refs/heads/main/1/images/9.webp",
    "previewUrl": "https://raw.githubusercontent.com/Fullcoordinateprojects/fullcoordinateprojects/refs/heads/main/1/images/9.webp",
    "categories": "Lamborghini",
    "premium": false
  },
  {
    "name": "Lamborghini",
    "url": "https://raw.githubusercontent.com/Fullcoordinateprojects/fullcoordinateprojects/refs/heads/main/1/images/10.webp",
    "previewUrl": "https://raw.githubusercontent.com/Fullcoordinateprojects/fullcoordinateprojects/refs/heads/main/1/images/10.webp",
    "categories": "Lamborghini",
    "premium": false
  },
  {
    "name": "Lamborghini",
    "url": "https://raw.githubusercontent.com/Fullcoordinateprojects/fullcoordinateprojects/refs/heads/main/1/images/11.webp",
    "previewUrl": "https://raw.githubusercontent.com/Fullcoordinateprojects/fullcoordinateprojects/refs/heads/main/1/images/11.webp",
    "categories": "Lamborghini",
    "premium": false
  },
  {
    "name": "Lamborghini",
    "url": "https://raw.githubusercontent.com/Fullcoordinateprojects/fullcoordinateprojects/refs/heads/main/1/images/12.webp",
    "previewUrl": "https://raw.githubusercontent.com/Fullcoordinateprojects/fullcoordinateprojects/refs/heads/main/1/images/12.webp",
    "categories": "Lamborghini",
    "premium": false
  },
  {
    "name": "Lamborghini",
    "url": "https://raw.githubusercontent.com/Fullcoordinateprojects/fullcoordinateprojects/refs/heads/main/1/images/13.webp",
    "previewUrl": "https://raw.githubusercontent.com/Fullcoordinateprojects/fullcoordinateprojects/refs/heads/main/1/images/13.webp",
    "categories": "Lamborghini",
    "premium": false
  },
  {
    "name": "Lamborghini",
    "url": "https://raw.githubusercontent.com/Fullcoordinateprojects/fullcoordinateprojects/refs/heads/main/1/images/14.webp",
    "previewUrl": "https://raw.githubusercontent.com/Fullcoordinateprojects/fullcoordinateprojects/refs/heads/main/1/images/14.webp",
    "categories": "Lamborghini",
    "premium": false
  },
  {
    "name": "Lamborghini",
    "url": "https://raw.githubusercontent.com/Fullcoordinateprojects/fullcoordinateprojects/refs/heads/main/1/images/15.webp",
    "previewUrl": "https://raw.githubusercontent.com/Fullcoordinateprojects/fullcoordinateprojects/refs/heads/main/1/images/15.webp",
    "categories": "Lamborghini",
    "premium": false
  },
  {
    "name": "Lamborghini",
    "url": "https://raw.githubusercontent.com/Fullcoordinateprojects/fullcoordinateprojects/refs/heads/main/1/images/16.webp",
    "previewUrl": "https://raw.githubusercontent.com/Fullcoordinateprojects/fullcoordinateprojects/refs/heads/main/1/images/16.webp",
    "categories": "Lamborghini",
    "premium": false
  },
  {
    "name": "Lamborghini",
    "url": "https://raw.githubusercontent.com/Fullcoordinateprojects/fullcoordinateprojects/refs/heads/main/1/images/17.webp",
    "previewUrl": "https://raw.githubusercontent.com/Fullcoordinateprojects/fullcoordinateprojects/refs/heads/main/1/images/17.webp",
    "categories": "Lamborghini",
    "premium": false
  },
  {
    "name": "Lamborghini",
    "url": "https://raw.githubusercontent.com/Fullcoordinateprojects/fullcoordinateprojects/refs/heads/main/1/images/18.webp",
    "previewUrl": "https://raw.githubusercontent.com/Fullcoordinateprojects/fullcoordinateprojects/refs/heads/main/1/images/18.webp",
    "categories": "Lamborghini",
    "premium": false
  },
  {
    "name": "Lamborghini",
    "url": "https://raw.githubusercontent.com/Fullcoordinateprojects/fullcoordinateprojects/refs/heads/main/1/images/19.webp",
    "previewUrl": "https://raw.githubusercontent.com/Fullcoordinateprojects/fullcoordinateprojects/refs/heads/main/1/images/19.webp",
    "categories": "Lamborghini",
    "premium": false
  },
  {
    "name": "Lamborghini",
    "url": "https://raw.githubusercontent.com/Fullcoordinateprojects/fullcoordinateprojects/refs/heads/main/1/images/20.webp",
    "previewUrl": "https://raw.githubusercontent.com/Fullcoordinateprojects/fullcoordinateprojects/refs/heads/main/1/images/20.webp",
    "categories": "Lamborghini",
    "premium": false
  },
  {
    "name": "Lamborghini",
    "url": "https://raw.githubusercontent.com/Fullcoordinateprojects/fullcoordinateprojects/refs/heads/main/1/images/21.webp",
    "previewUrl": "https://raw.githubusercontent.com/Fullcoordinateprojects/fullcoordinateprojects/refs/heads/main/1/images/21.webp",
    "categories": "Lamborghini",
    "premium": false
  },
  {
    "name": "Lamborghini",
    "url": "https://raw.githubusercontent.com/Fullcoordinateprojects/fullcoordinateprojects/refs/heads/main/1/images/22.webp",
    "previewUrl": "https://raw.githubusercontent.com/Fullcoordinateprojects/fullcoordinateprojects/refs/heads/main/1/images/22.webp",
    "categories": "Lamborghini",
    "premium": false
  },
  {
    "name": "Lamborghini",
    "url": "https://raw.githubusercontent.com/Fullcoordinateprojects/fullcoordinateprojects/refs/heads/main/1/images/23.webp",
    "previewUrl": "https://raw.githubusercontent.com/Fullcoordinateprojects/fullcoordinateprojects/refs/heads/main/1/images/23.webp",
    "categories": "Lamborghini",
    "premium": false
  },
  {
    "name": "Lamborghini",
    "url": "https://raw.githubusercontent.com/Fullcoordinateprojects/fullcoordinateprojects/refs/heads/main/1/images/24.webp",
    "previewUrl": "https://raw.githubusercontent.com/Fullcoordinateprojects/fullcoordinateprojects/refs/heads/main/1/images/24.webp",
    "categories": "Lamborghini",
    "premium": false
  },
  {
    "name": "Lamborghini",
    "url": "https://raw.githubusercontent.com/Fullcoordinateprojects/fullcoordinateprojects/refs/heads/main/1/images/25.webp",
    "previewUrl": "https://raw.githubusercontent.com/Fullcoordinateprojects/fullcoordinateprojects/refs/heads/main/1/images/25.webp",
    "categories": "Lamborghini",
    "premium": false
  },
  {
    "name": "Lamborghini",
    "url": "https://raw.githubusercontent.com/Fullcoordinateprojects/fullcoordinateprojects/refs/heads/main/1/images/26.webp",
    "previewUrl": "https://raw.githubusercontent.com/Fullcoordinateprojects/fullcoordinateprojects/refs/heads/main/1/images/26.webp",
    "categories": "Lamborghini",
    "premium": false
  },
  {
    "name": "Lamborghini",
    "url": "https://raw.githubusercontent.com/Fullcoordinateprojects/fullcoordinateprojects/refs/heads/main/1/images/27.webp",
    "previewUrl": "https://raw.githubusercontent.com/Fullcoordinateprojects/fullcoordinateprojects/refs/heads/main/1/images/27.webp",
    "categories": "Lamborghini",
    "premium": false
  },
  {
    "name": "Lamborghini",
    "url": "https://raw.githubusercontent.com/Fullcoordinateprojects/fullcoordinateprojects/refs/heads/main/1/images/28.webp",
    "previewUrl": "https://raw.githubusercontent.com/Fullcoordinateprojects/fullcoordinateprojects/refs/heads/main/1/images/28.webp",
    "categories": "Lamborghini",
    "premium": false
  },
  {
    "name": "Lamborghini",
    "url": "https://raw.githubusercontent.com/Fullcoordinateprojects/fullcoordinateprojects/refs/heads/main/1/images/29.webp",
    "previewUrl": "https://raw.githubusercontent.com/Fullcoordinateprojects/fullcoordinateprojects/refs/heads/main/1/images/29.webp",
    "categories": "Lamborghini",
    "premium": false
  },
  {
    "name": "Lamborghini",
    "url": "https://raw.githubusercontent.com/Fullcoordinateprojects/fullcoordinateprojects/refs/heads/main/1/images/30.webp",
    "previewUrl": "https://raw.githubusercontent.com/Fullcoordinateprojects/fullcoordinateprojects/refs/heads/main/1/images/30.webp",
    "categories": "Lamborghini",
    "premium": false
  },
  {
    "name": "Lamborghini",
    "url": "https://raw.githubusercontent.com/Fullcoordinateprojects/fullcoordinateprojects/refs/heads/main/1/images/31.webp",
    "previewUrl": "https://raw.githubusercontent.com/Fullcoordinateprojects/fullcoordinateprojects/refs/heads/main/1/images/31.webp",
    "categories": "Lamborghini",
    "premium": false
  },
  {
    "name": "Lamborghini",
    "url": "https://raw.githubusercontent.com/Fullcoordinateprojects/fullcoordinateprojects/refs/heads/main/1/images/32.webp",
    "previewUrl": "https://raw.githubusercontent.com/Fullcoordinateprojects/fullcoordinateprojects/refs/heads/main/1/images/32.webp",
    "categories": "Lamborghini",
    "premium": false
  },
  {
    "name": "Lamborghini",
    "url": "https://raw.githubusercontent.com/Fullcoordinateprojects/fullcoordinateprojects/refs/heads/main/1/images/33.webp",
    "previewUrl": "https://raw.githubusercontent.com/Fullcoordinateprojects/fullcoordinateprojects/refs/heads/main/1/images/33.webp",
    "categories": "Lamborghini",
    "premium": false
  },
  {
    "name": "Lamborghini",
    "url": "https://raw.githubusercontent.com/Fullcoordinateprojects/fullcoordinateprojects/refs/heads/main/1/images/34.webp",
    "previewUrl": "https://raw.githubusercontent.com/Fullcoordinateprojects/fullcoordinateprojects/refs/heads/main/1/images/34.webp",
    "categories": "Lamborghini",
    "premium": false
  },
  {
    "name": "Lamborghini",
    "url": "https://raw.githubusercontent.com/Fullcoordinateprojects/fullcoordinateprojects/refs/heads/main/1/images/35.webp",
    "previewUrl": "https://raw.githubusercontent.com/Fullcoordinateprojects/fullcoordinateprojects/refs/heads/main/1/images/35.webp",
    "categories": "Lamborghini",
    "premium": false
  },
  {
    "name": "Lamborghini",
    "url": "https://raw.githubusercontent.com/Fullcoordinateprojects/fullcoordinateprojects/refs/heads/main/1/images/36.jpeg",
    "previewUrl": "https://raw.githubusercontent.com/Fullcoordinateprojects/fullcoordinateprojects/refs/heads/main/1/images/36.jpeg",
    "categories": "Lamborghini",
    "premium": false
  },
  {
    "name": "Lamborghini",
    "url": "https://raw.githubusercontent.com/Fullcoordinateprojects/fullcoordinateprojects/refs/heads/main/1/images/37.webp",
    "previewUrl": "https://raw.githubusercontent.com/Fullcoordinateprojects/fullcoordinateprojects/refs/heads/main/1/images/37.webp",
    "categories": "Lamborghini",
    "premium": false
  },
  {
    "name": "Lamborghini",
    "url": "https://raw.githubusercontent.com/Fullcoordinateprojects/fullcoordinateprojects/refs/heads/main/1/images/38.jpg",
    "previewUrl": "https://raw.githubusercontent.com/Fullcoordinateprojects/fullcoordinateprojects/refs/heads/main/1/images/38.jpg",
    "categories": "Lamborghini",
    "premium": false
  },
  {
    "name": "Lamborghini",
    "url": "https://raw.githubusercontent.com/Fullcoordinateprojects/fullcoordinateprojects/refs/heads/main/1/images/39.jpg",
    "previewUrl": "https://raw.githubusercontent.com/Fullcoordinateprojects/fullcoordinateprojects/refs/heads/main/1/images/39.jpg",
    "categories": "Lamborghini",
    "premium": false
  },
  {
    "name": "Lamborghini",
    "url": "https://raw.githubusercontent.com/Fullcoordinateprojects/fullcoordinateprojects/refs/heads/main/1/images/40.jpg",
    "previewUrl": "https://raw.githubusercontent.com/Fullcoordinateprojects/fullcoordinateprojects/refs/heads/main/1/images/40.jpg",
    "categories": "Lamborghini",
    "premium": false
  },
  {
    "name": "Lamborghini",
    "url": "https://raw.githubusercontent.com/Fullcoordinateprojects/fullcoordinateprojects/refs/heads/main/1/images/41.jpg",
    "previewUrl": "https://raw.githubusercontent.com/Fullcoordinateprojects/fullcoordinateprojects/refs/heads/main/1/images/41.jpg",
    "categories": "Lamborghini",
    "premium": false
  },
  {
    "name": "Lamborghini",
    "url": "https://raw.githubusercontent.com/Fullcoordinateprojects/fullcoordinateprojects/refs/heads/main/1/images/42.jpg",
    "previewUrl": "https://raw.githubusercontent.com/Fullcoordinateprojects/fullcoordinateprojects/refs/heads/main/1/images/42.jpg",
    "categories": "Lamborghini",
    "premium": false
  },
  {
    "name": "Lamborghini",
    "url": "https://raw.githubusercontent.com/Fullcoordinateprojects/fullcoordinateprojects/refs/heads/main/1/images/43.jpg",
    "previewUrl": "https://raw.githubusercontent.com/Fullcoordinateprojects/fullcoordinateprojects/refs/heads/main/1/images/43.jpg",
    "categories": "Lamborghini",
    "premium": false
  },
  {
    "name": "Lamborghini",
    "url": "https://raw.githubusercontent.com/Fullcoordinateprojects/fullcoordinateprojects/refs/heads/main/1/images/44.jpg",
    "previewUrl": "https://raw.githubusercontent.com/Fullcoordinateprojects/fullcoordinateprojects/refs/heads/main/1/images/44.jpg",
    "categories": "Lamborghini",
    "premium": false
  },
  {
    "name": "Lamborghini",
    "url": "https://raw.githubusercontent.com/Fullcoordinateprojects/fullcoordinateprojects/refs/heads/main/1/images/45.jpg",
    "previewUrl": "https://raw.githubusercontent.com/Fullcoordinateprojects/fullcoordinateprojects/refs/heads/main/1/images/45.jpg",
    "categories": "Lamborghini",
    "premium": false
  },
  {
    "name": "Lamborghini",
    "url": "https://raw.githubusercontent.com/Fullcoordinateprojects/fullcoordinateprojects/refs/heads/main/1/images/46.jpg",
    "previewUrl": "https://raw.githubusercontent.com/Fullcoordinateprojects/fullcoordinateprojects/refs/heads/main/1/images/46.jpg",
    "categories": "Lamborghini",
    "premium": false
  },
  {
    "name": "Lamborghini",
    "url": "https://raw.githubusercontent.com/Fullcoordinateprojects/fullcoordinateprojects/refs/heads/main/1/images/47.jpg",
    "previewUrl": "https://raw.githubusercontent.com/Fullcoordinateprojects/fullcoordinateprojects/refs/heads/main/1/images/47.jpg",
    "categories": "Lamborghini",
    "premium": false
  },
  {
    "name": "Lamborghini",
    "url": "https://raw.githubusercontent.com/Fullcoordinateprojects/fullcoordinateprojects/refs/heads/main/1/images/48.jpg",
    "previewUrl": "https://raw.githubusercontent.com/Fullcoordinateprojects/fullcoordinateprojects/refs/heads/main/1/images/48.jpg",
    "categories": "Lamborghini",
    "premium": false
  },
  {
    "name": "Lamborghini",
    "url": "https://raw.githubusercontent.com/Fullcoordinateprojects/fullcoordinateprojects/refs/heads/main/1/images/49.jpg",
    "previewUrl": "https://raw.githubusercontent.com/Fullcoordinateprojects/fullcoordinateprojects/refs/heads/main/1/images/49.jpg",
    "categories": "Lamborghini",
    "premium": false
  },
  {
    "name": "Lamborghini",
    "url": "https://raw.githubusercontent.com/Fullcoordinateprojects/fullcoordinateprojects/refs/heads/main/1/images/50.jpg",
    "previewUrl": "https://raw.githubusercontent.com/Fullcoordinateprojects/fullcoordinateprojects/refs/heads/main/1/images/50.jpg",
    "categories": "Lamborghini",
    "premium": false
  },
  {
    "name": "Lamborghini",
    "url": "https://raw.githubusercontent.com/Fullcoordinateprojects/fullcoordinateprojects/refs/heads/main/1/images/51.jpg",
    "previewUrl": "https://raw.githubusercontent.com/Fullcoordinateprojects/fullcoordinateprojects/refs/heads/main/1/images/51.jpg",
    "categories": "Lamborghini",
    "premium": false
  },
  {
    "name": "Lamborghini",
    "url": "https://raw.githubusercontent.com/Fullcoordinateprojects/fullcoordinateprojects/refs/heads/main/1/images/52.jpg",
    "previewUrl": "https://raw.githubusercontent.com/Fullcoordinateprojects/fullcoordinateprojects/refs/heads/main/1/images/52.jpg",
    "categories": "Lamborghini",
    "premium": false
  },
  {
    "name": "Lamborghini",
    "url": "https://raw.githubusercontent.com/Fullcoordinateprojects/fullcoordinateprojects/refs/heads/main/1/images/53.jpg",
    "previewUrl": "https://raw.githubusercontent.com/Fullcoordinateprojects/fullcoordinateprojects/refs/heads/main/1/images/53.jpg",
    "categories": "Lamborghini",
    "premium": false
  },
  {
    "name": "Lamborghini",
    "url": "https://raw.githubusercontent.com/Fullcoordinateprojects/fullcoordinateprojects/refs/heads/main/1/images/54.jpg",
    "previewUrl": "https://raw.githubusercontent.com/Fullcoordinateprojects/fullcoordinateprojects/refs/heads/main/1/images/54.jpg",
    "categories": "Lamborghini",
    "premium": false
  },
  {
    "name": "Lamborghini",
    "url": "https://raw.githubusercontent.com/Fullcoordinateprojects/fullcoordinateprojects/refs/heads/main/1/images/55.jpg",
    "previewUrl": "https://raw.githubusercontent.com/Fullcoordinateprojects/fullcoordinateprojects/refs/heads/main/1/images/55.jpg",
    "categories": "Lamborghini",
    "premium": false
  },
  {
    "name": "Lamborghini",
    "url": "https://raw.githubusercontent.com/Fullcoordinateprojects/fullcoordinateprojects/refs/heads/main/1/images/56.jpg",
    "previewUrl": "https://raw.githubusercontent.com/Fullcoordinateprojects/fullcoordinateprojects/refs/heads/main/1/images/56.jpg",
    "categories": "Lamborghini",
    "premium": false
  },
  {
    "name": "Lamborghini",
    "url": "https://raw.githubusercontent.com/Fullcoordinateprojects/fullcoordinateprojects/refs/heads/main/1/images/57.jpg",
    "previewUrl": "https://raw.githubusercontent.com/Fullcoordinateprojects/fullcoordinateprojects/refs/heads/main/1/images/57.jpg",
    "categories": "Lamborghini",
    "premium": false
  },
  {
    "name": "Lamborghini",
    "url": "https://raw.githubusercontent.com/Fullcoordinateprojects/fullcoordinateprojects/refs/heads/main/1/images/58.jpg",
    "previewUrl": "https://raw.githubusercontent.com/Fullcoordinateprojects/fullcoordinateprojects/refs/heads/main/1/images/58.jpg",
    "categories": "Lamborghini",
    "premium": false
  },
  {
    "name": "Lamborghini",
    "url": "https://raw.githubusercontent.com/Fullcoordinateprojects/fullcoordinateprojects/refs/heads/main/1/images/59.jpg",
    "previewUrl": "https://raw.githubusercontent.com/Fullcoordinateprojects/fullcoordinateprojects/refs/heads/main/1/images/59.jpg",
    "categories": "Lamborghini",
    "premium": false
  },
  {
    "name": "Lamborghini",
    "url": "https://raw.githubusercontent.com/Fullcoordinateprojects/fullcoordinateprojects/refs/heads/main/1/images/60.jpg",
    "previewUrl": "https://raw.githubusercontent.com/Fullcoordinateprojects/fullcoordinateprojects/refs/heads/main/1/images/60.jpg",
    "categories": "Lamborghini",
    "premium": false
  },
  {
    "name": "Lamborghini",
    "url": "https://raw.githubusercontent.com/Fullcoordinateprojects/fullcoordinateprojects/refs/heads/main/1/images/61.jpg",
    "previewUrl": "https://raw.githubusercontent.com/Fullcoordinateprojects/fullcoordinateprojects/refs/heads/main/1/images/61.jpg",
    "categories": "Lamborghini",
    "premium": false
  }
]