[
  {
    "name": "Audi Wallpaper",
    "url": "https://raw.githubusercontent.com/Fullcoordinateprojects/fullcoordinateprojects/refs/heads/main/9/images/Audi Wallpaper 7.jpg",
    "previewUrl": "https://raw.githubusercontent.com/Fullcoordinateprojects/fullcoordinateprojects/refs/heads/main/9/images/Audi Wallpaper 7.jpg",
    "categories": "Audi Wallpaper",
    "premium": true
  },
  {
    "name": "Audi Wallpaper",
    "url": "https://raw.githubusercontent.com/Fullcoordinateprojects/fullcoordinateprojects/refs/heads/main/9/images/Audi Wallpaper 8.jpg",
    "previewUrl": "https://raw.githubusercontent.com/Fullcoordinateprojects/fullcoordinateprojects/refs/heads/main/9/images/Audi Wallpaper 8.jpg",
    "categories": "Audi Wallpaper",
    "premium": true
  },
  {
    "name": "Audi Wallpaper",
    "url": "https://raw.githubusercontent.com/Fullcoordinateprojects/fullcoordinateprojects/refs/heads/main/9/images/Audi Wallpaper 9.jpeg",
    "previewUrl": "https://raw.githubusercontent.com/Fullcoordinateprojects/fullcoordinateprojects/refs/heads/main/9/images/Audi Wallpaper 9.jpeg",
    "categories": "Audi Wallpaper",
    "premium": true
  },
  {
    "name": "Audi Wallpaper",
    "url": "https://raw.githubusercontent.com/Fullcoordinateprojects/fullcoordinateprojects/refs/heads/main/9/images/Audi Wallpaper 10.jpg",
    "previewUrl": "https://raw.githubusercontent.com/Fullcoordinateprojects/fullcoordinateprojects/refs/heads/main/9/images/Audi Wallpaper 10.jpg",
    "categories": "Audi Wallpaper",
    "premium": true
  },
  {
    "name": "Audi Wallpaper",
    "url": "https://raw.githubusercontent.com/Fullcoordinateprojects/fullcoordinateprojects/refs/heads/main/9/images/Audi Wallpaper 11.jpg",
    "previewUrl": "https://raw.githubusercontent.com/Fullcoordinateprojects/fullcoordinateprojects/refs/heads/main/9/images/Audi Wallpaper 11.jpg",
    "categories": "Audi Wallpaper",
    "premium": true
  },
  {
    "name": "Audi Wallpaper",
    "url": "https://raw.githubusercontent.com/Fullcoordinateprojects/fullcoordinateprojects/refs/heads/main/9/images/Audi Wallpaper 12.jpeg",
    "previewUrl": "https://raw.githubusercontent.com/Fullcoordinateprojects/fullcoordinateprojects/refs/heads/main/9/images/Audi Wallpaper 12.jpeg",
    "categories": "Audi Wallpaper",
    "premium": true
  },
  {
    "name": "Audi Wallpaper",
    "url": "https://raw.githubusercontent.com/Fullcoordinateprojects/fullcoordinateprojects/refs/heads/main/9/images/Audi Wallpaper 13.jpeg",
    "previewUrl": "https://raw.githubusercontent.com/Fullcoordinateprojects/fullcoordinateprojects/refs/heads/main/9/images/Audi Wallpaper 13.jpeg",
    "categories": "Audi Wallpaper",
    "premium": true
  },
  {
    "name": "Audi Wallpaper",
    "url": "https://raw.githubusercontent.com/Fullcoordinateprojects/fullcoordinateprojects/refs/heads/main/9/images/Audi Wallpaper 14.jpeg",
    "previewUrl": "https://raw.githubusercontent.com/Fullcoordinateprojects/fullcoordinateprojects/refs/heads/main/9/images/Audi Wallpaper 14.jpeg",
    "categories": "Audi Wallpaper",
    "premium": true
  },
  {
    "name": "Audi Wallpaper",
    "url": "https://raw.githubusercontent.com/Fullcoordinateprojects/fullcoordinateprojects/refs/heads/main/9/images/Audi Wallpaper 15.jpeg",
    "previewUrl": "https://raw.githubusercontent.com/Fullcoordinateprojects/fullcoordinateprojects/refs/heads/main/9/images/Audi Wallpaper 15.jpeg",
    "categories": "Audi Wallpaper",
    "premium": true
  },
  {
    "name": "Audi Wallpaper",
    "url": "https://raw.githubusercontent.com/Fullcoordinateprojects/fullcoordinateprojects/refs/heads/main/9/images/Audi Wallpaper 16.jpg",
    "previewUrl": "https://raw.githubusercontent.com/Fullcoordinateprojects/fullcoordinateprojects/refs/heads/main/9/images/Audi Wallpaper 16.jpg",
    "categories": "Audi Wallpaper",
    "premium": true
  },
  {
    "name": "Audi Wallpaper",
    "url": "https://raw.githubusercontent.com/Fullcoordinateprojects/fullcoordinateprojects/refs/heads/main/9/images/Audi Wallpaper 3.jpg",
    "previewUrl": "https://raw.githubusercontent.com/Fullcoordinateprojects/fullcoordinateprojects/refs/heads/main/9/images/Audi Wallpaper 3.jpg",
    "categories": "Audi Wallpaper",
    "premium": true
  },
  {
    "name": "Audi Wallpaper",
    "url": "https://raw.githubusercontent.com/Fullcoordinateprojects/fullcoordinateprojects/refs/heads/main/9/images/Audi Wallpaper 17.jpg",
    "previewUrl": "https://raw.githubusercontent.com/Fullcoordinateprojects/fullcoordinateprojects/refs/heads/main/9/images/Audi Wallpaper 17.jpg",
    "categories": "Audi Wallpaper",
    "premium": true
  },
  {
    "name": "Audi Wallpaper",
    "url": "https://raw.githubusercontent.com/Fullcoordinateprojects/fullcoordinateprojects/refs/heads/main/9/images/Audi Wallpaper 18.jpg",
    "previewUrl": "https://raw.githubusercontent.com/Fullcoordinateprojects/fullcoordinateprojects/refs/heads/main/9/images/Audi Wallpaper 18.jpg",
    "categories": "Audi Wallpaper",
    "premium": true
  },
  {
    "name": "Audi Wallpaper",
    "url": "https://raw.githubusercontent.com/Fullcoordinateprojects/fullcoordinateprojects/refs/heads/main/9/images/Audi Wallpaper 19.jpg",
    "previewUrl": "https://raw.githubusercontent.com/Fullcoordinateprojects/fullcoordinateprojects/refs/heads/main/9/images/Audi Wallpaper 19.jpg",
    "categories": "Audi Wallpaper",
    "premium": true
  },
  {
    "name": "Audi Wallpaper",
    "url": "https://raw.githubusercontent.com/Fullcoordinateprojects/fullcoordinateprojects/refs/heads/main/9/images/Audi Wallpaper 20.jpg",
    "previewUrl": "https://raw.githubusercontent.com/Fullcoordinateprojects/fullcoordinateprojects/refs/heads/main/9/images/Audi Wallpaper 20.jpg",
    "categories": "Audi Wallpaper",
    "premium": true
  },
    {
    "name": "Audi Wallpaper",
    "url": "https://raw.githubusercontent.com/Fullcoordinateprojects/fullcoordinateprojects/refs/heads/main/9/images/Audi Wallpaper 21.jpg",
    "previewUrl": "https://raw.githubusercontent.com/Fullcoordinateprojects/fullcoordinateprojects/refs/heads/main/9/images/Audi Wallpaper 21.jpg",
    "categories": "Audi Wallpaper",
    "premium": true
  },
  {
    "name": "Audi Wallpaper",
    "url": "https://raw.githubusercontent.com/Fullcoordinateprojects/fullcoordinateprojects/refs/heads/main/9/images/Audi Wallpaper 1.jpg",
    "previewUrl": "https://raw.githubusercontent.com/Fullcoordinateprojects/fullcoordinateprojects/refs/heads/main/9/images/Audi Wallpaper 1.jpg",
    "categories": "Audi Wallpaper",
    "premium": true
  },
  {
    "name": "Audi Wallpaper",
    "url": "https://raw.githubusercontent.com/Fullcoordinateprojects/fullcoordinateprojects/refs/heads/main/9/images/Audi Wallpaper 2.jpg",
    "previewUrl": "https://raw.githubusercontent.com/Fullcoordinateprojects/fullcoordinateprojects/refs/heads/main/9/images/Audi Wallpaper 2.jpg",
    "categories": "Audi Wallpaper",
    "premium": true
  },
  {
    "name": "Audi Wallpaper",
    "url": "https://raw.githubusercontent.com/Fullcoordinateprojects/fullcoordinateprojects/refs/heads/main/9/images/Audi Wallpaper 4.jpg",
    "previewUrl": "https://raw.githubusercontent.com/Fullcoordinateprojects/fullcoordinateprojects/refs/heads/main/9/images/Audi Wallpaper 4.jpg",
    "categories": "Audi Wallpaper",
    "premium": true
  },
  {
    "name": "Audi Wallpaper",
    "url": "https://raw.githubusercontent.com/Fullcoordinateprojects/fullcoordinateprojects/refs/heads/main/9/images/Audi Wallpaper 5.jpg",
    "previewUrl": "https://raw.githubusercontent.com/Fullcoordinateprojects/fullcoordinateprojects/refs/heads/main/9/images/Audi Wallpaper 5.jpg",
    "categories": "Audi Wallpaper",
    "premium": true
  },
  {
    "name": "Audi Wallpaper",
    "url": "https://raw.githubusercontent.com/Fullcoordinateprojects/fullcoordinateprojects/refs/heads/main/9/images/Audi Wallpaper 6.jpg",
    "previewUrl": "https://raw.githubusercontent.com/Fullcoordinateprojects/fullcoordinateprojects/refs/heads/main/9/images/Audi Wallpaper 6.jpg",
    "categories": "Audi Wallpaper",
    "premium": true
  },
  {
    "name": "Audi Wallpaper",
    "url": "https://raw.githubusercontent.com/Fullcoordinateprojects/fullcoordinateprojects/refs/heads/main/9/images/Audi Wallpaper 22.jpg",
    "previewUrl": "https://raw.githubusercontent.com/Fullcoordinateprojects/fullcoordinateprojects/refs/heads/main/9/images/Audi Wallpaper 22.jpg",
    "categories": "Audi Wallpaper",
    "premium": true
  },
  {
    "name": "Audi Wallpaper",
    "url": "https://raw.githubusercontent.com/Fullcoordinateprojects/fullcoordinateprojects/refs/heads/main/9/images/Audi Wallpaper 23.jpg",
    "previewUrl": "https://raw.githubusercontent.com/Fullcoordinateprojects/fullcoordinateprojects/refs/heads/main/9/images/Audi Wallpaper 23.jpg",
    "categories": "Audi Wallpaper",
    "premium": true
  },
  {
    "name": "Audi Wallpaper",
    "url": "https://raw.githubusercontent.com/Fullcoordinateprojects/fullcoordinateprojects/refs/heads/main/9/images/Audi Wallpaper 24.jpeg",
    "previewUrl": "https://raw.githubusercontent.com/Fullcoordinateprojects/fullcoordinateprojects/refs/heads/main/9/images/Audi Wallpaper 24.jpeg",
    "categories": "Audi Wallpaper",
    "premium": true
  },
  {
    "name": "Audi Wallpaper",
    "url": "https://raw.githubusercontent.com/Fullcoordinateprojects/fullcoordinateprojects/refs/heads/main/9/images/Audi Wallpaper 25.jpeg",
    "previewUrl": "https://raw.githubusercontent.com/Fullcoordinateprojects/fullcoordinateprojects/refs/heads/main/9/images/Audi Wallpaper 25.jpeg",
    "categories": "Audi Wallpaper",
    "premium": true
  },
  {
    "name": "Audi Wallpaper",
    "url": "https://raw.githubusercontent.com/Fullcoordinateprojects/fullcoordinateprojects/refs/heads/main/9/images/Audi Wallpaper 26.jpeg",
    "previewUrl": "https://raw.githubusercontent.com/Fullcoordinateprojects/fullcoordinateprojects/refs/heads/main/9/images/Audi Wallpaper 26.jpeg",
    "categories": "Audi Wallpaper",
    "premium": true
  },
  {
    "name": "Audi Wallpaper",
    "url": "https://raw.githubusercontent.com/Fullcoordinateprojects/fullcoordinateprojects/refs/heads/main/9/images/Audi Wallpaper 27.jpeg",
    "previewUrl": "https://raw.githubusercontent.com/Fullcoordinateprojects/fullcoordinateprojects/refs/heads/main/9/images/Audi Wallpaper 27.jpeg",
    "categories": "Audi Wallpaper",
    "premium": true
  },
  {
    "name": "Audi Wallpaper",
    "url": "https://raw.githubusercontent.com/Fullcoordinateprojects/fullcoordinateprojects/refs/heads/main/9/images/Audi Wallpaper 28.jpeg",
    "previewUrl": "https://raw.githubusercontent.com/Fullcoordinateprojects/fullcoordinateprojects/refs/heads/main/9/images/Audi Wallpaper 28.jpeg",
    "categories": "Audi Wallpaper",
    "premium": true
  },
  {
    "name": "Audi Wallpaper",
    "url": "https://raw.githubusercontent.com/Fullcoordinateprojects/fullcoordinateprojects/refs/heads/main/9/images/Audi Wallpaper 29.jpeg",
    "previewUrl": "https://raw.githubusercontent.com/Fullcoordinateprojects/fullcoordinateprojects/refs/heads/main/9/images/Audi Wallpaper 29.jpeg",
    "categories": "Audi Wallpaper",
    "premium": true
  },
  {
    "name": "Audi Wallpaper",
    "url": "https://raw.githubusercontent.com/Fullcoordinateprojects/fullcoordinateprojects/refs/heads/main/9/images/Audi Wallpaper 30.jpeg",
    "previewUrl": "https://raw.githubusercontent.com/Fullcoordinateprojects/fullcoordinateprojects/refs/heads/main/9/images/Audi Wallpaper 30.jpeg",
    "categories": "Audi Wallpaper",
    "premium": true
  },
  {
    "name": "Audi Wallpaper",
    "url": "https://raw.githubusercontent.com/Fullcoordinateprojects/fullcoordinateprojects/refs/heads/main/9/images/Audi Wallpaper 31.jpeg",
    "previewUrl": "https://raw.githubusercontent.com/Fullcoordinateprojects/fullcoordinateprojects/refs/heads/main/9/images/Audi Wallpaper 31.jpeg",
    "categories": "Audi Wallpaper",
    "premium": true
  },
  {
    "name": "Audi Wallpaper",
    "url": "https://raw.githubusercontent.com/Fullcoordinateprojects/fullcoordinateprojects/refs/heads/main/9/images/Audi Wallpaper 32.jpeg",
    "previewUrl": "https://raw.githubusercontent.com/Fullcoordinateprojects/fullcoordinateprojects/refs/heads/main/9/images/Audi Wallpaper 32.jpeg",
    "categories": "Audi Wallpaper",
    "premium": true
  },
  {
    "name": "Audi Wallpaper",
    "url": "https://raw.githubusercontent.com/Fullcoordinateprojects/fullcoordinateprojects/refs/heads/main/9/images/Audi Wallpaper 33.jpeg",
    "previewUrl": "https://raw.githubusercontent.com/Fullcoordinateprojects/fullcoordinateprojects/refs/heads/main/9/images/Audi Wallpaper 33.jpeg",
    "categories": "Audi Wallpaper",
    "premium": true
  },
  {
    "name": "Audi Wallpaper",
    "url": "https://raw.githubusercontent.com/Fullcoordinateprojects/fullcoordinateprojects/refs/heads/main/9/images/Audi Wallpaper 34.jpeg",
    "previewUrl": "https://raw.githubusercontent.com/Fullcoordinateprojects/fullcoordinateprojects/refs/heads/main/9/images/Audi Wallpaper 34.jpeg",
    "categories": "Audi Wallpaper",
    "premium": true
  },
  {
    "name": "Audi Wallpaper",
    "url": "https://raw.githubusercontent.com/Fullcoordinateprojects/fullcoordinateprojects/refs/heads/main/9/images/Audi Wallpaper 35.jpeg",
    "previewUrl": "https://raw.githubusercontent.com/Fullcoordinateprojects/fullcoordinateprojects/refs/heads/main/9/images/Audi Wallpaper 35.jpeg",
    "categories": "Audi Wallpaper",
    "premium": true
  },
  {
    "name": "Audi Wallpaper",
    "url": "https://raw.githubusercontent.com/Fullcoordinateprojects/fullcoordinateprojects/refs/heads/main/9/images/Audi Wallpaper 36.jpeg",
    "previewUrl": "https://raw.githubusercontent.com/Fullcoordinateprojects/fullcoordinateprojects/refs/heads/main/9/images/Audi Wallpaper 36.jpeg",
    "categories": "Audi Wallpaper",
    "premium": true
  },
  {
    "name": "Audi Wallpaper",
    "url": "https://raw.githubusercontent.com/Fullcoordinateprojects/fullcoordinateprojects/refs/heads/main/9/images/Audi Wallpaper 37.jpeg",
    "previewUrl": "https://raw.githubusercontent.com/Fullcoordinateprojects/fullcoordinateprojects/refs/heads/main/9/images/Audi Wallpaper 37.jpeg",
    "categories": "Audi Wallpaper",
    "premium": true
  },
  {
    "name": "Audi Wallpaper",
    "url": "https://raw.githubusercontent.com/Fullcoordinateprojects/fullcoordinateprojects/refs/heads/main/9/images/Audi Wallpaper 38.jpeg",
    "previewUrl": "https://raw.githubusercontent.com/Fullcoordinateprojects/fullcoordinateprojects/refs/heads/main/9/images/Audi Wallpaper 38.jpeg",
    "categories": "Audi Wallpaper",
    "premium": true
  },
  {
    "name": "Audi Wallpaper",
    "url": "https://raw.githubusercontent.com/Fullcoordinateprojects/fullcoordinateprojects/refs/heads/main/9/images/Audi Wallpaper 39.jpeg",
    "previewUrl": "https://raw.githubusercontent.com/Fullcoordinateprojects/fullcoordinateprojects/refs/heads/main/9/images/Audi Wallpaper 39.jpeg",
    "categories": "Audi Wallpaper",
    "premium": true
  },
  {
    "name": "Audi Wallpaper",
    "url": "https://raw.githubusercontent.com/Fullcoordinateprojects/fullcoordinateprojects/refs/heads/main/9/images/Audi Wallpaper 40.jpeg",
    "previewUrl": "https://raw.githubusercontent.com/Fullcoordinateprojects/fullcoordinateprojects/refs/heads/main/9/images/Audi Wallpaper 40.jpeg",
    "categories": "Audi Wallpaper",
    "premium": true
  },
  {
    "name": "Audi Wallpaper",
    "url": "https://raw.githubusercontent.com/Fullcoordinateprojects/fullcoordinateprojects/refs/heads/main/9/images/Audi Wallpaper 41.jpeg",
    "previewUrl": "https://raw.githubusercontent.com/Fullcoordinateprojects/fullcoordinateprojects/refs/heads/main/9/images/Audi Wallpaper 41.jpeg",
    "categories": "Audi Wallpaper",
    "premium": true
  },
  {
    "name": "Audi Wallpaper",
    "url": "https://raw.githubusercontent.com/Fullcoordinateprojects/fullcoordinateprojects/refs/heads/main/9/images/Audi Wallpaper 42.jpeg",
    "previewUrl": "https://raw.githubusercontent.com/Fullcoordinateprojects/fullcoordinateprojects/refs/heads/main/9/images/Audi Wallpaper 42.jpeg",
    "categories": "Audi Wallpaper",
    "premium": true
  },
  {
    "name": "Audi Wallpaper",
    "url": "https://raw.githubusercontent.com/Fullcoordinateprojects/fullcoordinateprojects/refs/heads/main/9/images/Audi Wallpaper 43.jpeg",
    "previewUrl": "https://raw.githubusercontent.com/Fullcoordinateprojects/fullcoordinateprojects/refs/heads/main/9/images/Audi Wallpaper 43.jpeg",
    "categories": "Audi Wallpaper",
    "premium": true
  },
  {
    "name": "Audi Wallpaper",
    "url": "https://raw.githubusercontent.com/Fullcoordinateprojects/fullcoordinateprojects/refs/heads/main/9/images/Audi Wallpaper 44.jpeg",
    "previewUrl": "https://raw.githubusercontent.com/Fullcoordinateprojects/fullcoordinateprojects/refs/heads/main/9/images/Audi Wallpaper 44.jpeg",
    "categories": "Audi Wallpaper",
    "premium": true
  },
  {
    "name": "Audi Wallpaper",
    "url": "https://raw.githubusercontent.com/Fullcoordinateprojects/fullcoordinateprojects/refs/heads/main/9/images/Audi Wallpaper 45.jpeg",
    "previewUrl": "https://raw.githubusercontent.com/Fullcoordinateprojects/fullcoordinateprojects/refs/heads/main/9/images/Audi Wallpaper 45.jpeg",
    "categories": "Audi Wallpaper",
    "premium": true
  },
  {
    "name": "Audi Wallpaper",
    "url": "https://raw.githubusercontent.com/Fullcoordinateprojects/fullcoordinateprojects/refs/heads/main/9/images/Audi Wallpaper 46.jpeg",
    "previewUrl": "https://raw.githubusercontent.com/Fullcoordinateprojects/fullcoordinateprojects/refs/heads/main/9/images/Audi Wallpaper 46.jpeg",
    "categories": "Audi Wallpaper",
    "premium": true
  },
  {
    "name": "Audi Wallpaper",
    "url": "https://raw.githubusercontent.com/Fullcoordinateprojects/fullcoordinateprojects/refs/heads/main/9/images/Audi Wallpaper 47.jpeg",
    "previewUrl": "https://raw.githubusercontent.com/Fullcoordinateprojects/fullcoordinateprojects/refs/heads/main/9/images/Audi Wallpaper 47.jpeg",
    "categories": "Audi Wallpaper",
    "premium": true
  },
  {
    "name": "Audi Wallpaper",
    "url": "https://raw.githubusercontent.com/Fullcoordinateprojects/fullcoordinateprojects/refs/heads/main/9/images/Audi Wallpaper 48.jpeg",
    "previewUrl": "https://raw.githubusercontent.com/Fullcoordinateprojects/fullcoordinateprojects/refs/heads/main/9/images/Audi Wallpaper 48.jpeg",
    "categories": "Audi Wallpaper",
    "premium": true
  },
  {
    "name": "Audi Wallpaper",
    "url": "https://raw.githubusercontent.com/Fullcoordinateprojects/fullcoordinateprojects/refs/heads/main/9/images/Audi Wallpaper 49.jpeg",
    "previewUrl": "https://raw.githubusercontent.com/Fullcoordinateprojects/fullcoordinateprojects/refs/heads/main/9/images/Audi Wallpaper 49.jpeg",
    "categories": "Audi Wallpaper",
    "premium": true
  },
  {
    "name": "Audi Wallpaper",
    "url": "https://raw.githubusercontent.com/Fullcoordinateprojects/fullcoordinateprojects/refs/heads/main/9/images/Audi Wallpaper 50.jpeg",
    "previewUrl": "https://raw.githubusercontent.com/Fullcoordinateprojects/fullcoordinateprojects/refs/heads/main/9/images/Audi Wallpaper 50.jpeg",
    "categories": "Audi Wallpaper",
    "premium": true
  }
]