[
  {
    "name": "Audi Wallpaper",
    "url": "https://raw.githubusercontent.com/Fullcoordinateprojects/fullcoordinateprojects/refs/heads/main/9/images/Audi Wallpaper 7.jpg",
    "previewUrl": "https://raw.githubusercontent.com/Fullcoordinateprojects/fullcoordinateprojects/refs/heads/main/9/images/Audi Wallpaper 7.jpg",
    "categories": "Audi Wallpaper",
    "premium": true
  },
  {
    "name": "Audi Wallpaper",
    "url": "https://raw.githubusercontent.com/Fullcoordinateprojects/fullcoordinateprojects/refs/heads/main/9/images/Audi Wallpaper 8.jpg",
    "previewUrl": "https://raw.githubusercontent.com/Fullcoordinateprojects/fullcoordinateprojects/refs/heads/main/9/images/Audi Wallpaper 8.jpg",
    "categories": "Audi Wallpaper",
    "premium": true
  },
  {
    "name": "Audi Wallpaper",
    "url": "https://raw.githubusercontent.com/Fullcoordinateprojects/fullcoordinateprojects/refs/heads/main/9/images/Audi Wallpaper 1.jpg",
    "previewUrl": "https://raw.githubusercontent.com/Fullcoordinateprojects/fullcoordinateprojects/refs/heads/main/9/images/Audi Wallpaper 9.jpg",
    "categories": "Audi Wallpaper",
    "premium": true
  },
  {
    "name": "Audi Wallpaper",
    "url": "https://raw.githubusercontent.com/Fullcoordinateprojects/fullcoordinateprojects/refs/heads/main/9/images/Audi Wallpaper 2.jpg",
    "previewUrl": "https://raw.githubusercontent.com/Fullcoordinateprojects/fullcoordinateprojects/refs/heads/main/9/images/Audi Wallpaper 10.jpg",
    "categories": "Audi Wallpaper",
    "premium": true
  },
  {
    "name": "Audi Wallpaper",
    "url": "https://raw.githubusercontent.com/Fullcoordinateprojects/fullcoordinateprojects/refs/heads/main/9/images/Audi Wallpaper 3.jpg",
    "previewUrl": "https://raw.githubusercontent.com/Fullcoordinateprojects/fullcoordinateprojects/refs/heads/main/9/images/Audi Wallpaper 11.jpg",
    "categories": "Audi Wallpaper",
    "premium": true
  },
  {
    "name": "Audi Wallpaper",
    "url": "https://raw.githubusercontent.com/Fullcoordinateprojects/fullcoordinateprojects/refs/heads/main/9/images/Audi Wallpaper 4.jpg",
    "previewUrl": "https://raw.githubusercontent.com/Fullcoordinateprojects/fullcoordinateprojects/refs/heads/main/9/images/Audi Wallpaper 12.jpg",
    "categories": "Audi Wallpaper",
    "premium": true
  },
  {
    "name": "Audi Wallpaper",
    "url": "https://raw.githubusercontent.com/Fullcoordinateprojects/fullcoordinateprojects/refs/heads/main/9/images/Audi Wallpaper 5.jpg",
    "previewUrl": "https://raw.githubusercontent.com/Fullcoordinateprojects/fullcoordinateprojects/refs/heads/main/9/images/Audi Wallpaper 13.jpg",
    "categories": "Audi Wallpaper",
    "premium": true
  },
  {
    "name": "Audi Wallpaper",
    "url": "https://raw.githubusercontent.com/Fullcoordinateprojects/fullcoordinateprojects/refs/heads/main/9/images/Audi Wallpaper 6.jpg",
    "previewUrl": "https://raw.githubusercontent.com/Fullcoordinateprojects/fullcoordinateprojects/refs/heads/main/9/images/Audi Wallpaper 14.jpg",
    "categories": "Audi Wallpaper",
    "premium": true
  }
]