[
  {
    "name": "Audi Wallpaper",
    "url": "https://raw.githubusercontent.com/Fullcoordinateprojects/fullcoordinateprojects/refs/heads/main/6/images/Audi Wallpaper 7.JPG",
    "previewUrl": "https://raw.githubusercontent.com/Fullcoordinateprojects/fullcoordinateprojects/refs/heads/main/6/images/Audi Wallpaper 7.JPG",
    "categories": "Audi Wallpaper",
    "premium": true
  },
  {
    "name": "Audi Wallpaper",
    "url": "https://raw.githubusercontent.com/Fullcoordinateprojects/fullcoordinateprojects/refs/heads/main/6/images/Audi Wallpaper 8.JPG",
    "previewUrl": "https://raw.githubusercontent.com/Fullcoordinateprojects/fullcoordinateprojects/refs/heads/main/6/images/Audi Wallpaper 8.JPG",
    "categories": "Audi Wallpaper",
    "premium": true
  },
  {
    "name": "Audi Wallpaper",
    "url": "https://raw.githubusercontent.com/Fullcoordinateprojects/fullcoordinateprojects/refs/heads/main/6/images/Audi Wallpaper 9.JPEG",
    "previewUrl": "https://raw.githubusercontent.com/Fullcoordinateprojects/fullcoordinateprojects/refs/heads/main/6/images/Audi Wallpaper 9.JPEG",
    "categories": "Audi Wallpaper",
    "premium": true
  },
  {
    "name": "Audi Wallpaper",
    "url": "https://raw.githubusercontent.com/Fullcoordinateprojects/fullcoordinateprojects/refs/heads/main/6/images/Audi Wallpaper 10.JPG",
    "previewUrl": "https://raw.githubusercontent.com/Fullcoordinateprojects/fullcoordinateprojects/refs/heads/main/6/images/Audi Wallpaper 10.JPG",
    "categories": "Audi Wallpaper",
    "premium": true
  },
  {
    "name": "Audi Wallpaper",
    "url": "https://raw.githubusercontent.com/Fullcoordinateprojects/fullcoordinateprojects/refs/heads/main/6/images/Audi Wallpaper 11.JPG",
    "previewUrl": "https://raw.githubusercontent.com/Fullcoordinateprojects/fullcoordinateprojects/refs/heads/main/6/images/Audi Wallpaper 11.JPG",
    "categories": "Audi Wallpaper",
    "premium": true
  },
  {
    "name": "Audi Wallpaper",
    "url": "https://raw.githubusercontent.com/Fullcoordinateprojects/fullcoordinateprojects/refs/heads/main/6/images/Audi Wallpaper 12.JPEG",
    "previewUrl": "https://raw.githubusercontent.com/Fullcoordinateprojects/fullcoordinateprojects/refs/heads/main/6/images/Audi Wallpaper 12.JPEG",
    "categories": "Audi Wallpaper",
    "premium": true
  },
  {
    "name": "Audi Wallpaper",
    "url": "https://raw.githubusercontent.com/Fullcoordinateprojects/fullcoordinateprojects/refs/heads/main/6/images/Audi Wallpaper 13.JPEG",
    "previewUrl": "https://raw.githubusercontent.com/Fullcoordinateprojects/fullcoordinateprojects/refs/heads/main/6/images/Audi Wallpaper 13.JPEG",
    "categories": "Audi Wallpaper",
    "premium": true
  },
  {
    "name": "Audi Wallpaper",
    "url": "https://raw.githubusercontent.com/Fullcoordinateprojects/fullcoordinateprojects/refs/heads/main/6/images/Audi Wallpaper 14.JPEG",
    "previewUrl": "https://raw.githubusercontent.com/Fullcoordinateprojects/fullcoordinateprojects/refs/heads/main/6/images/Audi Wallpaper 14.JPEG",
    "categories": "Audi Wallpaper",
    "premium": true
  },
  {
    "name": "Audi Wallpaper",
    "url": "https://raw.githubusercontent.com/Fullcoordinateprojects/fullcoordinateprojects/refs/heads/main/6/images/Audi Wallpaper 15.JPEG",
    "previewUrl": "https://raw.githubusercontent.com/Fullcoordinateprojects/fullcoordinateprojects/refs/heads/main/6/images/Audi Wallpaper 15.JPEG",
    "categories": "Audi Wallpaper",
    "premium": true
  },
  {
    "name": "Audi Wallpaper",
    "url": "https://raw.githubusercontent.com/Fullcoordinateprojects/fullcoordinateprojects/refs/heads/main/6/images/Audi Wallpaper 16.JPG",
    "previewUrl": "https://raw.githubusercontent.com/Fullcoordinateprojects/fullcoordinateprojects/refs/heads/main/6/images/Audi Wallpaper 16.JPG",
    "categories": "Audi Wallpaper",
    "premium": true
  },
  {
    "name": "Audi Wallpaper",
    "url": "https://raw.githubusercontent.com/Fullcoordinateprojects/fullcoordinateprojects/refs/heads/main/6/images/Audi Wallpaper 3.JPG",
    "previewUrl": "https://raw.githubusercontent.com/Fullcoordinateprojects/fullcoordinateprojects/refs/heads/main/6/images/Audi Wallpaper 3.JPG",
    "categories": "Audi Wallpaper",
    "premium": true
  },
  {
    "name": "Audi Wallpaper",
    "url": "https://raw.githubusercontent.com/Fullcoordinateprojects/fullcoordinateprojects/refs/heads/main/6/images/Audi Wallpaper 17.JPG",
    "previewUrl": "https://raw.githubusercontent.com/Fullcoordinateprojects/fullcoordinateprojects/refs/heads/main/6/images/Audi Wallpaper 17.JPG",
    "categories": "Audi Wallpaper",
    "premium": true
  },
  {
    "name": "Audi Wallpaper",
    "url": "https://raw.githubusercontent.com/Fullcoordinateprojects/fullcoordinateprojects/refs/heads/main/6/images/Audi Wallpaper 18.JPG",
    "previewUrl": "https://raw.githubusercontent.com/Fullcoordinateprojects/fullcoordinateprojects/refs/heads/main/6/images/Audi Wallpaper 18.JPG",
    "categories": "Audi Wallpaper",
    "premium": true
  },
  {
    "name": "Audi Wallpaper",
    "url": "https://raw.githubusercontent.com/Fullcoordinateprojects/fullcoordinateprojects/refs/heads/main/6/images/Audi Wallpaper 19.JPG",
    "previewUrl": "https://raw.githubusercontent.com/Fullcoordinateprojects/fullcoordinateprojects/refs/heads/main/6/images/Audi Wallpaper 19.JPG",
    "categories": "Audi Wallpaper",
    "premium": true
  },
  {
    "name": "Audi Wallpaper",
    "url": "https://raw.githubusercontent.com/Fullcoordinateprojects/fullcoordinateprojects/refs/heads/main/6/images/Audi Wallpaper 20.JPG",
    "previewUrl": "https://raw.githubusercontent.com/Fullcoordinateprojects/fullcoordinateprojects/refs/heads/main/6/images/Audi Wallpaper 20.JPG",
    "categories": "Audi Wallpaper",
    "premium": true
  },
    {
    "name": "Audi Wallpaper",
    "url": "https://raw.githubusercontent.com/Fullcoordinateprojects/fullcoordinateprojects/refs/heads/main/6/images/Audi Wallpaper 21.JPG",
    "previewUrl": "https://raw.githubusercontent.com/Fullcoordinateprojects/fullcoordinateprojects/refs/heads/main/6/images/Audi Wallpaper 21.JPG",
    "categories": "Audi Wallpaper",
    "premium": true
  },
  {
    "name": "Audi Wallpaper",
    "url": "https://raw.githubusercontent.com/Fullcoordinateprojects/fullcoordinateprojects/refs/heads/main/6/images/Audi Wallpaper 1.JPG",
    "previewUrl": "https://raw.githubusercontent.com/Fullcoordinateprojects/fullcoordinateprojects/refs/heads/main/6/images/Audi Wallpaper 1.JPG",
    "categories": "Audi Wallpaper",
    "premium": true
  },
  {
    "name": "Audi Wallpaper",
    "url": "https://raw.githubusercontent.com/Fullcoordinateprojects/fullcoordinateprojects/refs/heads/main/6/images/Audi Wallpaper 2.JPG",
    "previewUrl": "https://raw.githubusercontent.com/Fullcoordinateprojects/fullcoordinateprojects/refs/heads/main/6/images/Audi Wallpaper 2.JPG",
    "categories": "Audi Wallpaper",
    "premium": true
  },
  {
    "name": "Audi Wallpaper",
    "url": "https://raw.githubusercontent.com/Fullcoordinateprojects/fullcoordinateprojects/refs/heads/main/6/images/Audi Wallpaper 4.JPG",
    "previewUrl": "https://raw.githubusercontent.com/Fullcoordinateprojects/fullcoordinateprojects/refs/heads/main/6/images/Audi Wallpaper 4.JPG",
    "categories": "Audi Wallpaper",
    "premium": true
  },
  {
    "name": "Audi Wallpaper",
    "url": "https://raw.githubusercontent.com/Fullcoordinateprojects/fullcoordinateprojects/refs/heads/main/6/images/Audi Wallpaper 5.JPG",
    "previewUrl": "https://raw.githubusercontent.com/Fullcoordinateprojects/fullcoordinateprojects/refs/heads/main/6/images/Audi Wallpaper 5.JPG",
    "categories": "Audi Wallpaper",
    "premium": true
  },
  {
    "name": "Audi Wallpaper",
    "url": "https://raw.githubusercontent.com/Fullcoordinateprojects/fullcoordinateprojects/refs/heads/main/6/images/Audi Wallpaper 6.JPG",
    "previewUrl": "https://raw.githubusercontent.com/Fullcoordinateprojects/fullcoordinateprojects/refs/heads/main/6/images/Audi Wallpaper 6.JPG",
    "categories": "Audi Wallpaper",
    "premium": true
  },
  {
    "name": "Audi Wallpaper",
    "url": "https://raw.githubusercontent.com/Fullcoordinateprojects/fullcoordinateprojects/refs/heads/main/6/images/Audi Wallpaper 22.JPG",
    "previewUrl": "https://raw.githubusercontent.com/Fullcoordinateprojects/fullcoordinateprojects/refs/heads/main/6/images/Audi Wallpaper 22.JPG",
    "categories": "Audi Wallpaper",
    "premium": true
  },
  {
    "name": "Audi Wallpaper",
    "url": "https://raw.githubusercontent.com/Fullcoordinateprojects/fullcoordinateprojects/refs/heads/main/6/images/Audi Wallpaper 23.JPG",
    "previewUrl": "https://raw.githubusercontent.com/Fullcoordinateprojects/fullcoordinateprojects/refs/heads/main/6/images/Audi Wallpaper 23.JPG",
    "categories": "Audi Wallpaper",
    "premium": true
  },
  {
    "name": "Audi Wallpaper",
    "url": "https://raw.githubusercontent.com/Fullcoordinateprojects/fullcoordinateprojects/refs/heads/main/6/images/Audi Wallpaper 24.JPEG",
    "previewUrl": "https://raw.githubusercontent.com/Fullcoordinateprojects/fullcoordinateprojects/refs/heads/main/6/images/Audi Wallpaper 24.JPEG",
    "categories": "Audi Wallpaper",
    "premium": true
  },
  {
    "name": "Audi Wallpaper",
    "url": "https://raw.githubusercontent.com/Fullcoordinateprojects/fullcoordinateprojects/refs/heads/main/6/images/Audi Wallpaper 25.JPEG",
    "previewUrl": "https://raw.githubusercontent.com/Fullcoordinateprojects/fullcoordinateprojects/refs/heads/main/6/images/Audi Wallpaper 25.JPEG",
    "categories": "Audi Wallpaper",
    "premium": true
  },
  {
    "name": "Audi Wallpaper",
    "url": "https://raw.githubusercontent.com/Fullcoordinateprojects/fullcoordinateprojects/refs/heads/main/6/images/Audi Wallpaper 26.JPEG",
    "previewUrl": "https://raw.githubusercontent.com/Fullcoordinateprojects/fullcoordinateprojects/refs/heads/main/6/images/Audi Wallpaper 26.JPEG",
    "categories": "Audi Wallpaper",
    "premium": true
  },
  {
    "name": "Audi Wallpaper",
    "url": "https://raw.githubusercontent.com/Fullcoordinateprojects/fullcoordinateprojects/refs/heads/main/6/images/Audi Wallpaper 27.JPEG",
    "previewUrl": "https://raw.githubusercontent.com/Fullcoordinateprojects/fullcoordinateprojects/refs/heads/main/6/images/Audi Wallpaper 27.JPEG",
    "categories": "Audi Wallpaper",
    "premium": true
  },
  {
    "name": "Audi Wallpaper",
    "url": "https://raw.githubusercontent.com/Fullcoordinateprojects/fullcoordinateprojects/refs/heads/main/6/images/Audi Wallpaper 28.JPEG",
    "previewUrl": "https://raw.githubusercontent.com/Fullcoordinateprojects/fullcoordinateprojects/refs/heads/main/6/images/Audi Wallpaper 28.JPEG",
    "categories": "Audi Wallpaper",
    "premium": true
  },
  {
    "name": "Audi Wallpaper",
    "url": "https://raw.githubusercontent.com/Fullcoordinateprojects/fullcoordinateprojects/refs/heads/main/6/images/Audi Wallpaper 29.JPEG",
    "previewUrl": "https://raw.githubusercontent.com/Fullcoordinateprojects/fullcoordinateprojects/refs/heads/main/6/images/Audi Wallpaper 29.JPEG",
    "categories": "Audi Wallpaper",
    "premium": true
  },
  {
    "name": "Audi Wallpaper",
    "url": "https://raw.githubusercontent.com/Fullcoordinateprojects/fullcoordinateprojects/refs/heads/main/6/images/Audi Wallpaper 30.JPEG",
    "previewUrl": "https://raw.githubusercontent.com/Fullcoordinateprojects/fullcoordinateprojects/refs/heads/main/6/images/Audi Wallpaper 30.JPEG",
    "categories": "Audi Wallpaper",
    "premium": true
  },
  {
    "name": "Audi Wallpaper",
    "url": "https://raw.githubusercontent.com/Fullcoordinateprojects/fullcoordinateprojects/refs/heads/main/6/images/Audi Wallpaper 31.JPEG",
    "previewUrl": "https://raw.githubusercontent.com/Fullcoordinateprojects/fullcoordinateprojects/refs/heads/main/6/images/Audi Wallpaper 31.JPEG",
    "categories": "Audi Wallpaper",
    "premium": true
  },
  {
    "name": "Audi Wallpaper",
    "url": "https://raw.githubusercontent.com/Fullcoordinateprojects/fullcoordinateprojects/refs/heads/main/6/images/Audi Wallpaper 32.JPEG",
    "previewUrl": "https://raw.githubusercontent.com/Fullcoordinateprojects/fullcoordinateprojects/refs/heads/main/6/images/Audi Wallpaper 32.JPEG",
    "categories": "Audi Wallpaper",
    "premium": true
  },
  {
    "name": "Audi Wallpaper",
    "url": "https://raw.githubusercontent.com/Fullcoordinateprojects/fullcoordinateprojects/refs/heads/main/6/images/Audi Wallpaper 33.JPEG",
    "previewUrl": "https://raw.githubusercontent.com/Fullcoordinateprojects/fullcoordinateprojects/refs/heads/main/6/images/Audi Wallpaper 33.JPEG",
    "categories": "Audi Wallpaper",
    "premium": true
  },
  {
    "name": "Audi Wallpaper",
    "url": "https://raw.githubusercontent.com/Fullcoordinateprojects/fullcoordinateprojects/refs/heads/main/6/images/Audi Wallpaper 34.JPEG",
    "previewUrl": "https://raw.githubusercontent.com/Fullcoordinateprojects/fullcoordinateprojects/refs/heads/main/6/images/Audi Wallpaper 34.JPEG",
    "categories": "Audi Wallpaper",
    "premium": true
  },
  {
    "name": "Audi Wallpaper",
    "url": "https://raw.githubusercontent.com/Fullcoordinateprojects/fullcoordinateprojects/refs/heads/main/6/images/Audi Wallpaper 35.JPEG",
    "previewUrl": "https://raw.githubusercontent.com/Fullcoordinateprojects/fullcoordinateprojects/refs/heads/main/6/images/Audi Wallpaper 35.JPEG",
    "categories": "Audi Wallpaper",
    "premium": true
  },
  {
    "name": "Audi Wallpaper",
    "url": "https://raw.githubusercontent.com/Fullcoordinateprojects/fullcoordinateprojects/refs/heads/main/6/images/Audi Wallpaper 36.JPEG",
    "previewUrl": "https://raw.githubusercontent.com/Fullcoordinateprojects/fullcoordinateprojects/refs/heads/main/6/images/Audi Wallpaper 36.JPEG",
    "categories": "Audi Wallpaper",
    "premium": true
  },
  {
    "name": "Audi Wallpaper",
    "url": "https://raw.githubusercontent.com/Fullcoordinateprojects/fullcoordinateprojects/refs/heads/main/6/images/Audi Wallpaper 37.JPEG",
    "previewUrl": "https://raw.githubusercontent.com/Fullcoordinateprojects/fullcoordinateprojects/refs/heads/main/6/images/Audi Wallpaper 37.JPEG",
    "categories": "Audi Wallpaper",
    "premium": true
  },
  {
    "name": "Audi Wallpaper",
    "url": "https://raw.githubusercontent.com/Fullcoordinateprojects/fullcoordinateprojects/refs/heads/main/6/images/Audi Wallpaper 38.JPEG",
    "previewUrl": "https://raw.githubusercontent.com/Fullcoordinateprojects/fullcoordinateprojects/refs/heads/main/6/images/Audi Wallpaper 38.JPEG",
    "categories": "Audi Wallpaper",
    "premium": true
  },
  {
    "name": "Audi Wallpaper",
    "url": "https://raw.githubusercontent.com/Fullcoordinateprojects/fullcoordinateprojects/refs/heads/main/6/images/Audi Wallpaper 39.JPEG",
    "previewUrl": "https://raw.githubusercontent.com/Fullcoordinateprojects/fullcoordinateprojects/refs/heads/main/6/images/Audi Wallpaper 39.JPEG",
    "categories": "Audi Wallpaper",
    "premium": true
  },
  {
    "name": "Audi Wallpaper",
    "url": "https://raw.githubusercontent.com/Fullcoordinateprojects/fullcoordinateprojects/refs/heads/main/6/images/Audi Wallpaper 40.JPEG",
    "previewUrl": "https://raw.githubusercontent.com/Fullcoordinateprojects/fullcoordinateprojects/refs/heads/main/6/images/Audi Wallpaper 40.JPEG",
    "categories": "Audi Wallpaper",
    "premium": true
  },
  {
    "name": "Audi Wallpaper",
    "url": "https://raw.githubusercontent.com/Fullcoordinateprojects/fullcoordinateprojects/refs/heads/main/6/images/Audi Wallpaper 41.JPEG",
    "previewUrl": "https://raw.githubusercontent.com/Fullcoordinateprojects/fullcoordinateprojects/refs/heads/main/6/images/Audi Wallpaper 41.JPEG",
    "categories": "Audi Wallpaper",
    "premium": true
  },
  {
    "name": "Audi Wallpaper",
    "url": "https://raw.githubusercontent.com/Fullcoordinateprojects/fullcoordinateprojects/refs/heads/main/6/images/Audi Wallpaper 42.JPEG",
    "previewUrl": "https://raw.githubusercontent.com/Fullcoordinateprojects/fullcoordinateprojects/refs/heads/main/6/images/Audi Wallpaper 42.JPEG",
    "categories": "Audi Wallpaper",
    "premium": true
  },
  {
    "name": "Audi Wallpaper",
    "url": "https://raw.githubusercontent.com/Fullcoordinateprojects/fullcoordinateprojects/refs/heads/main/6/images/Audi Wallpaper 43.JPEG",
    "previewUrl": "https://raw.githubusercontent.com/Fullcoordinateprojects/fullcoordinateprojects/refs/heads/main/6/images/Audi Wallpaper 43.JPEG",
    "categories": "Audi Wallpaper",
    "premium": true
  },
  {
    "name": "Audi Wallpaper",
    "url": "https://raw.githubusercontent.com/Fullcoordinateprojects/fullcoordinateprojects/refs/heads/main/6/images/Audi Wallpaper 44.JPEG",
    "previewUrl": "https://raw.githubusercontent.com/Fullcoordinateprojects/fullcoordinateprojects/refs/heads/main/6/images/Audi Wallpaper 44.JPEG",
    "categories": "Audi Wallpaper",
    "premium": true
  },
  {
    "name": "Audi Wallpaper",
    "url": "https://raw.githubusercontent.com/Fullcoordinateprojects/fullcoordinateprojects/refs/heads/main/6/images/Audi Wallpaper 45.JPEG",
    "previewUrl": "https://raw.githubusercontent.com/Fullcoordinateprojects/fullcoordinateprojects/refs/heads/main/6/images/Audi Wallpaper 45.JPEG",
    "categories": "Audi Wallpaper",
    "premium": true
  },
  {
    "name": "Audi Wallpaper",
    "url": "https://raw.githubusercontent.com/Fullcoordinateprojects/fullcoordinateprojects/refs/heads/main/6/images/Audi Wallpaper 46.JPEG",
    "previewUrl": "https://raw.githubusercontent.com/Fullcoordinateprojects/fullcoordinateprojects/refs/heads/main/6/images/Audi Wallpaper 46.JPEG",
    "categories": "Audi Wallpaper",
    "premium": true
  },
  {
    "name": "Audi Wallpaper",
    "url": "https://raw.githubusercontent.com/Fullcoordinateprojects/fullcoordinateprojects/refs/heads/main/6/images/Audi Wallpaper 47.JPEG",
    "previewUrl": "https://raw.githubusercontent.com/Fullcoordinateprojects/fullcoordinateprojects/refs/heads/main/6/images/Audi Wallpaper 47.JPEG",
    "categories": "Audi Wallpaper",
    "premium": true
  },
  {
    "name": "Audi Wallpaper",
    "url": "https://raw.githubusercontent.com/Fullcoordinateprojects/fullcoordinateprojects/refs/heads/main/6/images/Audi Wallpaper 48.JPEG",
    "previewUrl": "https://raw.githubusercontent.com/Fullcoordinateprojects/fullcoordinateprojects/refs/heads/main/6/images/Audi Wallpaper 48.JPEG",
    "categories": "Audi Wallpaper",
    "premium": true
  },
  {
    "name": "Audi Wallpaper",
    "url": "https://raw.githubusercontent.com/Fullcoordinateprojects/fullcoordinateprojects/refs/heads/main/6/images/Audi Wallpaper 49.JPEG",
    "previewUrl": "https://raw.githubusercontent.com/Fullcoordinateprojects/fullcoordinateprojects/refs/heads/main/6/images/Audi Wallpaper 49.JPEG",
    "categories": "Audi Wallpaper",
    "premium": true
  },
  {
    "name": "Audi Wallpaper",
    "url": "https://raw.githubusercontent.com/Fullcoordinateprojects/fullcoordinateprojects/refs/heads/main/6/images/Audi Wallpaper 50.JPEG",
    "previewUrl": "https://raw.githubusercontent.com/Fullcoordinateprojects/fullcoordinateprojects/refs/heads/main/6/images/Audi Wallpaper 50.JPEG",
    "categories": "Audi Wallpaper",
    "premium": true
  }
]