[
  {
    "name": "Yellow Dino",
    "url": "https://raw.githubusercontent.com/Fullcoordinateprojects/fullcoordinateprojects/refs/heads/main/14/images/1.jpeg",
    "previewUrl": "https://raw.githubusercontent.com/Fullcoordinateprojects/fullcoordinateprojects/refs/heads/main/14/images/1.jpeg",
    "categories": "Yellow Dino",
    "premium": false
  },
  {
    "name": "Yellow Dino",
    "url": "https://raw.githubusercontent.com/Fullcoordinateprojects/fullcoordinateprojects/refs/heads/main/14/images/2.jpeg",
    "previewUrl": "https://raw.githubusercontent.com/Fullcoordinateprojects/fullcoordinateprojects/refs/heads/main/14/images/2.jpeg",
    "categories": "Yellow Dino",
    "premium": false
  },
  {
    "name": "Yellow Dino",
    "url": "https://raw.githubusercontent.com/Fullcoordinateprojects/fullcoordinateprojects/refs/heads/main/14/images/3.jpeg",
    "previewUrl": "https://raw.githubusercontent.com/Fullcoordinateprojects/fullcoordinateprojects/refs/heads/main/14/images/3.jpeg",
    "categories": "Yellow Dino",
    "premium": false
  },
  {
    "name": "Yellow Dino",
    "url": "https://raw.githubusercontent.com/Fullcoordinateprojects/fullcoordinateprojects/refs/heads/main/14/images/4.jpeg",
    "previewUrl": "https://raw.githubusercontent.com/Fullcoordinateprojects/fullcoordinateprojects/refs/heads/main/14/images/4.jpeg",
    "categories": "Yellow Dino",
    "premium": false
  },
  {
    "name": "Yellow Dino",
    "url": "https://raw.githubusercontent.com/Fullcoordinateprojects/fullcoordinateprojects/refs/heads/main/14/images/5.jpg",
    "previewUrl": "https://raw.githubusercontent.com/Fullcoordinateprojects/fullcoordinateprojects/refs/heads/main/14/images/5.jpg",
    "categories": "Yellow Dino",
    "premium": false
  },
  {
    "name": "Yellow Dino",
    "url": "https://raw.githubusercontent.com/Fullcoordinateprojects/fullcoordinateprojects/refs/heads/main/14/images/6.jpeg",
    "previewUrl": "https://raw.githubusercontent.com/Fullcoordinateprojects/fullcoordinateprojects/refs/heads/main/14/images/6.jpeg",
    "categories": "Yellow Dino",
    "premium": false
  },
  {
    "name": "Yellow Dino",
    "url": "https://raw.githubusercontent.com/Fullcoordinateprojects/fullcoordinateprojects/refs/heads/main/14/images/7.jpeg",
    "previewUrl": "https://raw.githubusercontent.com/Fullcoordinateprojects/fullcoordinateprojects/refs/heads/main/14/images/7.jpeg",
    "categories": "Yellow Dino",
    "premium": false
  },
  {
    "name": "Yellow Dino",
    "url": "https://raw.githubusercontent.com/Fullcoordinateprojects/fullcoordinateprojects/refs/heads/main/14/images/8.jpeg",
    "previewUrl": "https://raw.githubusercontent.com/Fullcoordinateprojects/fullcoordinateprojects/refs/heads/main/14/images/8.jpeg",
    "categories": "Yellow Dino",
    "premium": false
  },
  {
    "name": "Yellow Dino",
    "url": "https://raw.githubusercontent.com/Fullcoordinateprojects/fullcoordinateprojects/refs/heads/main/14/images/9.jpeg",
    "previewUrl": "https://raw.githubusercontent.com/Fullcoordinateprojects/fullcoordinateprojects/refs/heads/main/14/images/9.jpeg",
    "categories": "Yellow Dino",
    "premium": false
  },
  {
    "name": "Yellow Dino",
    "url": "https://raw.githubusercontent.com/Fullcoordinateprojects/fullcoordinateprojects/refs/heads/main/14/images/10.jpeg",
    "previewUrl": "https://raw.githubusercontent.com/Fullcoordinateprojects/fullcoordinateprojects/refs/heads/main/14/images/10.jpeg",
    "categories": "Yellow Dino",
    "premium": false
  },
  {
    "name": "Yellow Dino",
    "url": "https://raw.githubusercontent.com/Fullcoordinateprojects/fullcoordinateprojects/refs/heads/main/14/images/11.jpeg",
    "previewUrl": "https://raw.githubusercontent.com/Fullcoordinateprojects/fullcoordinateprojects/refs/heads/main/14/images/11.jpeg",
    "categories": "Yellow Dino",
    "premium": false
  },
  {
    "name": "Yellow Dino",
    "url": "https://raw.githubusercontent.com/Fullcoordinateprojects/fullcoordinateprojects/refs/heads/main/14/images/12.jpeg",
    "previewUrl": "https://raw.githubusercontent.com/Fullcoordinateprojects/fullcoordinateprojects/refs/heads/main/14/images/12.jpeg",
    "categories": "Yellow Dino",
    "premium": false
  },
  {
    "name": "Yellow Dino",
    "url": "https://raw.githubusercontent.com/Fullcoordinateprojects/fullcoordinateprojects/refs/heads/main/14/images/13.jpeg",
    "previewUrl": "https://raw.githubusercontent.com/Fullcoordinateprojects/fullcoordinateprojects/refs/heads/main/14/images/13.jpeg",
    "categories": "Yellow Dino",
    "premium": false
  },
  {
    "name": "Yellow Dino",
    "url": "https://raw.githubusercontent.com/Fullcoordinateprojects/fullcoordinateprojects/refs/heads/main/14/images/14.jpeg",
    "previewUrl": "https://raw.githubusercontent.com/Fullcoordinateprojects/fullcoordinateprojects/refs/heads/main/14/images/14.jpeg",
    "categories": "Yellow Dino",
    "premium": false
  },
  {
    "name": "Yellow Dino",
    "url": "https://raw.githubusercontent.com/Fullcoordinateprojects/fullcoordinateprojects/refs/heads/main/14/images/15.jpg",
    "previewUrl": "https://raw.githubusercontent.com/Fullcoordinateprojects/fullcoordinateprojects/refs/heads/main/14/images/15.jpg",
    "categories": "Yellow Dino",
    "premium": false
  },
  {
    "name": "Yellow Dino",
    "url": "https://raw.githubusercontent.com/Fullcoordinateprojects/fullcoordinateprojects/refs/heads/main/14/images/16.jpeg",
    "previewUrl": "https://raw.githubusercontent.com/Fullcoordinateprojects/fullcoordinateprojects/refs/heads/main/14/images/16.jpeg",
    "categories": "Yellow Dino",
    "premium": false
  }
]