[
  {
    "name": "Pink Wallpaper",
    "url": "https://raw.githubusercontent.com/Fullcoordinateprojects/fullcoordinateprojects/refs/heads/main/16/images/Pink Wallpaper 7.JPG",
    "previewUrl": "https://raw.githubusercontent.com/Fullcoordinateprojects/fullcoordinateprojects/refs/heads/main/16/images/Pink Wallpaper 7.JPG",
    "categories": "Pink Wallpaper",
    "premium": false
  },
  {
    "name": "Pink Wallpaper",
    "url": "https://raw.githubusercontent.com/Fullcoordinateprojects/fullcoordinateprojects/refs/heads/main/16/images/Pink Wallpaper 8.JPG",
    "previewUrl": "https://raw.githubusercontent.com/Fullcoordinateprojects/fullcoordinateprojects/refs/heads/main/16/images/Pink Wallpaper 8.JPG",
    "categories": "Pink Wallpaper",
    "premium": false
  },
  {
    "name": "Pink Wallpaper",
    "url": "https://raw.githubusercontent.com/Fullcoordinateprojects/fullcoordinateprojects/refs/heads/main/16/images/Pink Wallpaper 9.JPG",
    "previewUrl": "https://raw.githubusercontent.com/Fullcoordinateprojects/fullcoordinateprojects/refs/heads/main/16/images/Pink Wallpaper 9.JPG",
    "categories": "Pink Wallpaper",
    "premium": false
  },
  {
    "name": "Pink Wallpaper",
    "url": "https://raw.githubusercontent.com/Fullcoordinateprojects/fullcoordinateprojects/refs/heads/main/16/images/Pink Wallpaper 10.JPG",
    "previewUrl": "https://raw.githubusercontent.com/Fullcoordinateprojects/fullcoordinateprojects/refs/heads/main/16/images/Pink Wallpaper 10.JPG",
    "categories": "Pink Wallpaper",
    "premium": false
  },
  {
    "name": "Pink Wallpaper",
    "url": "https://raw.githubusercontent.com/Fullcoordinateprojects/fullcoordinateprojects/refs/heads/main/16/images/Pink Wallpaper 11.JPG",
    "previewUrl": "https://raw.githubusercontent.com/Fullcoordinateprojects/fullcoordinateprojects/refs/heads/main/16/images/Pink Wallpaper 11.JPG",
    "categories": "Pink Wallpaper",
    "premium": false
  },
  {
    "name": "Pink Wallpaper",
    "url": "https://raw.githubusercontent.com/Fullcoordinateprojects/fullcoordinateprojects/refs/heads/main/16/images/Pink Wallpaper 12.JPG",
    "previewUrl": "https://raw.githubusercontent.com/Fullcoordinateprojects/fullcoordinateprojects/refs/heads/main/16/images/Pink Wallpaper 12.JPG",
    "categories": "Pink Wallpaper",
    "premium": false
  },
  {
    "name": "Pink Wallpaper",
    "url": "https://raw.githubusercontent.com/Fullcoordinateprojects/fullcoordinateprojects/refs/heads/main/16/images/Pink Wallpaper 13.JPG",
    "previewUrl": "https://raw.githubusercontent.com/Fullcoordinateprojects/fullcoordinateprojects/refs/heads/main/16/images/Pink Wallpaper 13.JPG",
    "categories": "Pink Wallpaper",
    "premium": false
  },
  {
    "name": "Pink Wallpaper",
    "url": "https://raw.githubusercontent.com/Fullcoordinateprojects/fullcoordinateprojects/refs/heads/main/16/images/Pink Wallpaper 14.JPG",
    "previewUrl": "https://raw.githubusercontent.com/Fullcoordinateprojects/fullcoordinateprojects/refs/heads/main/16/images/Pink Wallpaper 14.JPG",
    "categories": "Pink Wallpaper",
    "premium": false
  },
  {
    "name": "Pink Wallpaper",
    "url": "https://raw.githubusercontent.com/Fullcoordinateprojects/fullcoordinateprojects/refs/heads/main/16/images/Pink Wallpaper 15.JPG",
    "previewUrl": "https://raw.githubusercontent.com/Fullcoordinateprojects/fullcoordinateprojects/refs/heads/main/16/images/Pink Wallpaper 15.JPG",
    "categories": "Pink Wallpaper",
    "premium": false
  },
  {
    "name": "Pink Wallpaper",
    "url": "https://raw.githubusercontent.com/Fullcoordinateprojects/fullcoordinateprojects/refs/heads/main/16/images/Pink Wallpaper 16.JPG",
    "previewUrl": "https://raw.githubusercontent.com/Fullcoordinateprojects/fullcoordinateprojects/refs/heads/main/16/images/Pink Wallpaper 16.JPG",
    "categories": "Pink Wallpaper",
    "premium": false
  },
  {
    "name": "Pink Wallpaper",
    "url": "https://raw.githubusercontent.com/Fullcoordinateprojects/fullcoordinateprojects/refs/heads/main/16/images/Pink Wallpaper 3.JPG",
    "previewUrl": "https://raw.githubusercontent.com/Fullcoordinateprojects/fullcoordinateprojects/refs/heads/main/16/images/Pink Wallpaper 3.JPG",
    "categories": "Pink Wallpaper",
    "premium": false
  },
  {
    "name": "Pink Wallpaper",
    "url": "https://raw.githubusercontent.com/Fullcoordinateprojects/fullcoordinateprojects/refs/heads/main/16/images/Pink Wallpaper 17.JPG",
    "previewUrl": "https://raw.githubusercontent.com/Fullcoordinateprojects/fullcoordinateprojects/refs/heads/main/16/images/Pink Wallpaper 17.JPG",
    "categories": "Pink Wallpaper",
    "premium": false
  },
  {
    "name": "Pink Wallpaper",
    "url": "https://raw.githubusercontent.com/Fullcoordinateprojects/fullcoordinateprojects/refs/heads/main/16/images/Pink Wallpaper 18.JPG",
    "previewUrl": "https://raw.githubusercontent.com/Fullcoordinateprojects/fullcoordinateprojects/refs/heads/main/16/images/Pink Wallpaper 18.JPG",
    "categories": "Pink Wallpaper",
    "premium": false
  },
  {
    "name": "Pink Wallpaper",
    "url": "https://raw.githubusercontent.com/Fullcoordinateprojects/fullcoordinateprojects/refs/heads/main/16/images/Pink Wallpaper 19.JPG",
    "previewUrl": "https://raw.githubusercontent.com/Fullcoordinateprojects/fullcoordinateprojects/refs/heads/main/16/images/Pink Wallpaper 19.JPG",
    "categories": "Pink Wallpaper",
    "premium": false
  },
  {
    "name": "Pink Wallpaper",
    "url": "https://raw.githubusercontent.com/Fullcoordinateprojects/fullcoordinateprojects/refs/heads/main/16/images/Pink Wallpaper 20.JPG",
    "previewUrl": "https://raw.githubusercontent.com/Fullcoordinateprojects/fullcoordinateprojects/refs/heads/main/16/images/Pink Wallpaper 20.JPG",
    "categories": "Pink Wallpaper",
    "premium": false
  },
    {
    "name": "Pink Wallpaper",
    "url": "https://raw.githubusercontent.com/Fullcoordinateprojects/fullcoordinateprojects/refs/heads/main/16/images/Pink Wallpaper 21.JPG",
    "previewUrl": "https://raw.githubusercontent.com/Fullcoordinateprojects/fullcoordinateprojects/refs/heads/main/16/images/Pink Wallpaper 21.JPG",
    "categories": "Pink Wallpaper",
    "premium": false
  },
  {
    "name": "Pink Wallpaper",
    "url": "https://raw.githubusercontent.com/Fullcoordinateprojects/fullcoordinateprojects/refs/heads/main/16/images/Pink Wallpaper 1.JPG",
    "previewUrl": "https://raw.githubusercontent.com/Fullcoordinateprojects/fullcoordinateprojects/refs/heads/main/16/images/Pink Wallpaper 1.JPG",
    "categories": "Pink Wallpaper",
    "premium": false
  },
  {
    "name": "Pink Wallpaper",
    "url": "https://raw.githubusercontent.com/Fullcoordinateprojects/fullcoordinateprojects/refs/heads/main/16/images/Pink Wallpaper 2.JPG",
    "previewUrl": "https://raw.githubusercontent.com/Fullcoordinateprojects/fullcoordinateprojects/refs/heads/main/16/images/Pink Wallpaper 2.JPG",
    "categories": "Pink Wallpaper",
    "premium": false
  },
  {
    "name": "Pink Wallpaper",
    "url": "https://raw.githubusercontent.com/Fullcoordinateprojects/fullcoordinateprojects/refs/heads/main/16/images/Pink Wallpaper 4.JPG",
    "previewUrl": "https://raw.githubusercontent.com/Fullcoordinateprojects/fullcoordinateprojects/refs/heads/main/16/images/Pink Wallpaper 4.JPG",
    "categories": "Pink Wallpaper",
    "premium": false
  },
  {
    "name": "Pink Wallpaper",
    "url": "https://raw.githubusercontent.com/Fullcoordinateprojects/fullcoordinateprojects/refs/heads/main/16/images/Pink Wallpaper 5.JPG",
    "previewUrl": "https://raw.githubusercontent.com/Fullcoordinateprojects/fullcoordinateprojects/refs/heads/main/16/images/Pink Wallpaper 5.JPG",
    "categories": "Pink Wallpaper",
    "premium": false
  },
  {
    "name": "Pink Wallpaper",
    "url": "https://raw.githubusercontent.com/Fullcoordinateprojects/fullcoordinateprojects/refs/heads/main/16/images/Pink Wallpaper 6.JPG",
    "previewUrl": "https://raw.githubusercontent.com/Fullcoordinateprojects/fullcoordinateprojects/refs/heads/main/16/images/Pink Wallpaper 6.JPG",
    "categories": "Pink Wallpaper",
    "premium": false
  },
  {
    "name": "Pink Wallpaper",
    "url": "https://raw.githubusercontent.com/Fullcoordinateprojects/fullcoordinateprojects/refs/heads/main/16/images/Pink Wallpaper 22.JPG",
    "previewUrl": "https://raw.githubusercontent.com/Fullcoordinateprojects/fullcoordinateprojects/refs/heads/main/16/images/Pink Wallpaper 22.JPG",
    "categories": "Pink Wallpaper",
    "premium": false
  },
  {
    "name": "Pink Wallpaper",
    "url": "https://raw.githubusercontent.com/Fullcoordinateprojects/fullcoordinateprojects/refs/heads/main/16/images/Pink Wallpaper 23.JPG",
    "previewUrl": "https://raw.githubusercontent.com/Fullcoordinateprojects/fullcoordinateprojects/refs/heads/main/16/images/Pink Wallpaper 23.JPG",
    "categories": "Pink Wallpaper",
    "premium": false
  },
  {
    "name": "Pink Wallpaper",
    "url": "https://raw.githubusercontent.com/Fullcoordinateprojects/fullcoordinateprojects/refs/heads/main/16/images/Pink Wallpaper 24.JPG",
    "previewUrl": "https://raw.githubusercontent.com/Fullcoordinateprojects/fullcoordinateprojects/refs/heads/main/16/images/Pink Wallpaper 24.JPG",
    "categories": "Pink Wallpaper",
    "premium": false
  },
  {
    "name": "Pink Wallpaper",
    "url": "https://raw.githubusercontent.com/Fullcoordinateprojects/fullcoordinateprojects/refs/heads/main/16/images/Pink Wallpaper 25.JPG",
    "previewUrl": "https://raw.githubusercontent.com/Fullcoordinateprojects/fullcoordinateprojects/refs/heads/main/16/images/Pink Wallpaper 25.JPG",
    "categories": "Pink Wallpaper",
    "premium": false
  },
  {
    "name": "Pink Wallpaper",
    "url": "https://raw.githubusercontent.com/Fullcoordinateprojects/fullcoordinateprojects/refs/heads/main/16/images/Pink Wallpaper 26.JPG",
    "previewUrl": "https://raw.githubusercontent.com/Fullcoordinateprojects/fullcoordinateprojects/refs/heads/main/16/images/Pink Wallpaper 26.JPG",
    "categories": "Pink Wallpaper",
    "premium": false
  },
  {
    "name": "Pink Wallpaper",
    "url": "https://raw.githubusercontent.com/Fullcoordinateprojects/fullcoordinateprojects/refs/heads/main/16/images/Pink Wallpaper 27.JPG",
    "previewUrl": "https://raw.githubusercontent.com/Fullcoordinateprojects/fullcoordinateprojects/refs/heads/main/16/images/Pink Wallpaper 27.JPG",
    "categories": "Pink Wallpaper",
    "premium": false
  },
  {
    "name": "Pink Wallpaper",
    "url": "https://raw.githubusercontent.com/Fullcoordinateprojects/fullcoordinateprojects/refs/heads/main/16/images/Pink Wallpaper 28.JPG",
    "previewUrl": "https://raw.githubusercontent.com/Fullcoordinateprojects/fullcoordinateprojects/refs/heads/main/16/images/Pink Wallpaper 28.JPG",
    "categories": "Pink Wallpaper",
    "premium": false
  },
  {
    "name": "Pink Wallpaper",
    "url": "https://raw.githubusercontent.com/Fullcoordinateprojects/fullcoordinateprojects/refs/heads/main/16/images/Pink Wallpaper 29.JPG",
    "previewUrl": "https://raw.githubusercontent.com/Fullcoordinateprojects/fullcoordinateprojects/refs/heads/main/16/images/Pink Wallpaper 29.JPG",
    "categories": "Pink Wallpaper",
    "premium": false
  },
  {
    "name": "Pink Wallpaper",
    "url": "https://raw.githubusercontent.com/Fullcoordinateprojects/fullcoordinateprojects/refs/heads/main/16/images/Pink Wallpaper 30.jpg",
    "previewUrl": "https://raw.githubusercontent.com/Fullcoordinateprojects/fullcoordinateprojects/refs/heads/main/16/images/Pink Wallpaper 30.jpg",
    "categories": "Pink Wallpaper",
    "premium": false
  },
  {
    "name": "Pink Wallpaper",
    "url": "https://raw.githubusercontent.com/Fullcoordinateprojects/fullcoordinateprojects/refs/heads/main/16/images/Pink Wallpaper 31.JPG",
    "previewUrl": "https://raw.githubusercontent.com/Fullcoordinateprojects/fullcoordinateprojects/refs/heads/main/16/images/Pink Wallpaper 31.JPG",
    "categories": "Pink Wallpaper",
    "premium": false
  },
  {
    "name": "Pink Wallpaper",
    "url": "https://raw.githubusercontent.com/Fullcoordinateprojects/fullcoordinateprojects/refs/heads/main/16/images/Pink Wallpaper 32.JPG",
    "previewUrl": "https://raw.githubusercontent.com/Fullcoordinateprojects/fullcoordinateprojects/refs/heads/main/16/images/Pink Wallpaper 32.JPG",
    "categories": "Pink Wallpaper",
    "premium": false
  },
  {
    "name": "Pink Wallpaper",
    "url": "https://raw.githubusercontent.com/Fullcoordinateprojects/fullcoordinateprojects/refs/heads/main/16/images/Pink Wallpaper 33.JPG",
    "previewUrl": "https://raw.githubusercontent.com/Fullcoordinateprojects/fullcoordinateprojects/refs/heads/main/16/images/Pink Wallpaper 33.JPG",
    "categories": "Pink Wallpaper",
    "premium": false
  },
  {
    "name": "Pink Wallpaper",
    "url": "https://raw.githubusercontent.com/Fullcoordinateprojects/fullcoordinateprojects/refs/heads/main/16/images/Pink Wallpaper 34.JPG",
    "previewUrl": "https://raw.githubusercontent.com/Fullcoordinateprojects/fullcoordinateprojects/refs/heads/main/16/images/Pink Wallpaper 34.JPG",
    "categories": "Pink Wallpaper",
    "premium": false
  },
  {
    "name": "Pink Wallpaper",
    "url": "https://raw.githubusercontent.com/Fullcoordinateprojects/fullcoordinateprojects/refs/heads/main/16/images/Pink Wallpaper 35.JPG",
    "previewUrl": "https://raw.githubusercontent.com/Fullcoordinateprojects/fullcoordinateprojects/refs/heads/main/16/images/Pink Wallpaper 35.JPG",
    "categories": "Pink Wallpaper",
    "premium": false
  },
  {
    "name": "Pink Wallpaper",
    "url": "https://raw.githubusercontent.com/Fullcoordinateprojects/fullcoordinateprojects/refs/heads/main/16/images/Pink Wallpaper 36.JPG",
    "previewUrl": "https://raw.githubusercontent.com/Fullcoordinateprojects/fullcoordinateprojects/refs/heads/main/16/images/Pink Wallpaper 36.JPG",
    "categories": "Pink Wallpaper",
    "premium": false
  },
  {
    "name": "Pink Wallpaper",
    "url": "https://raw.githubusercontent.com/Fullcoordinateprojects/fullcoordinateprojects/refs/heads/main/16/images/Pink Wallpaper 37.JPG",
    "previewUrl": "https://raw.githubusercontent.com/Fullcoordinateprojects/fullcoordinateprojects/refs/heads/main/16/images/Pink Wallpaper 37.JPG",
    "categories": "Pink Wallpaper",
    "premium": false
  },
  {
    "name": "Pink Wallpaper",
    "url": "https://raw.githubusercontent.com/Fullcoordinateprojects/fullcoordinateprojects/refs/heads/main/16/images/Pink Wallpaper 38.JPG",
    "previewUrl": "https://raw.githubusercontent.com/Fullcoordinateprojects/fullcoordinateprojects/refs/heads/main/16/images/Pink Wallpaper 38.JPG",
    "categories": "Pink Wallpaper",
    "premium": false
  },
  {
    "name": "Pink Wallpaper",
    "url": "https://raw.githubusercontent.com/Fullcoordinateprojects/fullcoordinateprojects/refs/heads/main/16/images/Pink Wallpaper 39.JPG",
    "previewUrl": "https://raw.githubusercontent.com/Fullcoordinateprojects/fullcoordinateprojects/refs/heads/main/16/images/Pink Wallpaper 39.JPG",
    "categories": "Pink Wallpaper",
    "premium": false
  },
  {
    "name": "Pink Wallpaper",
    "url": "https://raw.githubusercontent.com/Fullcoordinateprojects/fullcoordinateprojects/refs/heads/main/16/images/Pink Wallpaper 40.jpg",
    "previewUrl": "https://raw.githubusercontent.com/Fullcoordinateprojects/fullcoordinateprojects/refs/heads/main/16/images/Pink Wallpaper 40.jpg",
    "categories": "Pink Wallpaper",
    "premium": false
  },
  {
    "name": "Pink Wallpaper",
    "url": "https://raw.githubusercontent.com/Fullcoordinateprojects/fullcoordinateprojects/refs/heads/main/16/images/Pink Wallpaper 41.JPG",
    "previewUrl": "https://raw.githubusercontent.com/Fullcoordinateprojects/fullcoordinateprojects/refs/heads/main/16/images/Pink Wallpaper 41.JPG",
    "categories": "Pink Wallpaper",
    "premium": false
  },
  {
    "name": "Pink Wallpaper",
    "url": "https://raw.githubusercontent.com/Fullcoordinateprojects/fullcoordinateprojects/refs/heads/main/16/images/Pink Wallpaper 42.JPG",
    "previewUrl": "https://raw.githubusercontent.com/Fullcoordinateprojects/fullcoordinateprojects/refs/heads/main/16/images/Pink Wallpaper 42.JPG",
    "categories": "Pink Wallpaper",
    "premium": false
  },
  {
    "name": "Pink Wallpaper",
    "url": "https://raw.githubusercontent.com/Fullcoordinateprojects/fullcoordinateprojects/refs/heads/main/16/images/Pink Wallpaper 43.JPG",
    "previewUrl": "https://raw.githubusercontent.com/Fullcoordinateprojects/fullcoordinateprojects/refs/heads/main/16/images/Pink Wallpaper 43.JPG",
    "categories": "Pink Wallpaper",
    "premium": false
  },
  {
    "name": "Pink Wallpaper",
    "url": "https://raw.githubusercontent.com/Fullcoordinateprojects/fullcoordinateprojects/refs/heads/main/16/images/Pink Wallpaper 44.JPG",
    "previewUrl": "https://raw.githubusercontent.com/Fullcoordinateprojects/fullcoordinateprojects/refs/heads/main/16/images/Pink Wallpaper 44.JPG",
    "categories": "Pink Wallpaper",
    "premium": false
  },
  {
    "name": "Pink Wallpaper",
    "url": "https://raw.githubusercontent.com/Fullcoordinateprojects/fullcoordinateprojects/refs/heads/main/16/images/Pink Wallpaper 45.JPG",
    "previewUrl": "https://raw.githubusercontent.com/Fullcoordinateprojects/fullcoordinateprojects/refs/heads/main/16/images/Pink Wallpaper 45.JPG",
    "categories": "Pink Wallpaper",
    "premium": false
  },
  {
    "name": "Pink Wallpaper",
    "url": "https://raw.githubusercontent.com/Fullcoordinateprojects/fullcoordinateprojects/refs/heads/main/16/images/Pink Wallpaper 46.JPG",
    "previewUrl": "https://raw.githubusercontent.com/Fullcoordinateprojects/fullcoordinateprojects/refs/heads/main/16/images/Pink Wallpaper 46.JPG",
    "categories": "Pink Wallpaper",
    "premium": false
  },
  {
    "name": "Pink Wallpaper",
    "url": "https://raw.githubusercontent.com/Fullcoordinateprojects/fullcoordinateprojects/refs/heads/main/16/images/Pink Wallpaper 47.jpg",
    "previewUrl": "https://raw.githubusercontent.com/Fullcoordinateprojects/fullcoordinateprojects/refs/heads/main/16/images/Pink Wallpaper 47.jpg",
    "categories": "Pink Wallpaper",
    "premium": false
  },
  {
    "name": "Pink Wallpaper",
    "url": "https://raw.githubusercontent.com/Fullcoordinateprojects/fullcoordinateprojects/refs/heads/main/16/images/Pink Wallpaper 48.jpg",
    "previewUrl": "https://raw.githubusercontent.com/Fullcoordinateprojects/fullcoordinateprojects/refs/heads/main/16/images/Pink Wallpaper 48.jpg",
    "categories": "Pink Wallpaper",
    "premium": false
  },
  {
    "name": "Pink Wallpaper",
    "url": "https://raw.githubusercontent.com/Fullcoordinateprojects/fullcoordinateprojects/refs/heads/main/16/images/Pink Wallpaper 49.JPG",
    "previewUrl": "https://raw.githubusercontent.com/Fullcoordinateprojects/fullcoordinateprojects/refs/heads/main/16/images/Pink Wallpaper 49.JPG",
    "categories": "Pink Wallpaper",
    "premium": false
  },
  {
    "name": "Pink Wallpaper",
    "url": "https://raw.githubusercontent.com/Fullcoordinateprojects/fullcoordinateprojects/refs/heads/main/16/images/Pink Wallpaper 50.jpg",
    "previewUrl": "https://raw.githubusercontent.com/Fullcoordinateprojects/fullcoordinateprojects/refs/heads/main/16/images/Pink Wallpaper 50.jpg",
    "categories": "Pink Wallpaper",
    "premium": false
  }
]