[
  {
    "name": "Pink Wallpaper",
    "url": "https://raw.githubusercontent.com/Fullcoordinateprojects/fullcoordinateprojects/refs/heads/main/16/images/Pink Wallpaper 7.jpg",
    "previewUrl": "https://raw.githubusercontent.com/Fullcoordinateprojects/fullcoordinateprojects/refs/heads/main/16/images/Pink Wallpaper 7.jpg",
    "categories": "Pink Wallpaper",
    "premium": false
  },
  {
    "name": "Pink Wallpaper",
    "url": "https://raw.githubusercontent.com/Fullcoordinateprojects/fullcoordinateprojects/refs/heads/main/16/images/Pink Wallpaper 8.jpg",
    "previewUrl": "https://raw.githubusercontent.com/Fullcoordinateprojects/fullcoordinateprojects/refs/heads/main/16/images/Pink Wallpaper 8.jpg",
    "categories": "Pink Wallpaper",
    "premium": false
  },
  {
    "name": "Pink Wallpaper",
    "url": "https://raw.githubusercontent.com/Fullcoordinateprojects/fullcoordinateprojects/refs/heads/main/16/images/Pink Wallpaper 9.jpg",
    "previewUrl": "https://raw.githubusercontent.com/Fullcoordinateprojects/fullcoordinateprojects/refs/heads/main/16/images/Pink Wallpaper 9.jpg",
    "categories": "Pink Wallpaper",
    "premium": false
  },
  {
    "name": "Pink Wallpaper",
    "url": "https://raw.githubusercontent.com/Fullcoordinateprojects/fullcoordinateprojects/refs/heads/main/16/images/Pink Wallpaper 10.jpg",
    "previewUrl": "https://raw.githubusercontent.com/Fullcoordinateprojects/fullcoordinateprojects/refs/heads/main/16/images/Pink Wallpaper 10.jpg",
    "categories": "Pink Wallpaper",
    "premium": false
  },
  {
    "name": "Pink Wallpaper",
    "url": "https://raw.githubusercontent.com/Fullcoordinateprojects/fullcoordinateprojects/refs/heads/main/16/images/Pink Wallpaper 11.jpg",
    "previewUrl": "https://raw.githubusercontent.com/Fullcoordinateprojects/fullcoordinateprojects/refs/heads/main/16/images/Pink Wallpaper 11.jpg",
    "categories": "Pink Wallpaper",
    "premium": false
  },
  {
    "name": "Pink Wallpaper",
    "url": "https://raw.githubusercontent.com/Fullcoordinateprojects/fullcoordinateprojects/refs/heads/main/16/images/Pink Wallpaper 12.jpg",
    "previewUrl": "https://raw.githubusercontent.com/Fullcoordinateprojects/fullcoordinateprojects/refs/heads/main/16/images/Pink Wallpaper 12.jpg",
    "categories": "Pink Wallpaper",
    "premium": false
  },
  {
    "name": "Pink Wallpaper",
    "url": "https://raw.githubusercontent.com/Fullcoordinateprojects/fullcoordinateprojects/refs/heads/main/16/images/Pink Wallpaper 13.jpg",
    "previewUrl": "https://raw.githubusercontent.com/Fullcoordinateprojects/fullcoordinateprojects/refs/heads/main/16/images/Pink Wallpaper 13.jpg",
    "categories": "Pink Wallpaper",
    "premium": false
  },
  {
    "name": "Pink Wallpaper",
    "url": "https://raw.githubusercontent.com/Fullcoordinateprojects/fullcoordinateprojects/refs/heads/main/16/images/Pink Wallpaper 14.jpg",
    "previewUrl": "https://raw.githubusercontent.com/Fullcoordinateprojects/fullcoordinateprojects/refs/heads/main/16/images/Pink Wallpaper 14.jpg",
    "categories": "Pink Wallpaper",
    "premium": false
  },
  {
    "name": "Pink Wallpaper",
    "url": "https://raw.githubusercontent.com/Fullcoordinateprojects/fullcoordinateprojects/refs/heads/main/16/images/Pink Wallpaper 15.jpg",
    "previewUrl": "https://raw.githubusercontent.com/Fullcoordinateprojects/fullcoordinateprojects/refs/heads/main/16/images/Pink Wallpaper 15.jpg",
    "categories": "Pink Wallpaper",
    "premium": false
  },
  {
    "name": "Pink Wallpaper",
    "url": "https://raw.githubusercontent.com/Fullcoordinateprojects/fullcoordinateprojects/refs/heads/main/16/images/Pink Wallpaper 16.jpg",
    "previewUrl": "https://raw.githubusercontent.com/Fullcoordinateprojects/fullcoordinateprojects/refs/heads/main/16/images/Pink Wallpaper 16.jpg",
    "categories": "Pink Wallpaper",
    "premium": false
  },
  {
    "name": "Pink Wallpaper",
    "url": "https://raw.githubusercontent.com/Fullcoordinateprojects/fullcoordinateprojects/refs/heads/main/16/images/Pink Wallpaper 3.jpg",
    "previewUrl": "https://raw.githubusercontent.com/Fullcoordinateprojects/fullcoordinateprojects/refs/heads/main/16/images/Pink Wallpaper 3.jpg",
    "categories": "Pink Wallpaper",
    "premium": false
  },
  {
    "name": "Pink Wallpaper",
    "url": "https://raw.githubusercontent.com/Fullcoordinateprojects/fullcoordinateprojects/refs/heads/main/16/images/Pink Wallpaper 17.jpg",
    "previewUrl": "https://raw.githubusercontent.com/Fullcoordinateprojects/fullcoordinateprojects/refs/heads/main/16/images/Pink Wallpaper 17.jpg",
    "categories": "Pink Wallpaper",
    "premium": false
  },
  {
    "name": "Pink Wallpaper",
    "url": "https://raw.githubusercontent.com/Fullcoordinateprojects/fullcoordinateprojects/refs/heads/main/16/images/Pink Wallpaper 18.jpg",
    "previewUrl": "https://raw.githubusercontent.com/Fullcoordinateprojects/fullcoordinateprojects/refs/heads/main/16/images/Pink Wallpaper 18.jpg",
    "categories": "Pink Wallpaper",
    "premium": false
  },
  {
    "name": "Pink Wallpaper",
    "url": "https://raw.githubusercontent.com/Fullcoordinateprojects/fullcoordinateprojects/refs/heads/main/16/images/Pink Wallpaper 19.jpg",
    "previewUrl": "https://raw.githubusercontent.com/Fullcoordinateprojects/fullcoordinateprojects/refs/heads/main/16/images/Pink Wallpaper 19.jpg",
    "categories": "Pink Wallpaper",
    "premium": false
  },
  {
    "name": "Pink Wallpaper",
    "url": "https://raw.githubusercontent.com/Fullcoordinateprojects/fullcoordinateprojects/refs/heads/main/16/images/Pink Wallpaper 20.jpg",
    "previewUrl": "https://raw.githubusercontent.com/Fullcoordinateprojects/fullcoordinateprojects/refs/heads/main/16/images/Pink Wallpaper 20.jpg",
    "categories": "Pink Wallpaper",
    "premium": false
  },
    {
    "name": "Pink Wallpaper",
    "url": "https://raw.githubusercontent.com/Fullcoordinateprojects/fullcoordinateprojects/refs/heads/main/16/images/Pink Wallpaper 21.jpg",
    "previewUrl": "https://raw.githubusercontent.com/Fullcoordinateprojects/fullcoordinateprojects/refs/heads/main/16/images/Pink Wallpaper 21.jpg",
    "categories": "Pink Wallpaper",
    "premium": false
  },
  {
    "name": "Pink Wallpaper",
    "url": "https://raw.githubusercontent.com/Fullcoordinateprojects/fullcoordinateprojects/refs/heads/main/16/images/Pink Wallpaper 1.jpg",
    "previewUrl": "https://raw.githubusercontent.com/Fullcoordinateprojects/fullcoordinateprojects/refs/heads/main/16/images/Pink Wallpaper 1.jpg",
    "categories": "Pink Wallpaper",
    "premium": false
  },
  {
    "name": "Pink Wallpaper",
    "url": "https://raw.githubusercontent.com/Fullcoordinateprojects/fullcoordinateprojects/refs/heads/main/16/images/Pink Wallpaper 2.jpg",
    "previewUrl": "https://raw.githubusercontent.com/Fullcoordinateprojects/fullcoordinateprojects/refs/heads/main/16/images/Pink Wallpaper 2.jpg",
    "categories": "Pink Wallpaper",
    "premium": false
  },
  {
    "name": "Pink Wallpaper",
    "url": "https://raw.githubusercontent.com/Fullcoordinateprojects/fullcoordinateprojects/refs/heads/main/16/images/Pink Wallpaper 4.jpg",
    "previewUrl": "https://raw.githubusercontent.com/Fullcoordinateprojects/fullcoordinateprojects/refs/heads/main/16/images/Pink Wallpaper 4.jpg",
    "categories": "Pink Wallpaper",
    "premium": false
  },
  {
    "name": "Pink Wallpaper",
    "url": "https://raw.githubusercontent.com/Fullcoordinateprojects/fullcoordinateprojects/refs/heads/main/16/images/Pink Wallpaper 5.jpg",
    "previewUrl": "https://raw.githubusercontent.com/Fullcoordinateprojects/fullcoordinateprojects/refs/heads/main/16/images/Pink Wallpaper 5.jpg",
    "categories": "Pink Wallpaper",
    "premium": false
  },
  {
    "name": "Pink Wallpaper",
    "url": "https://raw.githubusercontent.com/Fullcoordinateprojects/fullcoordinateprojects/refs/heads/main/16/images/Pink Wallpaper 6.jpg",
    "previewUrl": "https://raw.githubusercontent.com/Fullcoordinateprojects/fullcoordinateprojects/refs/heads/main/16/images/Pink Wallpaper 6.jpg",
    "categories": "Pink Wallpaper",
    "premium": false
  },
  {
    "name": "Pink Wallpaper",
    "url": "https://raw.githubusercontent.com/Fullcoordinateprojects/fullcoordinateprojects/refs/heads/main/16/images/Pink Wallpaper 22.jpg",
    "previewUrl": "https://raw.githubusercontent.com/Fullcoordinateprojects/fullcoordinateprojects/refs/heads/main/16/images/Pink Wallpaper 22.jpg",
    "categories": "Pink Wallpaper",
    "premium": false
  },
  {
    "name": "Pink Wallpaper",
    "url": "https://raw.githubusercontent.com/Fullcoordinateprojects/fullcoordinateprojects/refs/heads/main/16/images/Pink Wallpaper 23.jpg",
    "previewUrl": "https://raw.githubusercontent.com/Fullcoordinateprojects/fullcoordinateprojects/refs/heads/main/16/images/Pink Wallpaper 23.jpg",
    "categories": "Pink Wallpaper",
    "premium": false
  },
  {
    "name": "Pink Wallpaper",
    "url": "https://raw.githubusercontent.com/Fullcoordinateprojects/fullcoordinateprojects/refs/heads/main/16/images/Pink Wallpaper 24.jpg",
    "previewUrl": "https://raw.githubusercontent.com/Fullcoordinateprojects/fullcoordinateprojects/refs/heads/main/16/images/Pink Wallpaper 24.jpg",
    "categories": "Pink Wallpaper",
    "premium": false
  },
  {
    "name": "Pink Wallpaper",
    "url": "https://raw.githubusercontent.com/Fullcoordinateprojects/fullcoordinateprojects/refs/heads/main/16/images/Pink Wallpaper 25.jpg",
    "previewUrl": "https://raw.githubusercontent.com/Fullcoordinateprojects/fullcoordinateprojects/refs/heads/main/16/images/Pink Wallpaper 25.jpg",
    "categories": "Pink Wallpaper",
    "premium": false
  },
  {
    "name": "Pink Wallpaper",
    "url": "https://raw.githubusercontent.com/Fullcoordinateprojects/fullcoordinateprojects/refs/heads/main/16/images/Pink Wallpaper 26.jpg",
    "previewUrl": "https://raw.githubusercontent.com/Fullcoordinateprojects/fullcoordinateprojects/refs/heads/main/16/images/Pink Wallpaper 26.jpg",
    "categories": "Pink Wallpaper",
    "premium": false
  },
  {
    "name": "Pink Wallpaper",
    "url": "https://raw.githubusercontent.com/Fullcoordinateprojects/fullcoordinateprojects/refs/heads/main/16/images/Pink Wallpaper 27.jpg",
    "previewUrl": "https://raw.githubusercontent.com/Fullcoordinateprojects/fullcoordinateprojects/refs/heads/main/16/images/Pink Wallpaper 27.jpg",
    "categories": "Pink Wallpaper",
    "premium": false
  },
  {
    "name": "Pink Wallpaper",
    "url": "https://raw.githubusercontent.com/Fullcoordinateprojects/fullcoordinateprojects/refs/heads/main/16/images/Pink Wallpaper 28.jpg",
    "previewUrl": "https://raw.githubusercontent.com/Fullcoordinateprojects/fullcoordinateprojects/refs/heads/main/16/images/Pink Wallpaper 28.jpg",
    "categories": "Pink Wallpaper",
    "premium": false
  },
  {
    "name": "Pink Wallpaper",
    "url": "https://raw.githubusercontent.com/Fullcoordinateprojects/fullcoordinateprojects/refs/heads/main/16/images/Pink Wallpaper 29.jpg",
    "previewUrl": "https://raw.githubusercontent.com/Fullcoordinateprojects/fullcoordinateprojects/refs/heads/main/16/images/Pink Wallpaper 29.jpg",
    "categories": "Pink Wallpaper",
    "premium": false
  },
  {
    "name": "Pink Wallpaper",
    "url": "https://raw.githubusercontent.com/Fullcoordinateprojects/fullcoordinateprojects/refs/heads/main/16/images/Pink Wallpaper 30.jpg",
    "previewUrl": "https://raw.githubusercontent.com/Fullcoordinateprojects/fullcoordinateprojects/refs/heads/main/16/images/Pink Wallpaper 30.jpg",
    "categories": "Pink Wallpaper",
    "premium": false
  },
  {
    "name": "Pink Wallpaper",
    "url": "https://raw.githubusercontent.com/Fullcoordinateprojects/fullcoordinateprojects/refs/heads/main/16/images/Pink Wallpaper 31.jpg",
    "previewUrl": "https://raw.githubusercontent.com/Fullcoordinateprojects/fullcoordinateprojects/refs/heads/main/16/images/Pink Wallpaper 31.jpg",
    "categories": "Pink Wallpaper",
    "premium": false
  },
  {
    "name": "Pink Wallpaper",
    "url": "https://raw.githubusercontent.com/Fullcoordinateprojects/fullcoordinateprojects/refs/heads/main/16/images/Pink Wallpaper 32.jpg",
    "previewUrl": "https://raw.githubusercontent.com/Fullcoordinateprojects/fullcoordinateprojects/refs/heads/main/16/images/Pink Wallpaper 32.jpg",
    "categories": "Pink Wallpaper",
    "premium": false
  },
  {
    "name": "Pink Wallpaper",
    "url": "https://raw.githubusercontent.com/Fullcoordinateprojects/fullcoordinateprojects/refs/heads/main/16/images/Pink Wallpaper 33.jpg",
    "previewUrl": "https://raw.githubusercontent.com/Fullcoordinateprojects/fullcoordinateprojects/refs/heads/main/16/images/Pink Wallpaper 33.jpg",
    "categories": "Pink Wallpaper",
    "premium": false
  },
  {
    "name": "Pink Wallpaper",
    "url": "https://raw.githubusercontent.com/Fullcoordinateprojects/fullcoordinateprojects/refs/heads/main/16/images/Pink Wallpaper 34.jpg",
    "previewUrl": "https://raw.githubusercontent.com/Fullcoordinateprojects/fullcoordinateprojects/refs/heads/main/16/images/Pink Wallpaper 34.jpg",
    "categories": "Pink Wallpaper",
    "premium": false
  },
  {
    "name": "Pink Wallpaper",
    "url": "https://raw.githubusercontent.com/Fullcoordinateprojects/fullcoordinateprojects/refs/heads/main/16/images/Pink Wallpaper 35.jpg",
    "previewUrl": "https://raw.githubusercontent.com/Fullcoordinateprojects/fullcoordinateprojects/refs/heads/main/16/images/Pink Wallpaper 35.jpg",
    "categories": "Pink Wallpaper",
    "premium": false
  },
  {
    "name": "Pink Wallpaper",
    "url": "https://raw.githubusercontent.com/Fullcoordinateprojects/fullcoordinateprojects/refs/heads/main/16/images/Pink Wallpaper 36.jpg",
    "previewUrl": "https://raw.githubusercontent.com/Fullcoordinateprojects/fullcoordinateprojects/refs/heads/main/16/images/Pink Wallpaper 36.jpg",
    "categories": "Pink Wallpaper",
    "premium": false
  },
  {
    "name": "Pink Wallpaper",
    "url": "https://raw.githubusercontent.com/Fullcoordinateprojects/fullcoordinateprojects/refs/heads/main/16/images/Pink Wallpaper 37.jpg",
    "previewUrl": "https://raw.githubusercontent.com/Fullcoordinateprojects/fullcoordinateprojects/refs/heads/main/16/images/Pink Wallpaper 37.jpg",
    "categories": "Pink Wallpaper",
    "premium": false
  },
  {
    "name": "Pink Wallpaper",
    "url": "https://raw.githubusercontent.com/Fullcoordinateprojects/fullcoordinateprojects/refs/heads/main/16/images/Pink Wallpaper 38.jpg",
    "previewUrl": "https://raw.githubusercontent.com/Fullcoordinateprojects/fullcoordinateprojects/refs/heads/main/16/images/Pink Wallpaper 38.jpg",
    "categories": "Pink Wallpaper",
    "premium": false
  },
  {
    "name": "Pink Wallpaper",
    "url": "https://raw.githubusercontent.com/Fullcoordinateprojects/fullcoordinateprojects/refs/heads/main/16/images/Pink Wallpaper 39.jpg",
    "previewUrl": "https://raw.githubusercontent.com/Fullcoordinateprojects/fullcoordinateprojects/refs/heads/main/16/images/Pink Wallpaper 39.jpg",
    "categories": "Pink Wallpaper",
    "premium": false
  },
  {
    "name": "Pink Wallpaper",
    "url": "https://raw.githubusercontent.com/Fullcoordinateprojects/fullcoordinateprojects/refs/heads/main/16/images/Pink Wallpaper 40.jpg",
    "previewUrl": "https://raw.githubusercontent.com/Fullcoordinateprojects/fullcoordinateprojects/refs/heads/main/16/images/Pink Wallpaper 40.jpg",
    "categories": "Pink Wallpaper",
    "premium": false
  },
  {
    "name": "Pink Wallpaper",
    "url": "https://raw.githubusercontent.com/Fullcoordinateprojects/fullcoordinateprojects/refs/heads/main/16/images/Pink Wallpaper 41.jpg",
    "previewUrl": "https://raw.githubusercontent.com/Fullcoordinateprojects/fullcoordinateprojects/refs/heads/main/16/images/Pink Wallpaper 41.jpg",
    "categories": "Pink Wallpaper",
    "premium": false
  },
  {
    "name": "Pink Wallpaper",
    "url": "https://raw.githubusercontent.com/Fullcoordinateprojects/fullcoordinateprojects/refs/heads/main/16/images/Pink Wallpaper 42.jpg",
    "previewUrl": "https://raw.githubusercontent.com/Fullcoordinateprojects/fullcoordinateprojects/refs/heads/main/16/images/Pink Wallpaper 42.jpg",
    "categories": "Pink Wallpaper",
    "premium": false
  },
  {
    "name": "Pink Wallpaper",
    "url": "https://raw.githubusercontent.com/Fullcoordinateprojects/fullcoordinateprojects/refs/heads/main/16/images/Pink Wallpaper 43.jpg",
    "previewUrl": "https://raw.githubusercontent.com/Fullcoordinateprojects/fullcoordinateprojects/refs/heads/main/16/images/Pink Wallpaper 43.jpg",
    "categories": "Pink Wallpaper",
    "premium": false
  },
  {
    "name": "Pink Wallpaper",
    "url": "https://raw.githubusercontent.com/Fullcoordinateprojects/fullcoordinateprojects/refs/heads/main/16/images/Pink Wallpaper 44.jpg",
    "previewUrl": "https://raw.githubusercontent.com/Fullcoordinateprojects/fullcoordinateprojects/refs/heads/main/16/images/Pink Wallpaper 44.jpg",
    "categories": "Pink Wallpaper",
    "premium": false
  },
  {
    "name": "Pink Wallpaper",
    "url": "https://raw.githubusercontent.com/Fullcoordinateprojects/fullcoordinateprojects/refs/heads/main/16/images/Pink Wallpaper 45.jpg",
    "previewUrl": "https://raw.githubusercontent.com/Fullcoordinateprojects/fullcoordinateprojects/refs/heads/main/16/images/Pink Wallpaper 45.jpg",
    "categories": "Pink Wallpaper",
    "premium": false
  },
  {
    "name": "Pink Wallpaper",
    "url": "https://raw.githubusercontent.com/Fullcoordinateprojects/fullcoordinateprojects/refs/heads/main/16/images/Pink Wallpaper 46.jpg",
    "previewUrl": "https://raw.githubusercontent.com/Fullcoordinateprojects/fullcoordinateprojects/refs/heads/main/16/images/Pink Wallpaper 46.jpg",
    "categories": "Pink Wallpaper",
    "premium": false
  },
  {
    "name": "Pink Wallpaper",
    "url": "https://raw.githubusercontent.com/Fullcoordinateprojects/fullcoordinateprojects/refs/heads/main/16/images/Pink Wallpaper 47.jpg",
    "previewUrl": "https://raw.githubusercontent.com/Fullcoordinateprojects/fullcoordinateprojects/refs/heads/main/16/images/Pink Wallpaper 47.jpg",
    "categories": "Pink Wallpaper",
    "premium": false
  },
  {
    "name": "Pink Wallpaper",
    "url": "https://raw.githubusercontent.com/Fullcoordinateprojects/fullcoordinateprojects/refs/heads/main/16/images/Pink Wallpaper 48.jpg",
    "previewUrl": "https://raw.githubusercontent.com/Fullcoordinateprojects/fullcoordinateprojects/refs/heads/main/16/images/Pink Wallpaper 48.jpg",
    "categories": "Pink Wallpaper",
    "premium": false
  },
  {
    "name": "Pink Wallpaper",
    "url": "https://raw.githubusercontent.com/Fullcoordinateprojects/fullcoordinateprojects/refs/heads/main/16/images/Pink Wallpaper 49.jpg",
    "previewUrl": "https://raw.githubusercontent.com/Fullcoordinateprojects/fullcoordinateprojects/refs/heads/main/16/images/Pink Wallpaper 49.jpg",
    "categories": "Pink Wallpaper",
    "premium": false
  },
  {
    "name": "Pink Wallpaper",
    "url": "https://raw.githubusercontent.com/Fullcoordinateprojects/fullcoordinateprojects/refs/heads/main/16/images/Pink Wallpaper 50.jpg",
    "previewUrl": "https://raw.githubusercontent.com/Fullcoordinateprojects/fullcoordinateprojects/refs/heads/main/16/images/Pink Wallpaper 50.jpg",
    "categories": "Pink Wallpaper",
    "premium": false
  }
]