[
  {
    "name": "Ganesha Wallpaper",
    "url": "https://raw.githubusercontent.com/Fullcoordinateprojects/fullcoordinateprojects/refs/heads/main/20/images/7.jpg",
    "previewUrl": "https://raw.githubusercontent.com/Fullcoordinateprojects/fullcoordinateprojects/refs/heads/main/20/images/7.jpg",
    "categories": "Ganesha Wallpaper",
    "premium": false
  },
  {
    "name": "Ganesha Wallpaper",
    "url": "https://raw.githubusercontent.com/Fullcoordinateprojects/fullcoordinateprojects/refs/heads/main/20/images/8.jpg",
    "previewUrl": "https://raw.githubusercontent.com/Fullcoordinateprojects/fullcoordinateprojects/refs/heads/main/20/images/8.jpg",
    "categories": "Ganesha Wallpaper",
    "premium": false
  },
  {
    "name": "Ganesha Wallpaper",
    "url": "https://raw.githubusercontent.com/Fullcoordinateprojects/fullcoordinateprojects/refs/heads/main/20/images/9.jpg",
    "previewUrl": "https://raw.githubusercontent.com/Fullcoordinateprojects/fullcoordinateprojects/refs/heads/main/20/images/9.jpg",
    "categories": "Ganesha Wallpaper",
    "premium": false
  },
  {
    "name": "Ganesha Wallpaper",
    "url": "https://raw.githubusercontent.com/Fullcoordinateprojects/fullcoordinateprojects/refs/heads/main/20/images/10.jpg",
    "previewUrl": "https://raw.githubusercontent.com/Fullcoordinateprojects/fullcoordinateprojects/refs/heads/main/20/images/10.jpg",
    "categories": "Ganesha Wallpaper",
    "premium": false
  },
  {
    "name": "Ganesha Wallpaper",
    "url": "https://raw.githubusercontent.com/Fullcoordinateprojects/fullcoordinateprojects/refs/heads/main/20/images/11.jpg",
    "previewUrl": "https://raw.githubusercontent.com/Fullcoordinateprojects/fullcoordinateprojects/refs/heads/main/20/images/11.jpg",
    "categories": "Ganesha Wallpaper",
    "premium": false
  },
  {
    "name": "Ganesha Wallpaper",
    "url": "https://raw.githubusercontent.com/Fullcoordinateprojects/fullcoordinateprojects/refs/heads/main/20/images/12.jpg",
    "previewUrl": "https://raw.githubusercontent.com/Fullcoordinateprojects/fullcoordinateprojects/refs/heads/main/20/images/12.jpg",
    "categories": "Ganesha Wallpaper",
    "premium": false
  },
  {
    "name": "Ganesha Wallpaper",
    "url": "https://raw.githubusercontent.com/Fullcoordinateprojects/fullcoordinateprojects/refs/heads/main/20/images/13.jpg",
    "previewUrl": "https://raw.githubusercontent.com/Fullcoordinateprojects/fullcoordinateprojects/refs/heads/main/20/images/13.jpg",
    "categories": "Ganesha Wallpaper",
    "premium": false
  },
  {
    "name": "Ganesha Wallpaper",
    "url": "https://raw.githubusercontent.com/Fullcoordinateprojects/fullcoordinateprojects/refs/heads/main/20/images/14.jpg",
    "previewUrl": "https://raw.githubusercontent.com/Fullcoordinateprojects/fullcoordinateprojects/refs/heads/main/20/images/14.jpg",
    "categories": "Ganesha Wallpaper",
    "premium": false
  },
  {
    "name": "Ganesha Wallpaper",
    "url": "https://raw.githubusercontent.com/Fullcoordinateprojects/fullcoordinateprojects/refs/heads/main/20/images/15.jpg",
    "previewUrl": "https://raw.githubusercontent.com/Fullcoordinateprojects/fullcoordinateprojects/refs/heads/main/20/images/15.jpg",
    "categories": "Ganesha Wallpaper",
    "premium": false
  },
  {
    "name": "Ganesha Wallpaper",
    "url": "https://raw.githubusercontent.com/Fullcoordinateprojects/fullcoordinateprojects/refs/heads/main/20/images/16.jpg",
    "previewUrl": "https://raw.githubusercontent.com/Fullcoordinateprojects/fullcoordinateprojects/refs/heads/main/20/images/16.jpg",
    "categories": "Ganesha Wallpaper",
    "premium": false
  },
  {
    "name": "Ganesha Wallpaper",
    "url": "https://raw.githubusercontent.com/Fullcoordinateprojects/fullcoordinateprojects/refs/heads/main/20/images/3.jpg",
    "previewUrl": "https://raw.githubusercontent.com/Fullcoordinateprojects/fullcoordinateprojects/refs/heads/main/20/images/3.jpg",
    "categories": "Ganesha Wallpaper",
    "premium": false
  },
  {
    "name": "Ganesha Wallpaper",
    "url": "https://raw.githubusercontent.com/Fullcoordinateprojects/fullcoordinateprojects/refs/heads/main/20/images/17.jpg",
    "previewUrl": "https://raw.githubusercontent.com/Fullcoordinateprojects/fullcoordinateprojects/refs/heads/main/20/images/17.jpg",
    "categories": "Ganesha Wallpaper",
    "premium": false
  },
  {
    "name": "Ganesha Wallpaper",
    "url": "https://raw.githubusercontent.com/Fullcoordinateprojects/fullcoordinateprojects/refs/heads/main/20/images/18.jpg",
    "previewUrl": "https://raw.githubusercontent.com/Fullcoordinateprojects/fullcoordinateprojects/refs/heads/main/20/images/18.jpg",
    "categories": "Ganesha Wallpaper",
    "premium": false
  },
  {
    "name": "Ganesha Wallpaper",
    "url": "https://raw.githubusercontent.com/Fullcoordinateprojects/fullcoordinateprojects/refs/heads/main/20/images/19.jpg",
    "previewUrl": "https://raw.githubusercontent.com/Fullcoordinateprojects/fullcoordinateprojects/refs/heads/main/20/images/19.jpg",
    "categories": "Ganesha Wallpaper",
    "premium": false
  },
  {
    "name": "Ganesha Wallpaper",
    "url": "https://raw.githubusercontent.com/Fullcoordinateprojects/fullcoordinateprojects/refs/heads/main/20/images/20.jpg",
    "previewUrl": "https://raw.githubusercontent.com/Fullcoordinateprojects/fullcoordinateprojects/refs/heads/main/20/images/20.jpg",
    "categories": "Ganesha Wallpaper",
    "premium": false
  },
    {
    "name": "Ganesha Wallpaper",
    "url": "https://raw.githubusercontent.com/Fullcoordinateprojects/fullcoordinateprojects/refs/heads/main/20/images/21.jpg",
    "previewUrl": "https://raw.githubusercontent.com/Fullcoordinateprojects/fullcoordinateprojects/refs/heads/main/20/images/21.jpg",
    "categories": "Ganesha Wallpaper",
    "premium": false
  },
  {
    "name": "Ganesha Wallpaper",
    "url": "https://raw.githubusercontent.com/Fullcoordinateprojects/fullcoordinateprojects/refs/heads/main/20/images/1.jpg",
    "previewUrl": "https://raw.githubusercontent.com/Fullcoordinateprojects/fullcoordinateprojects/refs/heads/main/20/images/1.jpg",
    "categories": "Ganesha Wallpaper",
    "premium": false
  },
  {
    "name": "Ganesha Wallpaper",
    "url": "https://raw.githubusercontent.com/Fullcoordinateprojects/fullcoordinateprojects/refs/heads/main/20/images/2.jpg",
    "previewUrl": "https://raw.githubusercontent.com/Fullcoordinateprojects/fullcoordinateprojects/refs/heads/main/20/images/2.jpg",
    "categories": "Ganesha Wallpaper",
    "premium": false
  },
  {
    "name": "Ganesha Wallpaper",
    "url": "https://raw.githubusercontent.com/Fullcoordinateprojects/fullcoordinateprojects/refs/heads/main/20/images/4.jpg",
    "previewUrl": "https://raw.githubusercontent.com/Fullcoordinateprojects/fullcoordinateprojects/refs/heads/main/20/images/4.jpg",
    "categories": "Ganesha Wallpaper",
    "premium": false
  },
  {
    "name": "Ganesha Wallpaper",
    "url": "https://raw.githubusercontent.com/Fullcoordinateprojects/fullcoordinateprojects/refs/heads/main/20/images/5.jpg",
    "previewUrl": "https://raw.githubusercontent.com/Fullcoordinateprojects/fullcoordinateprojects/refs/heads/main/20/images/5.jpg",
    "categories": "Ganesha Wallpaper",
    "premium": false
  },
  {
    "name": "Ganesha Wallpaper",
    "url": "https://raw.githubusercontent.com/Fullcoordinateprojects/fullcoordinateprojects/refs/heads/main/20/images/6.jpg",
    "previewUrl": "https://raw.githubusercontent.com/Fullcoordinateprojects/fullcoordinateprojects/refs/heads/main/20/images/6.jpg",
    "categories": "Ganesha Wallpaper",
    "premium": false
  },
  {
    "name": "Ganesha Wallpaper",
    "url": "https://raw.githubusercontent.com/Fullcoordinateprojects/fullcoordinateprojects/refs/heads/main/20/images/22.jpg",
    "previewUrl": "https://raw.githubusercontent.com/Fullcoordinateprojects/fullcoordinateprojects/refs/heads/main/20/images/22.jpg",
    "categories": "Ganesha Wallpaper",
    "premium": false
  },
  {
    "name": "Ganesha Wallpaper",
    "url": "https://raw.githubusercontent.com/Fullcoordinateprojects/fullcoordinateprojects/refs/heads/main/20/images/23.jpg",
    "previewUrl": "https://raw.githubusercontent.com/Fullcoordinateprojects/fullcoordinateprojects/refs/heads/main/20/images/23.jpg",
    "categories": "Ganesha Wallpaper",
    "premium": false
  },
  {
    "name": "Ganesha Wallpaper",
    "url": "https://raw.githubusercontent.com/Fullcoordinateprojects/fullcoordinateprojects/refs/heads/main/20/images/24.jpg",
    "previewUrl": "https://raw.githubusercontent.com/Fullcoordinateprojects/fullcoordinateprojects/refs/heads/main/20/images/24.jpg",
    "categories": "Ganesha Wallpaper",
    "premium": false
  },
  {
    "name": "Ganesha Wallpaper",
    "url": "https://raw.githubusercontent.com/Fullcoordinateprojects/fullcoordinateprojects/refs/heads/main/20/images/25.jpg",
    "previewUrl": "https://raw.githubusercontent.com/Fullcoordinateprojects/fullcoordinateprojects/refs/heads/main/20/images/25.jpg",
    "categories": "Ganesha Wallpaper",
    "premium": false
  },
  {
    "name": "Ganesha Wallpaper",
    "url": "https://raw.githubusercontent.com/Fullcoordinateprojects/fullcoordinateprojects/refs/heads/main/20/images/26.jpg",
    "previewUrl": "https://raw.githubusercontent.com/Fullcoordinateprojects/fullcoordinateprojects/refs/heads/main/20/images/26.jpg",
    "categories": "Ganesha Wallpaper",
    "premium": false
  },
  {
    "name": "Ganesha Wallpaper",
    "url": "https://raw.githubusercontent.com/Fullcoordinateprojects/fullcoordinateprojects/refs/heads/main/20/images/27.jpg",
    "previewUrl": "https://raw.githubusercontent.com/Fullcoordinateprojects/fullcoordinateprojects/refs/heads/main/20/images/27.jpg",
    "categories": "Ganesha Wallpaper",
    "premium": false
  },
  {
    "name": "Ganesha Wallpaper",
    "url": "https://raw.githubusercontent.com/Fullcoordinateprojects/fullcoordinateprojects/refs/heads/main/20/images/28.jpg",
    "previewUrl": "https://raw.githubusercontent.com/Fullcoordinateprojects/fullcoordinateprojects/refs/heads/main/20/images/28.jpg",
    "categories": "Ganesha Wallpaper",
    "premium": false
  },
  {
    "name": "Ganesha Wallpaper",
    "url": "https://raw.githubusercontent.com/Fullcoordinateprojects/fullcoordinateprojects/refs/heads/main/20/images/29.jpg",
    "previewUrl": "https://raw.githubusercontent.com/Fullcoordinateprojects/fullcoordinateprojects/refs/heads/main/20/images/29.jpg",
    "categories": "Ganesha Wallpaper",
    "premium": false
  },
  {
    "name": "Ganesha Wallpaper",
    "url": "https://raw.githubusercontent.com/Fullcoordinateprojects/fullcoordinateprojects/refs/heads/main/20/images/30.jpg",
    "previewUrl": "https://raw.githubusercontent.com/Fullcoordinateprojects/fullcoordinateprojects/refs/heads/main/20/images/30.jpg",
    "categories": "Ganesha Wallpaper",
    "premium": false
  },
  {
    "name": "Ganesha Wallpaper",
    "url": "https://raw.githubusercontent.com/Fullcoordinateprojects/fullcoordinateprojects/refs/heads/main/20/images/31.jpg",
    "previewUrl": "https://raw.githubusercontent.com/Fullcoordinateprojects/fullcoordinateprojects/refs/heads/main/20/images/31.jpg",
    "categories": "Ganesha Wallpaper",
    "premium": false
  },
  {
    "name": "Ganesha Wallpaper",
    "url": "https://raw.githubusercontent.com/Fullcoordinateprojects/fullcoordinateprojects/refs/heads/main/20/images/32.jpg",
    "previewUrl": "https://raw.githubusercontent.com/Fullcoordinateprojects/fullcoordinateprojects/refs/heads/main/20/images/32.jpg",
    "categories": "Ganesha Wallpaper",
    "premium": false
  },
  {
    "name": "Ganesha Wallpaper",
    "url": "https://raw.githubusercontent.com/Fullcoordinateprojects/fullcoordinateprojects/refs/heads/main/20/images/33.jpg",
    "previewUrl": "https://raw.githubusercontent.com/Fullcoordinateprojects/fullcoordinateprojects/refs/heads/main/20/images/33.jpg",
    "categories": "Ganesha Wallpaper",
    "premium": false
  },
  {
    "name": "Ganesha Wallpaper",
    "url": "https://raw.githubusercontent.com/Fullcoordinateprojects/fullcoordinateprojects/refs/heads/main/20/images/34.jpg",
    "previewUrl": "https://raw.githubusercontent.com/Fullcoordinateprojects/fullcoordinateprojects/refs/heads/main/20/images/34.jpg",
    "categories": "Ganesha Wallpaper",
    "premium": false
  },
  {
    "name": "Ganesha Wallpaper",
    "url": "https://raw.githubusercontent.com/Fullcoordinateprojects/fullcoordinateprojects/refs/heads/main/20/images/35.jpg",
    "previewUrl": "https://raw.githubusercontent.com/Fullcoordinateprojects/fullcoordinateprojects/refs/heads/main/20/images/35.jpg",
    "categories": "Ganesha Wallpaper",
    "premium": false
  },
  {
    "name": "Ganesha Wallpaper",
    "url": "https://raw.githubusercontent.com/Fullcoordinateprojects/fullcoordinateprojects/refs/heads/main/20/images/36.jpg",
    "previewUrl": "https://raw.githubusercontent.com/Fullcoordinateprojects/fullcoordinateprojects/refs/heads/main/20/images/36.jpg",
    "categories": "Ganesha Wallpaper",
    "premium": false
  },
  {
    "name": "Ganesha Wallpaper",
    "url": "https://raw.githubusercontent.com/Fullcoordinateprojects/fullcoordinateprojects/refs/heads/main/20/images/37.jpg",
    "previewUrl": "https://raw.githubusercontent.com/Fullcoordinateprojects/fullcoordinateprojects/refs/heads/main/20/images/37.jpg",
    "categories": "Ganesha Wallpaper",
    "premium": false
  },
  {
    "name": "Ganesha Wallpaper",
    "url": "https://raw.githubusercontent.com/Fullcoordinateprojects/fullcoordinateprojects/refs/heads/main/20/images/38.jpg",
    "previewUrl": "https://raw.githubusercontent.com/Fullcoordinateprojects/fullcoordinateprojects/refs/heads/main/20/images/38.jpg",
    "categories": "Ganesha Wallpaper",
    "premium": false
  },
  {
    "name": "Ganesha Wallpaper",
    "url": "https://raw.githubusercontent.com/Fullcoordinateprojects/fullcoordinateprojects/refs/heads/main/20/images/39.jpg",
    "previewUrl": "https://raw.githubusercontent.com/Fullcoordinateprojects/fullcoordinateprojects/refs/heads/main/20/images/39.jpg",
    "categories": "Ganesha Wallpaper",
    "premium": false
  },
  {
    "name": "Ganesha Wallpaper",
    "url": "https://raw.githubusercontent.com/Fullcoordinateprojects/fullcoordinateprojects/refs/heads/main/20/images/40.jpg",
    "previewUrl": "https://raw.githubusercontent.com/Fullcoordinateprojects/fullcoordinateprojects/refs/heads/main/20/images/40.jpg",
    "categories": "Ganesha Wallpaper",
    "premium": false
  },
  {
    "name": "Ganesha Wallpaper",
    "url": "https://raw.githubusercontent.com/Fullcoordinateprojects/fullcoordinateprojects/refs/heads/main/20/images/41.jpg",
    "previewUrl": "https://raw.githubusercontent.com/Fullcoordinateprojects/fullcoordinateprojects/refs/heads/main/20/images/41.jpg",
    "categories": "Ganesha Wallpaper",
    "premium": false
  },
  {
    "name": "Ganesha Wallpaper",
    "url": "https://raw.githubusercontent.com/Fullcoordinateprojects/fullcoordinateprojects/refs/heads/main/20/images/42.jpg",
    "previewUrl": "https://raw.githubusercontent.com/Fullcoordinateprojects/fullcoordinateprojects/refs/heads/main/20/images/42.jpg",
    "categories": "Ganesha Wallpaper",
    "premium": false
  },
  {
    "name": "Ganesha Wallpaper",
    "url": "https://raw.githubusercontent.com/Fullcoordinateprojects/fullcoordinateprojects/refs/heads/main/20/images/43.jpg",
    "previewUrl": "https://raw.githubusercontent.com/Fullcoordinateprojects/fullcoordinateprojects/refs/heads/main/20/images/43.jpg",
    "categories": "Ganesha Wallpaper",
    "premium": false
  },
  {
    "name": "Ganesha Wallpaper",
    "url": "https://raw.githubusercontent.com/Fullcoordinateprojects/fullcoordinateprojects/refs/heads/main/20/images/44.jpg",
    "previewUrl": "https://raw.githubusercontent.com/Fullcoordinateprojects/fullcoordinateprojects/refs/heads/main/20/images/44.jpg",
    "categories": "Ganesha Wallpaper",
    "premium": false
  },
  {
    "name": "Ganesha Wallpaper",
    "url": "https://raw.githubusercontent.com/Fullcoordinateprojects/fullcoordinateprojects/refs/heads/main/20/images/45.jpg",
    "previewUrl": "https://raw.githubusercontent.com/Fullcoordinateprojects/fullcoordinateprojects/refs/heads/main/20/images/45.jpg",
    "categories": "Ganesha Wallpaper",
    "premium": false
  },
  {
    "name": "Ganesha Wallpaper",
    "url": "https://raw.githubusercontent.com/Fullcoordinateprojects/fullcoordinateprojects/refs/heads/main/20/images/46.jpg",
    "previewUrl": "https://raw.githubusercontent.com/Fullcoordinateprojects/fullcoordinateprojects/refs/heads/main/20/images/46.jpg",
    "categories": "Ganesha Wallpaper",
    "premium": false
  },
  {
    "name": "Ganesha Wallpaper",
    "url": "https://raw.githubusercontent.com/Fullcoordinateprojects/fullcoordinateprojects/refs/heads/main/20/images/47.jpg",
    "previewUrl": "https://raw.githubusercontent.com/Fullcoordinateprojects/fullcoordinateprojects/refs/heads/main/20/images/47.jpg",
    "categories": "Ganesha Wallpaper",
    "premium": false
  },
  {
    "name": "Ganesha Wallpaper",
    "url": "https://raw.githubusercontent.com/Fullcoordinateprojects/fullcoordinateprojects/refs/heads/main/20/images/48.jpg",
    "previewUrl": "https://raw.githubusercontent.com/Fullcoordinateprojects/fullcoordinateprojects/refs/heads/main/20/images/48.jpg",
    "categories": "Ganesha Wallpaper",
    "premium": false
  },
  {
    "name": "Ganesha Wallpaper",
    "url": "https://raw.githubusercontent.com/Fullcoordinateprojects/fullcoordinateprojects/refs/heads/main/20/images/49.jpg",
    "previewUrl": "https://raw.githubusercontent.com/Fullcoordinateprojects/fullcoordinateprojects/refs/heads/main/20/images/49.jpg",
    "categories": "Ganesha Wallpaper",
    "premium": false
  },
  {
    "name": "Ganesha Wallpaper",
    "url": "https://raw.githubusercontent.com/Fullcoordinateprojects/fullcoordinateprojects/refs/heads/main/20/images/50.jpg",
    "previewUrl": "https://raw.githubusercontent.com/Fullcoordinateprojects/fullcoordinateprojects/refs/heads/main/20/images/50.jpg",
    "categories": "Ganesha Wallpaper",
    "premium": false
  }
]