[
  {
    "name": "Rainbow Wallpaper",
    "url": "https://raw.githubusercontent.com/Fullcoordinateprojects/fullcoordinateprojects/refs/heads/main/24/images/Rainbow Wallpaper 1.jpg",
    "previewUrl": "https://raw.githubusercontent.com/Fullcoordinateprojects/fullcoordinateprojects/refs/heads/main/24/images/Rainbow Wallpaper 1.jpg",
    "categories": "Rainbow Wallpaper",
    "premium": false
  },
  {
    "name": "Rainbow Wallpaper",
    "url": "https://raw.githubusercontent.com/Fullcoordinateprojects/fullcoordinateprojects/refs/heads/main/24/images/Rainbow Wallpaper 2.jpg",
    "previewUrl": "https://raw.githubusercontent.com/Fullcoordinateprojects/fullcoordinateprojects/refs/heads/main/24/images/Rainbow Wallpaper 2.jpg",
    "categories": "Rainbow Wallpaper",
    "premium": false
  },
  {
    "name": "Rainbow Wallpaper",
    "url": "https://raw.githubusercontent.com/Fullcoordinateprojects/fullcoordinateprojects/refs/heads/main/24/images/Rainbow Wallpaper 3.jpg",
    "previewUrl": "https://raw.githubusercontent.com/Fullcoordinateprojects/fullcoordinateprojects/refs/heads/main/24/images/Rainbow Wallpaper 3.jpg",
    "categories": "Rainbow Wallpaper",
    "premium": false
  },
  {
    "name": "Rainbow Wallpaper",
    "url": "https://raw.githubusercontent.com/Fullcoordinateprojects/fullcoordinateprojects/refs/heads/main/24/images/Rainbow Wallpaper 4.jpg",
    "previewUrl": "https://raw.githubusercontent.com/Fullcoordinateprojects/fullcoordinateprojects/refs/heads/main/24/images/Rainbow Wallpaper 4.jpg",
    "categories": "Rainbow Wallpaper",
    "premium": false
  },
  {
    "name": "Rainbow Wallpaper",
    "url": "https://raw.githubusercontent.com/Fullcoordinateprojects/fullcoordinateprojects/refs/heads/main/24/images/Rainbow Wallpaper 5.jpg",
    "previewUrl": "https://raw.githubusercontent.com/Fullcoordinateprojects/fullcoordinateprojects/refs/heads/main/24/images/Rainbow Wallpaper 5.jpg",
    "categories": "Rainbow Wallpaper",
    "premium": false
  },
  {
    "name": "Rainbow Wallpaper",
    "url": "https://raw.githubusercontent.com/Fullcoordinateprojects/fullcoordinateprojects/refs/heads/main/24/images/Rainbow Wallpaper 6.jpg",
    "previewUrl": "https://raw.githubusercontent.com/Fullcoordinateprojects/fullcoordinateprojects/refs/heads/main/24/images/Rainbow Wallpaper 6.jpg",
    "categories": "Rainbow Wallpaper",
    "premium": false
  },
  {
    "name": "Rainbow Wallpaper",
    "url": "https://raw.githubusercontent.com/Fullcoordinateprojects/fullcoordinateprojects/refs/heads/main/24/images/Rainbow Wallpaper 7.jpg",
    "previewUrl": "https://raw.githubusercontent.com/Fullcoordinateprojects/fullcoordinateprojects/refs/heads/main/24/images/Rainbow Wallpaper 7.jpg",
    "categories": "Rainbow Wallpaper",
    "premium": false
  },
  {
    "name": "Rainbow Wallpaper",
    "url": "https://raw.githubusercontent.com/Fullcoordinateprojects/fullcoordinateprojects/refs/heads/main/24/images/Rainbow Wallpaper 8.jpg",
    "previewUrl": "https://raw.githubusercontent.com/Fullcoordinateprojects/fullcoordinateprojects/refs/heads/main/24/images/Rainbow Wallpaper 8.jpg",
    "categories": "Rainbow Wallpaper",
    "premium": false
  },
  {
    "name": "Rainbow Wallpaper",
    "url": "https://raw.githubusercontent.com/Fullcoordinateprojects/fullcoordinateprojects/refs/heads/main/24/images/Rainbow Wallpaper 9.jpg",
    "previewUrl": "https://raw.githubusercontent.com/Fullcoordinateprojects/fullcoordinateprojects/refs/heads/main/24/images/Rainbow Wallpaper 9.jpg",
    "categories": "Rainbow Wallpaper",
    "premium": false
  },
  {
    "name": "Rainbow Wallpaper",
    "url": "https://raw.githubusercontent.com/Fullcoordinateprojects/fullcoordinateprojects/refs/heads/main/24/images/Rainbow Wallpaper 10.jpg",
    "previewUrl": "https://raw.githubusercontent.com/Fullcoordinateprojects/fullcoordinateprojects/refs/heads/main/24/images/Rainbow Wallpaper 10.jpg",
    "categories": "Rainbow Wallpaper",
    "premium": false
  },
  {
    "name": "Rainbow Wallpaper",
    "url": "https://raw.githubusercontent.com/Fullcoordinateprojects/fullcoordinateprojects/refs/heads/main/24/images/Rainbow Wallpaper 11.jpg",
    "previewUrl": "https://raw.githubusercontent.com/Fullcoordinateprojects/fullcoordinateprojects/refs/heads/main/24/images/Rainbow Wallpaper 11.jpg",
    "categories": "Rainbow Wallpaper",
    "premium": false
  },
  {
    "name": "Rainbow Wallpaper",
    "url": "https://raw.githubusercontent.com/Fullcoordinateprojects/fullcoordinateprojects/refs/heads/main/24/images/Rainbow Wallpaper 12.jpg",
    "previewUrl": "https://raw.githubusercontent.com/Fullcoordinateprojects/fullcoordinateprojects/refs/heads/main/24/images/Rainbow Wallpaper 12.jpg",
    "categories": "Rainbow Wallpaper",
    "premium": false
  },
  {
    "name": "Rainbow Wallpaper",
    "url": "https://raw.githubusercontent.com/Fullcoordinateprojects/fullcoordinateprojects/refs/heads/main/24/images/Rainbow Wallpaper 13.jpg",
    "previewUrl": "https://raw.githubusercontent.com/Fullcoordinateprojects/fullcoordinateprojects/refs/heads/main/24/images/Rainbow Wallpaper 13.jpg",
    "categories": "Rainbow Wallpaper",
    "premium": false
  },
  {
    "name": "Rainbow Wallpaper",
    "url": "https://raw.githubusercontent.com/Fullcoordinateprojects/fullcoordinateprojects/refs/heads/main/24/images/Rainbow Wallpaper 14.jpg",
    "previewUrl": "https://raw.githubusercontent.com/Fullcoordinateprojects/fullcoordinateprojects/refs/heads/main/24/images/Rainbow Wallpaper 14.jpg",
    "categories": "Rainbow Wallpaper",
    "premium": false
  },
  {
    "name": "Rainbow Wallpaper",
    "url": "https://raw.githubusercontent.com/Fullcoordinateprojects/fullcoordinateprojects/refs/heads/main/24/images/Rainbow Wallpaper 15.jpg",
    "previewUrl": "https://raw.githubusercontent.com/Fullcoordinateprojects/fullcoordinateprojects/refs/heads/main/24/images/Rainbow Wallpaper 15.jpg",
    "categories": "Rainbow Wallpaper",
    "premium": false
  },
  {
    "name": "Rainbow Wallpaper",
    "url": "https://raw.githubusercontent.com/Fullcoordinateprojects/fullcoordinateprojects/refs/heads/main/24/images/Rainbow Wallpaper 16.jpg",
    "previewUrl": "https://raw.githubusercontent.com/Fullcoordinateprojects/fullcoordinateprojects/refs/heads/main/24/images/Rainbow Wallpaper 16.jpg",
    "categories": "Rainbow Wallpaper",
    "premium": false
  },
  {
    "name": "Rainbow Wallpaper",
    "url": "https://raw.githubusercontent.com/Fullcoordinateprojects/fullcoordinateprojects/refs/heads/main/24/images/Rainbow Wallpaper 17.jpg",
    "previewUrl": "https://raw.githubusercontent.com/Fullcoordinateprojects/fullcoordinateprojects/refs/heads/main/24/images/Rainbow Wallpaper 17.jpg",
    "categories": "Rainbow Wallpaper",
    "premium": false
  },
  {
    "name": "Rainbow Wallpaper",
    "url": "https://raw.githubusercontent.com/Fullcoordinateprojects/fullcoordinateprojects/refs/heads/main/24/images/Rainbow Wallpaper 18.jpg",
    "previewUrl": "https://raw.githubusercontent.com/Fullcoordinateprojects/fullcoordinateprojects/refs/heads/main/24/images/Rainbow Wallpaper 18.jpg",
    "categories": "Rainbow Wallpaper",
    "premium": false
  },
  {
    "name": "Rainbow Wallpaper",
    "url": "https://raw.githubusercontent.com/Fullcoordinateprojects/fullcoordinateprojects/refs/heads/main/24/images/Rainbow Wallpaper 19.jpg",
    "previewUrl": "https://raw.githubusercontent.com/Fullcoordinateprojects/fullcoordinateprojects/refs/heads/main/24/images/Rainbow Wallpaper 19.jpg",
    "categories": "Rainbow Wallpaper",
    "premium": false
  },
  {
    "name": "Rainbow Wallpaper",
    "url": "https://raw.githubusercontent.com/Fullcoordinateprojects/fullcoordinateprojects/refs/heads/main/24/images/Rainbow Wallpaper 20.jpg",
    "previewUrl": "https://raw.githubusercontent.com/Fullcoordinateprojects/fullcoordinateprojects/refs/heads/main/24/images/Rainbow Wallpaper 20.jpg",
    "categories": "Rainbow Wallpaper",
    "premium": false
  },
    {
    "name": "Rainbow Wallpaper",
    "url": "https://raw.githubusercontent.com/Fullcoordinateprojects/fullcoordinateprojects/refs/heads/main/24/images/Rainbow Wallpaper 21.jpg",
    "previewUrl": "https://raw.githubusercontent.com/Fullcoordinateprojects/fullcoordinateprojects/refs/heads/main/24/images/Rainbow Wallpaper 21.jpg",
    "categories": "Rainbow Wallpaper",
    "premium": false
  },
  {
    "name": "Rainbow Wallpaper",
    "url": "https://raw.githubusercontent.com/Fullcoordinateprojects/fullcoordinateprojects/refs/heads/main/24/images/Rainbow Wallpaper 22.jpg",
    "previewUrl": "https://raw.githubusercontent.com/Fullcoordinateprojects/fullcoordinateprojects/refs/heads/main/24/images/Rainbow Wallpaper 22.jpg",
    "categories": "Rainbow Wallpaper",
    "premium": false
  },
  {
    "name": "Rainbow Wallpaper",
    "url": "https://raw.githubusercontent.com/Fullcoordinateprojects/fullcoordinateprojects/refs/heads/main/24/images/Rainbow Wallpaper 23.jpg",
    "previewUrl": "https://raw.githubusercontent.com/Fullcoordinateprojects/fullcoordinateprojects/refs/heads/main/24/images/Rainbow Wallpaper 23.jpg",
    "categories": "Rainbow Wallpaper",
    "premium": false
  },
  {
    "name": "Rainbow Wallpaper",
    "url": "https://raw.githubusercontent.com/Fullcoordinateprojects/fullcoordinateprojects/refs/heads/main/24/images/Rainbow Wallpaper 24.jpg",
    "previewUrl": "https://raw.githubusercontent.com/Fullcoordinateprojects/fullcoordinateprojects/refs/heads/main/24/images/Rainbow Wallpaper 24.jpg",
    "categories": "Rainbow Wallpaper",
    "premium": false
  },
  {
    "name": "Rainbow Wallpaper",
    "url": "https://raw.githubusercontent.com/Fullcoordinateprojects/fullcoordinateprojects/refs/heads/main/24/images/Rainbow Wallpaper 25.jpg",
    "previewUrl": "https://raw.githubusercontent.com/Fullcoordinateprojects/fullcoordinateprojects/refs/heads/main/24/images/Rainbow Wallpaper 25.jpg",
    "categories": "Rainbow Wallpaper",
    "premium": false
  },
  {
    "name": "Rainbow Wallpaper",
    "url": "https://raw.githubusercontent.com/Fullcoordinateprojects/fullcoordinateprojects/refs/heads/main/24/images/Rainbow Wallpaper 26.jpg",
    "previewUrl": "https://raw.githubusercontent.com/Fullcoordinateprojects/fullcoordinateprojects/refs/heads/main/24/images/Rainbow Wallpaper 26.jpg",
    "categories": "Rainbow Wallpaper",
    "premium": false
  },
  {
    "name": "Rainbow Wallpaper",
    "url": "https://raw.githubusercontent.com/Fullcoordinateprojects/fullcoordinateprojects/refs/heads/main/24/images/Rainbow Wallpaper 27.jpg",
    "previewUrl": "https://raw.githubusercontent.com/Fullcoordinateprojects/fullcoordinateprojects/refs/heads/main/24/images/Rainbow Wallpaper 27.jpg",
    "categories": "Rainbow Wallpaper",
    "premium": false
  },
  {
    "name": "Rainbow Wallpaper",
    "url": "https://raw.githubusercontent.com/Fullcoordinateprojects/fullcoordinateprojects/refs/heads/main/24/images/Rainbow Wallpaper 28.jpg",
    "previewUrl": "https://raw.githubusercontent.com/Fullcoordinateprojects/fullcoordinateprojects/refs/heads/main/24/images/Rainbow Wallpaper 28.jpg",
    "categories": "Rainbow Wallpaper",
    "premium": false
  },
  {
    "name": "Rainbow Wallpaper",
    "url": "https://raw.githubusercontent.com/Fullcoordinateprojects/fullcoordinateprojects/refs/heads/main/24/images/Rainbow Wallpaper 29.jpg",
    "previewUrl": "https://raw.githubusercontent.com/Fullcoordinateprojects/fullcoordinateprojects/refs/heads/main/24/images/Rainbow Wallpaper 29.jpg",
    "categories": "Rainbow Wallpaper",
    "premium": false
  },
  {
    "name": "Rainbow Wallpaper",
    "url": "https://raw.githubusercontent.com/Fullcoordinateprojects/fullcoordinateprojects/refs/heads/main/24/images/Rainbow Wallpaper 30.jpg",
    "previewUrl": "https://raw.githubusercontent.com/Fullcoordinateprojects/fullcoordinateprojects/refs/heads/main/24/images/Rainbow Wallpaper 30.jpg",
    "categories": "Rainbow Wallpaper",
    "premium": false
  },
  {
    "name": "Rainbow Wallpaper",
    "url": "https://raw.githubusercontent.com/Fullcoordinateprojects/fullcoordinateprojects/refs/heads/main/24/images/Rainbow Wallpaper 31.jpg",
    "previewUrl": "https://raw.githubusercontent.com/Fullcoordinateprojects/fullcoordinateprojects/refs/heads/main/24/images/Rainbow Wallpaper 31.jpg",
    "categories": "Rainbow Wallpaper",
    "premium": false
  },
  {
    "name": "Rainbow Wallpaper",
    "url": "https://raw.githubusercontent.com/Fullcoordinateprojects/fullcoordinateprojects/refs/heads/main/24/images/Rainbow Wallpaper 32.jpg",
    "previewUrl": "https://raw.githubusercontent.com/Fullcoordinateprojects/fullcoordinateprojects/refs/heads/main/24/images/Rainbow Wallpaper 32.jpg",
    "categories": "Rainbow Wallpaper",
    "premium": false
  },
  {
    "name": "Rainbow Wallpaper",
    "url": "https://raw.githubusercontent.com/Fullcoordinateprojects/fullcoordinateprojects/refs/heads/main/24/images/Rainbow Wallpaper 33.jpg",
    "previewUrl": "https://raw.githubusercontent.com/Fullcoordinateprojects/fullcoordinateprojects/refs/heads/main/24/images/Rainbow Wallpaper 33.jpg",
    "categories": "Rainbow Wallpaper",
    "premium": false
  },
  {
    "name": "Rainbow Wallpaper",
    "url": "https://raw.githubusercontent.com/Fullcoordinateprojects/fullcoordinateprojects/refs/heads/main/24/images/Rainbow Wallpaper 34.jpg",
    "previewUrl": "https://raw.githubusercontent.com/Fullcoordinateprojects/fullcoordinateprojects/refs/heads/main/24/images/Rainbow Wallpaper 34.jpg",
    "categories": "Rainbow Wallpaper",
    "premium": false
  },
  {
    "name": "Rainbow Wallpaper",
    "url": "https://raw.githubusercontent.com/Fullcoordinateprojects/fullcoordinateprojects/refs/heads/main/24/images/Rainbow Wallpaper 35.jpg",
    "previewUrl": "https://raw.githubusercontent.com/Fullcoordinateprojects/fullcoordinateprojects/refs/heads/main/24/images/Rainbow Wallpaper 35.jpg",
    "categories": "Rainbow Wallpaper",
    "premium": false
  },
  {
    "name": "Rainbow Wallpaper",
    "url": "https://raw.githubusercontent.com/Fullcoordinateprojects/fullcoordinateprojects/refs/heads/main/24/images/Rainbow Wallpaper 36.jpg",
    "previewUrl": "https://raw.githubusercontent.com/Fullcoordinateprojects/fullcoordinateprojects/refs/heads/main/24/images/Rainbow Wallpaper 36.jpg",
    "categories": "Rainbow Wallpaper",
    "premium": false
  },
  {
    "name": "Rainbow Wallpaper",
    "url": "https://raw.githubusercontent.com/Fullcoordinateprojects/fullcoordinateprojects/refs/heads/main/24/images/Rainbow Wallpaper 37.jpg",
    "previewUrl": "https://raw.githubusercontent.com/Fullcoordinateprojects/fullcoordinateprojects/refs/heads/main/24/images/Rainbow Wallpaper 37.jpg",
    "categories": "Rainbow Wallpaper",
    "premium": false
  },
  {
    "name": "Rainbow Wallpaper",
    "url": "https://raw.githubusercontent.com/Fullcoordinateprojects/fullcoordinateprojects/refs/heads/main/24/images/Rainbow Wallpaper 38.jpg",
    "previewUrl": "https://raw.githubusercontent.com/Fullcoordinateprojects/fullcoordinateprojects/refs/heads/main/24/images/Rainbow Wallpaper 38.jpg",
    "categories": "Rainbow Wallpaper",
    "premium": false
  },
  {
    "name": "Rainbow Wallpaper",
    "url": "https://raw.githubusercontent.com/Fullcoordinateprojects/fullcoordinateprojects/refs/heads/main/24/images/Rainbow Wallpaper 39.jpg",
    "previewUrl": "https://raw.githubusercontent.com/Fullcoordinateprojects/fullcoordinateprojects/refs/heads/main/24/images/Rainbow Wallpaper 39.jpg",
    "categories": "Rainbow Wallpaper",
    "premium": false
  },
  {
    "name": "Rainbow Wallpaper",
    "url": "https://raw.githubusercontent.com/Fullcoordinateprojects/fullcoordinateprojects/refs/heads/main/24/images/Rainbow Wallpaper 40.jpg",
    "previewUrl": "https://raw.githubusercontent.com/Fullcoordinateprojects/fullcoordinateprojects/refs/heads/main/24/images/Rainbow Wallpaper 40.jpg",
    "categories": "Rainbow Wallpaper",
    "premium": false
  },
  {
    "name": "Rainbow Wallpaper",
    "url": "https://raw.githubusercontent.com/Fullcoordinateprojects/fullcoordinateprojects/refs/heads/main/24/images/Rainbow Wallpaper 41.jpg",
    "previewUrl": "https://raw.githubusercontent.com/Fullcoordinateprojects/fullcoordinateprojects/refs/heads/main/24/images/Rainbow Wallpaper 41.jpg",
    "categories": "Rainbow Wallpaper",
    "premium": false
  },
  {
    "name": "Rainbow Wallpaper",
    "url": "https://raw.githubusercontent.com/Fullcoordinateprojects/fullcoordinateprojects/refs/heads/main/24/images/Rainbow Wallpaper 42.jpg",
    "previewUrl": "https://raw.githubusercontent.com/Fullcoordinateprojects/fullcoordinateprojects/refs/heads/main/24/images/Rainbow Wallpaper 42.jpg",
    "categories": "Rainbow Wallpaper",
    "premium": false
  },
  {
    "name": "Rainbow Wallpaper",
    "url": "https://raw.githubusercontent.com/Fullcoordinateprojects/fullcoordinateprojects/refs/heads/main/24/images/Rainbow Wallpaper 43.jpg",
    "previewUrl": "https://raw.githubusercontent.com/Fullcoordinateprojects/fullcoordinateprojects/refs/heads/main/24/images/Rainbow Wallpaper 43.jpg",
    "categories": "Rainbow Wallpaper",
    "premium": false
  },
  {
    "name": "Rainbow Wallpaper",
    "url": "https://raw.githubusercontent.com/Fullcoordinateprojects/fullcoordinateprojects/refs/heads/main/24/images/Rainbow Wallpaper 44.jpg",
    "previewUrl": "https://raw.githubusercontent.com/Fullcoordinateprojects/fullcoordinateprojects/refs/heads/main/24/images/Rainbow Wallpaper 44.jpg",
    "categories": "Rainbow Wallpaper",
    "premium": false
  },
  {
    "name": "Rainbow Wallpaper",
    "url": "https://raw.githubusercontent.com/Fullcoordinateprojects/fullcoordinateprojects/refs/heads/main/24/images/Rainbow Wallpaper 45.jpg",
    "previewUrl": "https://raw.githubusercontent.com/Fullcoordinateprojects/fullcoordinateprojects/refs/heads/main/24/images/Rainbow Wallpaper 45.jpg",
    "categories": "Rainbow Wallpaper",
    "premium": false
  },
  {
    "name": "Rainbow Wallpaper",
    "url": "https://raw.githubusercontent.com/Fullcoordinateprojects/fullcoordinateprojects/refs/heads/main/24/images/Rainbow Wallpaper 46.jpg",
    "previewUrl": "https://raw.githubusercontent.com/Fullcoordinateprojects/fullcoordinateprojects/refs/heads/main/24/images/Rainbow Wallpaper 46.jpg",
    "categories": "Rainbow Wallpaper",
    "premium": false
  },
  {
    "name": "Rainbow Wallpaper",
    "url": "https://raw.githubusercontent.com/Fullcoordinateprojects/fullcoordinateprojects/refs/heads/main/24/images/Rainbow Wallpaper 47.jpg",
    "previewUrl": "https://raw.githubusercontent.com/Fullcoordinateprojects/fullcoordinateprojects/refs/heads/main/24/images/Rainbow Wallpaper 47.jpg",
    "categories": "Rainbow Wallpaper",
    "premium": false
  },
  {
    "name": "Rainbow Wallpaper",
    "url": "https://raw.githubusercontent.com/Fullcoordinateprojects/fullcoordinateprojects/refs/heads/main/24/images/Rainbow Wallpaper 48.jpg",
    "previewUrl": "https://raw.githubusercontent.com/Fullcoordinateprojects/fullcoordinateprojects/refs/heads/main/24/images/Rainbow Wallpaper 48.jpg",
    "categories": "Rainbow Wallpaper",
    "premium": false
  },
  {
    "name": "Rainbow Wallpaper",
    "url": "https://raw.githubusercontent.com/Fullcoordinateprojects/fullcoordinateprojects/refs/heads/main/24/images/Rainbow Wallpaper 49.jpg",
    "previewUrl": "https://raw.githubusercontent.com/Fullcoordinateprojects/fullcoordinateprojects/refs/heads/main/24/images/Rainbow Wallpaper 49.jpg",
    "categories": "Rainbow Wallpaper",
    "premium": false
  },
  {
    "name": "Rainbow Wallpaper",
    "url": "https://raw.githubusercontent.com/Fullcoordinateprojects/fullcoordinateprojects/refs/heads/main/24/images/Rainbow Wallpaper 50.jpg",
    "previewUrl": "https://raw.githubusercontent.com/Fullcoordinateprojects/fullcoordinateprojects/refs/heads/main/24/images/Rainbow Wallpaper 50.jpg",
    "categories": "Rainbow Wallpaper",
    "premium": false
  }
]