[
  {
    "name": "Panda Wallpaper",
    "url": "https://raw.githubusercontent.com/Fullcoordinateprojects/fullcoordinateprojects/refs/heads/main/13/images/Panda Wallpaper 1.jpg",
    "previewUrl": "https://raw.githubusercontent.com/Fullcoordinateprojects/fullcoordinateprojects/refs/heads/main/13/images/Panda Wallpaper 1.jpg",
    "categories": "Panda Wallpaper",
    "premium": false
  },
  {
    "name": "Panda Wallpaper",
    "url": "https://raw.githubusercontent.com/Fullcoordinateprojects/fullcoordinateprojects/refs/heads/main/13/images/Panda Wallpaper 2.jpg",
    "previewUrl": "https://raw.githubusercontent.com/Fullcoordinateprojects/fullcoordinateprojects/refs/heads/main/13/images/Panda Wallpaper 2.jpg",
    "categories": "Panda Wallpaper",
    "premium": false
  },
  {
    "name": "Panda Wallpaper",
    "url": "https://raw.githubusercontent.com/Fullcoordinateprojects/fullcoordinateprojects/refs/heads/main/13/images/Panda Wallpaper 3.jpg",
    "previewUrl": "https://raw.githubusercontent.com/Fullcoordinateprojects/fullcoordinateprojects/refs/heads/main/13/images/Panda Wallpaper 3.jpg",
    "categories": "Panda Wallpaper",
    "premium": false
  },
  {
    "name": "Panda Wallpaper",
    "url": "https://raw.githubusercontent.com/Fullcoordinateprojects/fullcoordinateprojects/refs/heads/main/13/images/Panda Wallpaper 4.jpg",
    "previewUrl": "https://raw.githubusercontent.com/Fullcoordinateprojects/fullcoordinateprojects/refs/heads/main/13/images/Panda Wallpaper 4.jpg",
    "categories": "Panda Wallpaper",
    "premium": false
  },
  {
    "name": "Panda Wallpaper",
    "url": "https://raw.githubusercontent.com/Fullcoordinateprojects/fullcoordinateprojects/refs/heads/main/13/images/Panda Wallpaper 5.jpg",
    "previewUrl": "https://raw.githubusercontent.com/Fullcoordinateprojects/fullcoordinateprojects/refs/heads/main/13/images/Panda Wallpaper 5.jpg",
    "categories": "Panda Wallpaper",
    "premium": false
  },
  {
    "name": "Panda Wallpaper",
    "url": "https://raw.githubusercontent.com/Fullcoordinateprojects/fullcoordinateprojects/refs/heads/main/13/images/Panda Wallpaper 6.jpg",
    "previewUrl": "https://raw.githubusercontent.com/Fullcoordinateprojects/fullcoordinateprojects/refs/heads/main/13/images/Panda Wallpaper 6.jpg",
    "categories": "Panda Wallpaper",
    "premium": false
  },
  {
    "name": "Panda Wallpaper",
    "url": "https://raw.githubusercontent.com/Fullcoordinateprojects/fullcoordinateprojects/refs/heads/main/13/images/Panda Wallpaper 7.jpg",
    "previewUrl": "https://raw.githubusercontent.com/Fullcoordinateprojects/fullcoordinateprojects/refs/heads/main/13/images/Panda Wallpaper 7.jpg",
    "categories": "Panda Wallpaper",
    "premium": false
  },
  {
    "name": "Panda Wallpaper",
    "url": "https://raw.githubusercontent.com/Fullcoordinateprojects/fullcoordinateprojects/refs/heads/main/13/images/Panda Wallpaper 8.jpg",
    "previewUrl": "https://raw.githubusercontent.com/Fullcoordinateprojects/fullcoordinateprojects/refs/heads/main/13/images/Panda Wallpaper 8.jpg",
    "categories": "Panda Wallpaper",
    "premium": false
  },
  {
    "name": "Panda Wallpaper",
    "url": "https://raw.githubusercontent.com/Fullcoordinateprojects/fullcoordinateprojects/refs/heads/main/13/images/Panda Wallpaper 9.jpg",
    "previewUrl": "https://raw.githubusercontent.com/Fullcoordinateprojects/fullcoordinateprojects/refs/heads/main/13/images/Panda Wallpaper 9.jpg",
    "categories": "Panda Wallpaper",
    "premium": false
  },
  {
    "name": "Panda Wallpaper",
    "url": "https://raw.githubusercontent.com/Fullcoordinateprojects/fullcoordinateprojects/refs/heads/main/13/images/Panda Wallpaper 10.jpg",
    "previewUrl": "https://raw.githubusercontent.com/Fullcoordinateprojects/fullcoordinateprojects/refs/heads/main/13/images/Panda Wallpaper 10.jpg",
    "categories": "Panda Wallpaper",
    "premium": false
  },
  {
    "name": "Panda Wallpaper",
    "url": "https://raw.githubusercontent.com/Fullcoordinateprojects/fullcoordinateprojects/refs/heads/main/13/images/Panda Wallpaper 11.jpg",
    "previewUrl": "https://raw.githubusercontent.com/Fullcoordinateprojects/fullcoordinateprojects/refs/heads/main/13/images/Panda Wallpaper 11.jpg",
    "categories": "Panda Wallpaper",
    "premium": false
  },
  {
    "name": "Panda Wallpaper",
    "url": "https://raw.githubusercontent.com/Fullcoordinateprojects/fullcoordinateprojects/refs/heads/main/13/images/Panda Wallpaper 12.jpg",
    "previewUrl": "https://raw.githubusercontent.com/Fullcoordinateprojects/fullcoordinateprojects/refs/heads/main/13/images/Panda Wallpaper 12.jpg",
    "categories": "Panda Wallpaper",
    "premium": false
  },
  {
    "name": "Panda Wallpaper",
    "url": "https://raw.githubusercontent.com/Fullcoordinateprojects/fullcoordinateprojects/refs/heads/main/13/images/Panda Wallpaper 13.jpg",
    "previewUrl": "https://raw.githubusercontent.com/Fullcoordinateprojects/fullcoordinateprojects/refs/heads/main/13/images/Panda Wallpaper 13.jpg",
    "categories": "Panda Wallpaper",
    "premium": false
  },
  {
    "name": "Panda Wallpaper",
    "url": "https://raw.githubusercontent.com/Fullcoordinateprojects/fullcoordinateprojects/refs/heads/main/13/images/Panda Wallpaper 14.jpg",
    "previewUrl": "https://raw.githubusercontent.com/Fullcoordinateprojects/fullcoordinateprojects/refs/heads/main/13/images/Panda Wallpaper 14.jpg",
    "categories": "Panda Wallpaper",
    "premium": false
  },
  {
    "name": "Panda Wallpaper",
    "url": "https://raw.githubusercontent.com/Fullcoordinateprojects/fullcoordinateprojects/refs/heads/main/13/images/Panda Wallpaper 15.jpg",
    "previewUrl": "https://raw.githubusercontent.com/Fullcoordinateprojects/fullcoordinateprojects/refs/heads/main/13/images/Panda Wallpaper 15.jpg",
    "categories": "Panda Wallpaper",
    "premium": false
  },
  {
    "name": "Panda Wallpaper",
    "url": "https://raw.githubusercontent.com/Fullcoordinateprojects/fullcoordinateprojects/refs/heads/main/13/images/Panda Wallpaper 16.jpg",
    "previewUrl": "https://raw.githubusercontent.com/Fullcoordinateprojects/fullcoordinateprojects/refs/heads/main/13/images/Panda Wallpaper 16.jpg",
    "categories": "Panda Wallpaper",
    "premium": false
  },
  {
    "name": "Panda Wallpaper",
    "url": "https://raw.githubusercontent.com/Fullcoordinateprojects/fullcoordinateprojects/refs/heads/main/13/images/Panda Wallpaper 17.jpg",
    "previewUrl": "https://raw.githubusercontent.com/Fullcoordinateprojects/fullcoordinateprojects/refs/heads/main/13/images/Panda Wallpaper 17.jpg",
    "categories": "Panda Wallpaper",
    "premium": false
  },
  {
    "name": "Panda Wallpaper",
    "url": "https://raw.githubusercontent.com/Fullcoordinateprojects/fullcoordinateprojects/refs/heads/main/13/images/Panda Wallpaper 18.jpg",
    "previewUrl": "https://raw.githubusercontent.com/Fullcoordinateprojects/fullcoordinateprojects/refs/heads/main/13/images/Panda Wallpaper 18.jpg",
    "categories": "Panda Wallpaper",
    "premium": false
  },
  {
    "name": "Panda Wallpaper",
    "url": "https://raw.githubusercontent.com/Fullcoordinateprojects/fullcoordinateprojects/refs/heads/main/13/images/Panda Wallpaper 19.jpg",
    "previewUrl": "https://raw.githubusercontent.com/Fullcoordinateprojects/fullcoordinateprojects/refs/heads/main/13/images/Panda Wallpaper 19.jpg",
    "categories": "Panda Wallpaper",
    "premium": false
  },
  {
    "name": "Panda Wallpaper",
    "url": "https://raw.githubusercontent.com/Fullcoordinateprojects/fullcoordinateprojects/refs/heads/main/13/images/Panda Wallpaper 20.jpg",
    "previewUrl": "https://raw.githubusercontent.com/Fullcoordinateprojects/fullcoordinateprojects/refs/heads/main/13/images/Panda Wallpaper 20.jpg",
    "categories": "Panda Wallpaper",
    "premium": false
  },
  {
    "name": "Panda Wallpaper",
    "url": "https://raw.githubusercontent.com/Fullcoordinateprojects/fullcoordinateprojects/refs/heads/main/13/images/Panda Wallpaper 21.jpg",
    "previewUrl": "https://raw.githubusercontent.com/Fullcoordinateprojects/fullcoordinateprojects/refs/heads/main/13/images/Panda Wallpaper 21.jpg",
    "categories": "Panda Wallpaper",
    "premium": false
  },
  {
    "name": "Panda Wallpaper",
    "url": "https://raw.githubusercontent.com/Fullcoordinateprojects/fullcoordinateprojects/refs/heads/main/13/images/Panda Wallpaper 22.jpg",
    "previewUrl": "https://raw.githubusercontent.com/Fullcoordinateprojects/fullcoordinateprojects/refs/heads/main/13/images/Panda Wallpaper 22.jpg",
    "categories": "Panda Wallpaper",
    "premium": false
  },
  {
    "name": "Panda Wallpaper",
    "url": "https://raw.githubusercontent.com/Fullcoordinateprojects/fullcoordinateprojects/refs/heads/main/13/images/Panda Wallpaper 23.jpg",
    "previewUrl": "https://raw.githubusercontent.com/Fullcoordinateprojects/fullcoordinateprojects/refs/heads/main/13/images/Panda Wallpaper 23.jpg",
    "categories": "Panda Wallpaper",
    "premium": false
  },
  {
    "name": "Panda Wallpaper",
    "url": "https://raw.githubusercontent.com/Fullcoordinateprojects/fullcoordinateprojects/refs/heads/main/13/images/Panda Wallpaper 24.jpg",
    "previewUrl": "https://raw.githubusercontent.com/Fullcoordinateprojects/fullcoordinateprojects/refs/heads/main/13/images/Panda Wallpaper 24.jpg",
    "categories": "Panda Wallpaper",
    "premium": false
  },
  {
    "name": "Panda Wallpaper",
    "url": "https://raw.githubusercontent.com/Fullcoordinateprojects/fullcoordinateprojects/refs/heads/main/13/images/Panda Wallpaper 25.jpg",
    "previewUrl": "https://raw.githubusercontent.com/Fullcoordinateprojects/fullcoordinateprojects/refs/heads/main/13/images/Panda Wallpaper 25.jpg",
    "categories": "Panda Wallpaper",
    "premium": false
  },
  {
    "name": "Panda Wallpaper",
    "url": "https://raw.githubusercontent.com/Fullcoordinateprojects/fullcoordinateprojects/refs/heads/main/13/images/Panda Wallpaper 26.jpg",
    "previewUrl": "https://raw.githubusercontent.com/Fullcoordinateprojects/fullcoordinateprojects/refs/heads/main/13/images/Panda Wallpaper 26.jpg",
    "categories": "Panda Wallpaper",
    "premium": false
  },
  {
    "name": "Panda Wallpaper",
    "url": "https://raw.githubusercontent.com/Fullcoordinateprojects/fullcoordinateprojects/refs/heads/main/13/images/Panda Wallpaper 27.jpg",
    "previewUrl": "https://raw.githubusercontent.com/Fullcoordinateprojects/fullcoordinateprojects/refs/heads/main/13/images/Panda Wallpaper 27.jpg",
    "categories": "Panda Wallpaper",
    "premium": false
  },
  {
    "name": "Panda Wallpaper",
    "url": "https://raw.githubusercontent.com/Fullcoordinateprojects/fullcoordinateprojects/refs/heads/main/13/images/Panda Wallpaper 28.jpg",
    "previewUrl": "https://raw.githubusercontent.com/Fullcoordinateprojects/fullcoordinateprojects/refs/heads/main/13/images/Panda Wallpaper 28.jpg",
    "categories": "Panda Wallpaper",
    "premium": false
  },
  {
    "name": "Panda Wallpaper",
    "url": "https://raw.githubusercontent.com/Fullcoordinateprojects/fullcoordinateprojects/refs/heads/main/13/images/Panda Wallpaper 29.jpg",
    "previewUrl": "https://raw.githubusercontent.com/Fullcoordinateprojects/fullcoordinateprojects/refs/heads/main/13/images/Panda Wallpaper 29.jpg",
    "categories": "Panda Wallpaper",
    "premium": false
  },
  {
    "name": "Panda Wallpaper",
    "url": "https://raw.githubusercontent.com/Fullcoordinateprojects/fullcoordinateprojects/refs/heads/main/13/images/Panda Wallpaper 30.jpg",
    "previewUrl": "https://raw.githubusercontent.com/Fullcoordinateprojects/fullcoordinateprojects/refs/heads/main/13/images/Panda Wallpaper 30.jpg",
    "categories": "Panda Wallpaper",
    "premium": false
  },
  {
    "name": "Panda Wallpaper",
    "url": "https://raw.githubusercontent.com/Fullcoordinateprojects/fullcoordinateprojects/refs/heads/main/13/images/Panda Wallpaper 31.jpg",
    "previewUrl": "https://raw.githubusercontent.com/Fullcoordinateprojects/fullcoordinateprojects/refs/heads/main/13/images/Panda Wallpaper 31.jpg",
    "categories": "Panda Wallpaper",
    "premium": false
  },
  {
    "name": "Panda Wallpaper",
    "url": "https://raw.githubusercontent.com/Fullcoordinateprojects/fullcoordinateprojects/refs/heads/main/13/images/Panda Wallpaper 32.jpg",
    "previewUrl": "https://raw.githubusercontent.com/Fullcoordinateprojects/fullcoordinateprojects/refs/heads/main/13/images/Panda Wallpaper 32.jpg",
    "categories": "Panda Wallpaper",
    "premium": false
  },
  {
    "name": "Panda Wallpaper",
    "url": "https://raw.githubusercontent.com/Fullcoordinateprojects/fullcoordinateprojects/refs/heads/main/13/images/Panda Wallpaper 33.jpg",
    "previewUrl": "https://raw.githubusercontent.com/Fullcoordinateprojects/fullcoordinateprojects/refs/heads/main/13/images/Panda Wallpaper 33.jpg",
    "categories": "Panda Wallpaper",
    "premium": false
  },
  {
    "name": "Panda Wallpaper",
    "url": "https://raw.githubusercontent.com/Fullcoordinateprojects/fullcoordinateprojects/refs/heads/main/13/images/Panda Wallpaper 34.jpg",
    "previewUrl": "https://raw.githubusercontent.com/Fullcoordinateprojects/fullcoordinateprojects/refs/heads/main/13/images/Panda Wallpaper 34.jpg",
    "categories": "Panda Wallpaper",
    "premium": false
  },
  {
    "name": "Panda Wallpaper",
    "url": "https://raw.githubusercontent.com/Fullcoordinateprojects/fullcoordinateprojects/refs/heads/main/13/images/Panda Wallpaper 35.jpg",
    "previewUrl": "https://raw.githubusercontent.com/Fullcoordinateprojects/fullcoordinateprojects/refs/heads/main/13/images/Panda Wallpaper 35.jpg",
    "categories": "Panda Wallpaper",
    "premium": false
  },
  {
    "name": "Panda Wallpaper",
    "url": "https://raw.githubusercontent.com/Fullcoordinateprojects/fullcoordinateprojects/refs/heads/main/13/images/Panda Wallpaper 36.jpg",
    "previewUrl": "https://raw.githubusercontent.com/Fullcoordinateprojects/fullcoordinateprojects/refs/heads/main/13/images/Panda Wallpaper 36.jpg",
    "categories": "Panda Wallpaper",
    "premium": false
  },
  {
    "name": "Panda Wallpaper",
    "url": "https://raw.githubusercontent.com/Fullcoordinateprojects/fullcoordinateprojects/refs/heads/main/13/images/Panda Wallpaper 37.jpg",
    "previewUrl": "https://raw.githubusercontent.com/Fullcoordinateprojects/fullcoordinateprojects/refs/heads/main/13/images/Panda Wallpaper 37.jpg",
    "categories": "Panda Wallpaper",
    "premium": false
  },
  {
    "name": "Panda Wallpaper",
    "url": "https://raw.githubusercontent.com/Fullcoordinateprojects/fullcoordinateprojects/refs/heads/main/13/images/Panda Wallpaper 38.jpg",
    "previewUrl": "https://raw.githubusercontent.com/Fullcoordinateprojects/fullcoordinateprojects/refs/heads/main/13/images/Panda Wallpaper 38.jpg",
    "categories": "Panda Wallpaper",
    "premium": false
  },
  {
    "name": "Panda Wallpaper",
    "url": "https://raw.githubusercontent.com/Fullcoordinateprojects/fullcoordinateprojects/refs/heads/main/13/images/Panda Wallpaper 39.jpg",
    "previewUrl": "https://raw.githubusercontent.com/Fullcoordinateprojects/fullcoordinateprojects/refs/heads/main/13/images/Panda Wallpaper 39.jpg",
    "categories": "Panda Wallpaper",
    "premium": false
  },
  {
    "name": "Panda Wallpaper",
    "url": "https://raw.githubusercontent.com/Fullcoordinateprojects/fullcoordinateprojects/refs/heads/main/13/images/Panda Wallpaper 40.jpg",
    "previewUrl": "https://raw.githubusercontent.com/Fullcoordinateprojects/fullcoordinateprojects/refs/heads/main/13/images/Panda Wallpaper 40.jpg",
    "categories": "Panda Wallpaper",
    "premium": false
  },
  {
    "name": "Panda Wallpaper",
    "url": "https://raw.githubusercontent.com/Fullcoordinateprojects/fullcoordinateprojects/refs/heads/main/13/images/Panda Wallpaper 41.jpg",
    "previewUrl": "https://raw.githubusercontent.com/Fullcoordinateprojects/fullcoordinateprojects/refs/heads/main/13/images/Panda Wallpaper 41.jpg",
    "categories": "Panda Wallpaper",
    "premium": false
  },
  {
    "name": "Panda Wallpaper",
    "url": "https://raw.githubusercontent.com/Fullcoordinateprojects/fullcoordinateprojects/refs/heads/main/13/images/Panda Wallpaper 42.jpg",
    "previewUrl": "https://raw.githubusercontent.com/Fullcoordinateprojects/fullcoordinateprojects/refs/heads/main/13/images/Panda Wallpaper 42.jpg",
    "categories": "Panda Wallpaper",
    "premium": false
  },
  {
    "name": "Panda Wallpaper",
    "url": "https://raw.githubusercontent.com/Fullcoordinateprojects/fullcoordinateprojects/refs/heads/main/13/images/Panda Wallpaper 43.jpg",
    "previewUrl": "https://raw.githubusercontent.com/Fullcoordinateprojects/fullcoordinateprojects/refs/heads/main/13/images/Panda Wallpaper 43.jpg",
    "categories": "Panda Wallpaper",
    "premium": false
  },
  {
    "name": "Panda Wallpaper",
    "url": "https://raw.githubusercontent.com/Fullcoordinateprojects/fullcoordinateprojects/refs/heads/main/13/images/Panda Wallpaper 44.jpg",
    "previewUrl": "https://raw.githubusercontent.com/Fullcoordinateprojects/fullcoordinateprojects/refs/heads/main/13/images/Panda Wallpaper 44.jpg",
    "categories": "Panda Wallpaper",
    "premium": false
  },
  {
    "name": "Panda Wallpaper",
    "url": "https://raw.githubusercontent.com/Fullcoordinateprojects/fullcoordinateprojects/refs/heads/main/13/images/Panda Wallpaper 45.jpg",
    "previewUrl": "https://raw.githubusercontent.com/Fullcoordinateprojects/fullcoordinateprojects/refs/heads/main/13/images/Panda Wallpaper 45.jpg",
    "categories": "Panda Wallpaper",
    "premium": false
  },
  {
    "name": "Panda Wallpaper",
    "url": "https://raw.githubusercontent.com/Fullcoordinateprojects/fullcoordinateprojects/refs/heads/main/13/images/Panda Wallpaper 46.jpg",
    "previewUrl": "https://raw.githubusercontent.com/Fullcoordinateprojects/fullcoordinateprojects/refs/heads/main/13/images/Panda Wallpaper 46.jpg",
    "categories": "Panda Wallpaper",
    "premium": false
  },
  {
    "name": "Panda Wallpaper",
    "url": "https://raw.githubusercontent.com/Fullcoordinateprojects/fullcoordinateprojects/refs/heads/main/13/images/Panda Wallpaper 47.jpg",
    "previewUrl": "https://raw.githubusercontent.com/Fullcoordinateprojects/fullcoordinateprojects/refs/heads/main/13/images/Panda Wallpaper 47.jpg",
    "categories": "Panda Wallpaper",
    "premium": false
  },
  {
    "name": "Panda Wallpaper",
    "url": "https://raw.githubusercontent.com/Fullcoordinateprojects/fullcoordinateprojects/refs/heads/main/13/images/Panda Wallpaper 48.jpg",
    "previewUrl": "https://raw.githubusercontent.com/Fullcoordinateprojects/fullcoordinateprojects/refs/heads/main/13/images/Panda Wallpaper 48.jpg",
    "categories": "Panda Wallpaper",
    "premium": false
  },
  {
    "name": "Panda Wallpaper",
    "url": "https://raw.githubusercontent.com/Fullcoordinateprojects/fullcoordinateprojects/refs/heads/main/13/images/Panda Wallpaper 49.jpg",
    "previewUrl": "https://raw.githubusercontent.com/Fullcoordinateprojects/fullcoordinateprojects/refs/heads/main/13/images/Panda Wallpaper 49.jpg",
    "categories": "Panda Wallpaper",
    "premium": false
  },
  {
    "name": "Panda Wallpaper",
    "url": "https://raw.githubusercontent.com/Fullcoordinateprojects/fullcoordinateprojects/refs/heads/main/13/images/Panda Wallpaper 50.jpg",
    "previewUrl": "https://raw.githubusercontent.com/Fullcoordinateprojects/fullcoordinateprojects/refs/heads/main/13/images/Panda Wallpaper 50.jpg",
    "categories": "Panda Wallpaper",
    "premium": false
  },
  {
    "name": "Panda Wallpaper",
    "url": "https://raw.githubusercontent.com/Fullcoordinateprojects/fullcoordinateprojects/refs/heads/main/13/images/Panda Wallpaper 51.jpg",
    "previewUrl": "https://raw.githubusercontent.com/Fullcoordinateprojects/fullcoordinateprojects/refs/heads/main/13/images/Panda Wallpaper 51.jpg",
    "categories": "Panda Wallpaper",
    "premium": false
  },
  {
    "name": "Panda Wallpaper",
    "url": "https://raw.githubusercontent.com/Fullcoordinateprojects/fullcoordinateprojects/refs/heads/main/13/images/Panda Wallpaper 52.jpg",
    "previewUrl": "https://raw.githubusercontent.com/Fullcoordinateprojects/fullcoordinateprojects/refs/heads/main/13/images/Panda Wallpaper 52.jpg",
    "categories": "Panda Wallpaper",
    "premium": false
  },
  {
    "name": "Panda Wallpaper",
    "url": "https://raw.githubusercontent.com/Fullcoordinateprojects/fullcoordinateprojects/refs/heads/main/13/images/Panda Wallpaper 53.jpg",
    "previewUrl": "https://raw.githubusercontent.com/Fullcoordinateprojects/fullcoordinateprojects/refs/heads/main/13/images/Panda Wallpaper 53.jpg",
    "categories": "Panda Wallpaper",
    "premium": false
  },
  {
    "name": "Panda Wallpaper",
    "url": "https://raw.githubusercontent.com/Fullcoordinateprojects/fullcoordinateprojects/refs/heads/main/13/images/Panda Wallpaper 54.jpg",
    "previewUrl": "https://raw.githubusercontent.com/Fullcoordinateprojects/fullcoordinateprojects/refs/heads/main/13/images/Panda Wallpaper 54.jpg",
    "categories": "Panda Wallpaper",
    "premium": false
  },
  {
    "name": "Panda Wallpaper",
    "url": "https://raw.githubusercontent.com/Fullcoordinateprojects/fullcoordinateprojects/refs/heads/main/13/images/Panda Wallpaper 55.jpg",
    "previewUrl": "https://raw.githubusercontent.com/Fullcoordinateprojects/fullcoordinateprojects/refs/heads/main/13/images/Panda Wallpaper 55.jpg",
    "categories": "Panda Wallpaper",
    "premium": false
  },
  {
    "name": "Panda Wallpaper",
    "url": "https://raw.githubusercontent.com/Fullcoordinateprojects/fullcoordinateprojects/refs/heads/main/13/images/Panda Wallpaper 56.jpg",
    "previewUrl": "https://raw.githubusercontent.com/Fullcoordinateprojects/fullcoordinateprojects/refs/heads/main/13/images/Panda Wallpaper 56.jpg",
    "categories": "Panda Wallpaper",
    "premium": false
  },
  {
    "name": "Panda Wallpaper",
    "url": "https://raw.githubusercontent.com/Fullcoordinateprojects/fullcoordinateprojects/refs/heads/main/13/images/Panda Wallpaper 57.jpg",
    "previewUrl": "https://raw.githubusercontent.com/Fullcoordinateprojects/fullcoordinateprojects/refs/heads/main/13/images/Panda Wallpaper 57.jpg",
    "categories": "Panda Wallpaper",
    "premium": false
  },
  {
    "name": "Panda Wallpaper",
    "url": "https://raw.githubusercontent.com/Fullcoordinateprojects/fullcoordinateprojects/refs/heads/main/13/images/Panda Wallpaper 58.jpg",
    "previewUrl": "https://raw.githubusercontent.com/Fullcoordinateprojects/fullcoordinateprojects/refs/heads/main/13/images/Panda Wallpaper 58.jpg",
    "categories": "Panda Wallpaper",
    "premium": false
  },
  {
    "name": "Panda Wallpaper",
    "url": "https://raw.githubusercontent.com/Fullcoordinateprojects/fullcoordinateprojects/refs/heads/main/13/images/Panda Wallpaper 59.jpg",
    "previewUrl": "https://raw.githubusercontent.com/Fullcoordinateprojects/fullcoordinateprojects/refs/heads/main/13/images/Panda Wallpaper 59.jpg",
    "categories": "Panda Wallpaper",
    "premium": false
  },
  {
    "name": "Panda Wallpaper",
    "url": "https://raw.githubusercontent.com/Fullcoordinateprojects/fullcoordinateprojects/refs/heads/main/13/images/Panda Wallpaper 60.jpg",
    "previewUrl": "https://raw.githubusercontent.com/Fullcoordinateprojects/fullcoordinateprojects/refs/heads/main/13/images/Panda Wallpaper 60.jpg",
    "categories": "Panda Wallpaper",
    "premium": false
  },
  {
    "name": "Panda Wallpaper",
    "url": "https://raw.githubusercontent.com/Fullcoordinateprojects/fullcoordinateprojects/refs/heads/main/13/images/Panda Wallpaper 61.jpg",
    "previewUrl": "https://raw.githubusercontent.com/Fullcoordinateprojects/fullcoordinateprojects/refs/heads/main/13/images/Panda Wallpaper 61.jpg",
    "categories": "Panda Wallpaper",
    "premium": false
  },
  {
    "name": "Panda Wallpaper",
    "url": "https://raw.githubusercontent.com/Fullcoordinateprojects/fullcoordinateprojects/refs/heads/main/13/images/Panda Wallpaper 62.jpg",
    "previewUrl": "https://raw.githubusercontent.com/Fullcoordinateprojects/fullcoordinateprojects/refs/heads/main/13/images/Panda Wallpaper 62.jpg",
    "categories": "Panda Wallpaper",
    "premium": false
  },
  {
    "name": "Panda Wallpaper",
    "url": "https://raw.githubusercontent.com/Fullcoordinateprojects/fullcoordinateprojects/refs/heads/main/13/images/Panda Wallpaper 63.jpg",
    "previewUrl": "https://raw.githubusercontent.com/Fullcoordinateprojects/fullcoordinateprojects/refs/heads/main/13/images/Panda Wallpaper 63.jpg",
    "categories": "Panda Wallpaper",
    "premium": false
  },
  {
    "name": "Panda Wallpaper",
    "url": "https://raw.githubusercontent.com/Fullcoordinateprojects/fullcoordinateprojects/refs/heads/main/13/images/Panda Wallpaper 64.jpg",
    "previewUrl": "https://raw.githubusercontent.com/Fullcoordinateprojects/fullcoordinateprojects/refs/heads/main/13/images/Panda Wallpaper 64.jpg",
    "categories": "Panda Wallpaper",
    "premium": false
  },
  {
    "name": "Panda Wallpaper",
    "url": "https://raw.githubusercontent.com/Fullcoordinateprojects/fullcoordinateprojects/refs/heads/main/13/images/Panda Wallpaper 65.jpg",
    "previewUrl": "https://raw.githubusercontent.com/Fullcoordinateprojects/fullcoordinateprojects/refs/heads/main/13/images/Panda Wallpaper 65.jpg",
    "categories": "Panda Wallpaper",
    "premium": false
  },
  {
    "name": "Panda Wallpaper",
    "url": "https://raw.githubusercontent.com/Fullcoordinateprojects/fullcoordinateprojects/refs/heads/main/13/images/Panda Wallpaper 66.jpg",
    "previewUrl": "https://raw.githubusercontent.com/Fullcoordinateprojects/fullcoordinateprojects/refs/heads/main/13/images/Panda Wallpaper 66.jpg",
    "categories": "Panda Wallpaper",
    "premium": false
  },
  {
    "name": "Panda Wallpaper",
    "url": "https://raw.githubusercontent.com/Fullcoordinateprojects/fullcoordinateprojects/refs/heads/main/13/images/Panda Wallpaper 67.jpg",
    "previewUrl": "https://raw.githubusercontent.com/Fullcoordinateprojects/fullcoordinateprojects/refs/heads/main/13/images/Panda Wallpaper 67.jpg",
    "categories": "Panda Wallpaper",
    "premium": false
  },
  {
    "name": "Panda Wallpaper",
    "url": "https://raw.githubusercontent.com/Fullcoordinateprojects/fullcoordinateprojects/refs/heads/main/13/images/Panda Wallpaper 68.jpg",
    "previewUrl": "https://raw.githubusercontent.com/Fullcoordinateprojects/fullcoordinateprojects/refs/heads/main/13/images/Panda Wallpaper 68.jpg",
    "categories": "Panda Wallpaper",
    "premium": false
  },
  {
    "name": "Panda Wallpaper",
    "url": "https://raw.githubusercontent.com/Fullcoordinateprojects/fullcoordinateprojects/refs/heads/main/13/images/Panda Wallpaper 69.jpg",
    "previewUrl": "https://raw.githubusercontent.com/Fullcoordinateprojects/fullcoordinateprojects/refs/heads/main/13/images/Panda Wallpaper 69.jpg",
    "categories": "Panda Wallpaper",
    "premium": false
  },
  {
    "name": "Panda Wallpaper",
    "url": "https://raw.githubusercontent.com/Fullcoordinateprojects/fullcoordinateprojects/refs/heads/main/13/images/Panda Wallpaper 70.jpg",
    "previewUrl": "https://raw.githubusercontent.com/Fullcoordinateprojects/fullcoordinateprojects/refs/heads/main/13/images/Panda Wallpaper 70.jpg",
    "categories": "Panda Wallpaper",
    "premium": false
  },
  {
    "name": "Panda Wallpaper",
    "url": "https://raw.githubusercontent.com/Fullcoordinateprojects/fullcoordinateprojects/refs/heads/main/13/images/Panda Wallpaper 71.jpg",
    "previewUrl": "https://raw.githubusercontent.com/Fullcoordinateprojects/fullcoordinateprojects/refs/heads/main/13/images/Panda Wallpaper 71.jpg",
    "categories": "Panda Wallpaper",
    "premium": false
  },
  {
    "name": "Panda Wallpaper",
    "url": "https://raw.githubusercontent.com/Fullcoordinateprojects/fullcoordinateprojects/refs/heads/main/13/images/Panda Wallpaper 72.jpg",
    "previewUrl": "https://raw.githubusercontent.com/Fullcoordinateprojects/fullcoordinateprojects/refs/heads/main/13/images/Panda Wallpaper 72.jpg",
    "categories": "Panda Wallpaper",
    "premium": false
  },
  {
    "name": "Panda Wallpaper",
    "url": "https://raw.githubusercontent.com/Fullcoordinateprojects/fullcoordinateprojects/refs/heads/main/13/images/Panda Wallpaper 73.jpg",
    "previewUrl": "https://raw.githubusercontent.com/Fullcoordinateprojects/fullcoordinateprojects/refs/heads/main/13/images/Panda Wallpaper 73.jpg",
    "categories": "Panda Wallpaper",
    "premium": false
  },
  {
    "name": "Panda Wallpaper",
    "url": "https://raw.githubusercontent.com/Fullcoordinateprojects/fullcoordinateprojects/refs/heads/main/13/images/Panda Wallpaper 74.jpg",
    "previewUrl": "https://raw.githubusercontent.com/Fullcoordinateprojects/fullcoordinateprojects/refs/heads/main/13/images/Panda Wallpaper 74.jpg",
    "categories": "Panda Wallpaper",
    "premium": false
  },
  {
    "name": "Panda Wallpaper",
    "url": "https://raw.githubusercontent.com/Fullcoordinateprojects/fullcoordinateprojects/refs/heads/main/13/images/Panda Wallpaper 75.jpg",
    "previewUrl": "https://raw.githubusercontent.com/Fullcoordinateprojects/fullcoordinateprojects/refs/heads/main/13/images/Panda Wallpaper 75.jpg",
    "categories": "Panda Wallpaper",
    "premium": false
  },
  {
    "name": "Panda Wallpaper",
    "url": "https://raw.githubusercontent.com/Fullcoordinateprojects/fullcoordinateprojects/refs/heads/main/13/images/Panda Wallpaper 76.jpg",
    "previewUrl": "https://raw.githubusercontent.com/Fullcoordinateprojects/fullcoordinateprojects/refs/heads/main/13/images/Panda Wallpaper 76.jpg",
    "categories": "Panda Wallpaper",
    "premium": false
  },
  {
    "name": "Panda Wallpaper",
    "url": "https://raw.githubusercontent.com/Fullcoordinateprojects/fullcoordinateprojects/refs/heads/main/13/images/Panda Wallpaper 77.jpg",
    "previewUrl": "https://raw.githubusercontent.com/Fullcoordinateprojects/fullcoordinateprojects/refs/heads/main/13/images/Panda Wallpaper 77.jpg",
    "categories": "Panda Wallpaper",
    "premium": false
  },
  {
    "name": "Panda Wallpaper",
    "url": "https://raw.githubusercontent.com/Fullcoordinateprojects/fullcoordinateprojects/refs/heads/main/13/images/Panda Wallpaper 78.jpg",
    "previewUrl": "https://raw.githubusercontent.com/Fullcoordinateprojects/fullcoordinateprojects/refs/heads/main/13/images/Panda Wallpaper 78.jpg",
    "categories": "Panda Wallpaper",
    "premium": false
  },
  {
    "name": "Panda Wallpaper",
    "url": "https://raw.githubusercontent.com/Fullcoordinateprojects/fullcoordinateprojects/refs/heads/main/13/images/Panda Wallpaper 79.jpg",
    "previewUrl": "https://raw.githubusercontent.com/Fullcoordinateprojects/fullcoordinateprojects/refs/heads/main/13/images/Panda Wallpaper 79.jpg",
    "categories": "Panda Wallpaper",
    "premium": false
  },
  {
    "name": "Panda Wallpaper",
    "url": "https://raw.githubusercontent.com/Fullcoordinateprojects/fullcoordinateprojects/refs/heads/main/13/images/Panda Wallpaper 80.jpg",
    "previewUrl": "https://raw.githubusercontent.com/Fullcoordinateprojects/fullcoordinateprojects/refs/heads/main/13/images/Panda Wallpaper 80.jpg",
    "categories": "Panda Wallpaper",
    "premium": false
  },
  {
    "name": "Panda Wallpaper",
    "url": "https://raw.githubusercontent.com/Fullcoordinateprojects/fullcoordinateprojects/refs/heads/main/13/images/Panda Wallpaper 81.jpg",
    "previewUrl": "https://raw.githubusercontent.com/Fullcoordinateprojects/fullcoordinateprojects/refs/heads/main/13/images/Panda Wallpaper 81.jpg",
    "categories": "Panda Wallpaper",
    "premium": false
  },
  {
    "name": "Panda Wallpaper",
    "url": "https://raw.githubusercontent.com/Fullcoordinateprojects/fullcoordinateprojects/refs/heads/main/13/images/Panda Wallpaper 82.jpg",
    "previewUrl": "https://raw.githubusercontent.com/Fullcoordinateprojects/fullcoordinateprojects/refs/heads/main/13/images/Panda Wallpaper 82.jpg",
    "categories": "Panda Wallpaper",
    "premium": false
  },
  {
    "name": "Panda Wallpaper",
    "url": "https://raw.githubusercontent.com/Fullcoordinateprojects/fullcoordinateprojects/refs/heads/main/13/images/Panda Wallpaper 83.jpg",
    "previewUrl": "https://raw.githubusercontent.com/Fullcoordinateprojects/fullcoordinateprojects/refs/heads/main/13/images/Panda Wallpaper 83.jpg",
    "categories": "Panda Wallpaper",
    "premium": false
  },
  {
    "name": "Panda Wallpaper",
    "url": "https://raw.githubusercontent.com/Fullcoordinateprojects/fullcoordinateprojects/refs/heads/main/13/images/Panda Wallpaper 84.jpg",
    "previewUrl": "https://raw.githubusercontent.com/Fullcoordinateprojects/fullcoordinateprojects/refs/heads/main/13/images/Panda Wallpaper 84.jpg",
    "categories": "Panda Wallpaper",
    "premium": false
  },
  {
    "name": "Panda Wallpaper",
    "url": "https://raw.githubusercontent.com/Fullcoordinateprojects/fullcoordinateprojects/refs/heads/main/13/images/Panda Wallpaper 85.jpg",
    "previewUrl": "https://raw.githubusercontent.com/Fullcoordinateprojects/fullcoordinateprojects/refs/heads/main/13/images/Panda Wallpaper 85.jpg",
    "categories": "Panda Wallpaper",
    "premium": false
  },
  {
    "name": "Panda Wallpaper",
    "url": "https://raw.githubusercontent.com/Fullcoordinateprojects/fullcoordinateprojects/refs/heads/main/13/images/Panda Wallpaper 86.jpg",
    "previewUrl": "https://raw.githubusercontent.com/Fullcoordinateprojects/fullcoordinateprojects/refs/heads/main/13/images/Panda Wallpaper 86.jpg",
    "categories": "Panda Wallpaper",
    "premium": false
  },
  {
    "name": "Panda Wallpaper",
    "url": "https://raw.githubusercontent.com/Fullcoordinateprojects/fullcoordinateprojects/refs/heads/main/13/images/Panda Wallpaper 87.jpg",
    "previewUrl": "https://raw.githubusercontent.com/Fullcoordinateprojects/fullcoordinateprojects/refs/heads/main/13/images/Panda Wallpaper 87.jpg",
    "categories": "Panda Wallpaper",
    "premium": false
  },
  {
    "name": "Panda Wallpaper",
    "url": "https://raw.githubusercontent.com/Fullcoordinateprojects/fullcoordinateprojects/refs/heads/main/13/images/Panda Wallpaper 88.jpg",
    "previewUrl": "https://raw.githubusercontent.com/Fullcoordinateprojects/fullcoordinateprojects/refs/heads/main/13/images/Panda Wallpaper 88.jpg",
    "categories": "Panda Wallpaper",
    "premium": false
  },
  {
    "name": "Panda Wallpaper",
    "url": "https://raw.githubusercontent.com/Fullcoordinateprojects/fullcoordinateprojects/refs/heads/main/13/images/Panda Wallpaper 89.jpg",
    "previewUrl": "https://raw.githubusercontent.com/Fullcoordinateprojects/fullcoordinateprojects/refs/heads/main/13/images/Panda Wallpaper 89.jpg",
    "categories": "Panda Wallpaper",
    "premium": false
  },
  {
    "name": "Panda Wallpaper",
    "url": "https://raw.githubusercontent.com/Fullcoordinateprojects/fullcoordinateprojects/refs/heads/main/13/images/Panda Wallpaper 90.jpg",
    "previewUrl": "https://raw.githubusercontent.com/Fullcoordinateprojects/fullcoordinateprojects/refs/heads/main/13/images/Panda Wallpaper 90.jpg",
    "categories": "Panda Wallpaper",
    "premium": false
  },
  {
    "name": "Panda Wallpaper",
    "url": "https://raw.githubusercontent.com/Fullcoordinateprojects/fullcoordinateprojects/refs/heads/main/13/images/Panda Wallpaper 91.jpg",
    "previewUrl": "https://raw.githubusercontent.com/Fullcoordinateprojects/fullcoordinateprojects/refs/heads/main/13/images/Panda Wallpaper 91.jpg",
    "categories": "Panda Wallpaper",
    "premium": false
  },
  {
    "name": "Panda Wallpaper",
    "url": "https://raw.githubusercontent.com/Fullcoordinateprojects/fullcoordinateprojects/refs/heads/main/13/images/Panda Wallpaper 92.jpg",
    "previewUrl": "https://raw.githubusercontent.com/Fullcoordinateprojects/fullcoordinateprojects/refs/heads/main/13/images/Panda Wallpaper 92.jpg",
    "categories": "Panda Wallpaper",
    "premium": false
  },
  {
    "name": "Panda Wallpaper",
    "url": "https://raw.githubusercontent.com/Fullcoordinateprojects/fullcoordinateprojects/refs/heads/main/13/images/Panda Wallpaper 93.jpg",
    "previewUrl": "https://raw.githubusercontent.com/Fullcoordinateprojects/fullcoordinateprojects/refs/heads/main/13/images/Panda Wallpaper 93.jpg",
    "categories": "Panda Wallpaper",
    "premium": false
  },
  {
    "name": "Panda Wallpaper",
    "url": "https://raw.githubusercontent.com/Fullcoordinateprojects/fullcoordinateprojects/refs/heads/main/13/images/Panda Wallpaper 94.jpg",
    "previewUrl": "https://raw.githubusercontent.com/Fullcoordinateprojects/fullcoordinateprojects/refs/heads/main/13/images/Panda Wallpaper 94.jpg",
    "categories": "Panda Wallpaper",
    "premium": false
  },
  {
    "name": "Panda Wallpaper",
    "url": "https://raw.githubusercontent.com/Fullcoordinateprojects/fullcoordinateprojects/refs/heads/main/13/images/Panda Wallpaper 95.jpg",
    "previewUrl": "https://raw.githubusercontent.com/Fullcoordinateprojects/fullcoordinateprojects/refs/heads/main/13/images/Panda Wallpaper 95.jpg",
    "categories": "Panda Wallpaper",
    "premium": false
  },
  {
    "name": "Panda Wallpaper",
    "url": "https://raw.githubusercontent.com/Fullcoordinateprojects/fullcoordinateprojects/refs/heads/main/13/images/Panda Wallpaper 96.jpg",
    "previewUrl": "https://raw.githubusercontent.com/Fullcoordinateprojects/fullcoordinateprojects/refs/heads/main/13/images/Panda Wallpaper 96.jpg",
    "categories": "Panda Wallpaper",
    "premium": false
  },
  {
    "name": "Panda Wallpaper",
    "url": "https://raw.githubusercontent.com/Fullcoordinateprojects/fullcoordinateprojects/refs/heads/main/13/images/Panda Wallpaper 97.jpg",
    "previewUrl": "https://raw.githubusercontent.com/Fullcoordinateprojects/fullcoordinateprojects/refs/heads/main/13/images/Panda Wallpaper 97.jpg",
    "categories": "Panda Wallpaper",
    "premium": false
  },
  {
    "name": "Panda Wallpaper",
    "url": "https://raw.githubusercontent.com/Fullcoordinateprojects/fullcoordinateprojects/refs/heads/main/13/images/Panda Wallpaper 98.jpg",
    "previewUrl": "https://raw.githubusercontent.com/Fullcoordinateprojects/fullcoordinateprojects/refs/heads/main/13/images/Panda Wallpaper 98.jpg",
    "categories": "Panda Wallpaper",
    "premium": false
  },
  {
    "name": "Panda Wallpaper",
    "url": "https://raw.githubusercontent.com/Fullcoordinateprojects/fullcoordinateprojects/refs/heads/main/13/images/Panda Wallpaper 99.jpg",
    "previewUrl": "https://raw.githubusercontent.com/Fullcoordinateprojects/fullcoordinateprojects/refs/heads/main/13/images/Panda Wallpaper 99.jpg",
    "categories": "Panda Wallpaper",
    "premium": false
  },
  {
    "name": "Panda Wallpaper",
    "url": "https://raw.githubusercontent.com/Fullcoordinateprojects/fullcoordinateprojects/refs/heads/main/13/images/Panda Wallpaper 100.jpg",
    "previewUrl": "https://raw.githubusercontent.com/Fullcoordinateprojects/fullcoordinateprojects/refs/heads/main/13/images/Panda Wallpaper 100.jpg",
    "categories": "Panda Wallpaper",
    "premium": false
  }
]