[
  {
    "name": "Flower Wallpaper",
    "url": "https://raw.githubusercontent.com/Fullcoordinateprojects/fullcoordinateprojects/refs/heads/main/11/images/Panda Wallpaper Flower Wallpaper 7.jpg",
    "previewUrl": "https://raw.githubusercontent.com/Fullcoordinateprojects/fullcoordinateprojects/refs/heads/main/11/images/Panda Wallpaper Flower Wallpaper 7.jpg",
    "categories": "Flower Wallpaper",
    "premium": true
  },
  {
    "name": "Flower Wallpaper",
    "url": "https://raw.githubusercontent.com/Fullcoordinateprojects/fullcoordinateprojects/refs/heads/main/11/images/Panda Wallpaper Flower Wallpaper 8.jpg",
    "previewUrl": "https://raw.githubusercontent.com/Fullcoordinateprojects/fullcoordinateprojects/refs/heads/main/11/images/Panda Wallpaper Flower Wallpaper 8.jpg",
    "categories": "Flower Wallpaper",
    "premium": true
  },
  {
    "name": "Flower Wallpaper",
    "url": "https://raw.githubusercontent.com/Fullcoordinateprojects/fullcoordinateprojects/refs/heads/main/11/images/Panda Wallpaper Flower Wallpaper 9.jpg",
    "previewUrl": "https://raw.githubusercontent.com/Fullcoordinateprojects/fullcoordinateprojects/refs/heads/main/11/images/Panda Wallpaper Flower Wallpaper 9.jpg",
    "categories": "Flower Wallpaper",
    "premium": true
  },
  {
    "name": "Flower Wallpaper",
    "url": "https://raw.githubusercontent.com/Fullcoordinateprojects/fullcoordinateprojects/refs/heads/main/11/images/Panda Wallpaper Flower Wallpaper 10.jpg",
    "previewUrl": "https://raw.githubusercontent.com/Fullcoordinateprojects/fullcoordinateprojects/refs/heads/main/11/images/Panda Wallpaper Flower Wallpaper 10.jpg",
    "categories": "Flower Wallpaper",
    "premium": true
  },
  {
    "name": "Flower Wallpaper",
    "url": "https://raw.githubusercontent.com/Fullcoordinateprojects/fullcoordinateprojects/refs/heads/main/11/images/Panda Wallpaper Flower Wallpaper 11.jpg",
    "previewUrl": "https://raw.githubusercontent.com/Fullcoordinateprojects/fullcoordinateprojects/refs/heads/main/11/images/Panda Wallpaper Flower Wallpaper 11.jpg",
    "categories": "Flower Wallpaper",
    "premium": true
  },
  {
    "name": "Flower Wallpaper",
    "url": "https://raw.githubusercontent.com/Fullcoordinateprojects/fullcoordinateprojects/refs/heads/main/11/images/Panda Wallpaper Flower Wallpaper 12.jpg",
    "previewUrl": "https://raw.githubusercontent.com/Fullcoordinateprojects/fullcoordinateprojects/refs/heads/main/11/images/Panda Wallpaper Flower Wallpaper 12.jpg",
    "categories": "Flower Wallpaper",
    "premium": true
  },
  {
    "name": "Flower Wallpaper",
    "url": "https://raw.githubusercontent.com/Fullcoordinateprojects/fullcoordinateprojects/refs/heads/main/11/images/Panda Wallpaper Flower Wallpaper 13.jpg",
    "previewUrl": "https://raw.githubusercontent.com/Fullcoordinateprojects/fullcoordinateprojects/refs/heads/main/11/images/Panda Wallpaper Flower Wallpaper 13.jpg",
    "categories": "Flower Wallpaper",
    "premium": true
  },
  {
    "name": "Flower Wallpaper",
    "url": "https://raw.githubusercontent.com/Fullcoordinateprojects/fullcoordinateprojects/refs/heads/main/11/images/Panda Wallpaper Flower Wallpaper 14.jpg",
    "previewUrl": "https://raw.githubusercontent.com/Fullcoordinateprojects/fullcoordinateprojects/refs/heads/main/11/images/Panda Wallpaper Flower Wallpaper 14.jpg",
    "categories": "Flower Wallpaper",
    "premium": true
  },
  {
    "name": "Flower Wallpaper",
    "url": "https://raw.githubusercontent.com/Fullcoordinateprojects/fullcoordinateprojects/refs/heads/main/11/images/Panda Wallpaper Flower Wallpaper 15.jpg",
    "previewUrl": "https://raw.githubusercontent.com/Fullcoordinateprojects/fullcoordinateprojects/refs/heads/main/11/images/Panda Wallpaper Flower Wallpaper 15.jpg",
    "categories": "Flower Wallpaper",
    "premium": true
  },
  {
    "name": "Flower Wallpaper",
    "url": "https://raw.githubusercontent.com/Fullcoordinateprojects/fullcoordinateprojects/refs/heads/main/11/images/Panda Wallpaper Flower Wallpaper 16.jpg",
    "previewUrl": "https://raw.githubusercontent.com/Fullcoordinateprojects/fullcoordinateprojects/refs/heads/main/11/images/Panda Wallpaper Flower Wallpaper 16.jpg",
    "categories": "Flower Wallpaper",
    "premium": true
  },
  {
    "name": "Flower Wallpaper",
    "url": "https://raw.githubusercontent.com/Fullcoordinateprojects/fullcoordinateprojects/refs/heads/main/11/images/Panda Wallpaper Flower Wallpaper 3.jpg",
    "previewUrl": "https://raw.githubusercontent.com/Fullcoordinateprojects/fullcoordinateprojects/refs/heads/main/11/images/Panda Wallpaper Flower Wallpaper 3.jpg",
    "categories": "Flower Wallpaper",
    "premium": true
  },
  {
    "name": "Flower Wallpaper",
    "url": "https://raw.githubusercontent.com/Fullcoordinateprojects/fullcoordinateprojects/refs/heads/main/11/images/Panda Wallpaper Flower Wallpaper 17.jpg",
    "previewUrl": "https://raw.githubusercontent.com/Fullcoordinateprojects/fullcoordinateprojects/refs/heads/main/11/images/Panda Wallpaper Flower Wallpaper 17.jpg",
    "categories": "Flower Wallpaper",
    "premium": true
  },
  {
    "name": "Flower Wallpaper",
    "url": "https://raw.githubusercontent.com/Fullcoordinateprojects/fullcoordinateprojects/refs/heads/main/11/images/Panda Wallpaper Flower Wallpaper 18.jpg",
    "previewUrl": "https://raw.githubusercontent.com/Fullcoordinateprojects/fullcoordinateprojects/refs/heads/main/11/images/Panda Wallpaper Flower Wallpaper 18.jpg",
    "categories": "Flower Wallpaper",
    "premium": true
  },
  {
    "name": "Flower Wallpaper",
    "url": "https://raw.githubusercontent.com/Fullcoordinateprojects/fullcoordinateprojects/refs/heads/main/11/images/Panda Wallpaper Flower Wallpaper 19.jpg",
    "previewUrl": "https://raw.githubusercontent.com/Fullcoordinateprojects/fullcoordinateprojects/refs/heads/main/11/images/Panda Wallpaper Flower Wallpaper 19.jpg",
    "categories": "Flower Wallpaper",
    "premium": true
  },
  {
    "name": "Flower Wallpaper",
    "url": "https://raw.githubusercontent.com/Fullcoordinateprojects/fullcoordinateprojects/refs/heads/main/11/images/Panda Wallpaper Flower Wallpaper 20.jpg",
    "previewUrl": "https://raw.githubusercontent.com/Fullcoordinateprojects/fullcoordinateprojects/refs/heads/main/11/images/Panda Wallpaper Flower Wallpaper 20.jpg",
    "categories": "Flower Wallpaper",
    "premium": true
  },
    {
    "name": "Flower Wallpaper",
    "url": "https://raw.githubusercontent.com/Fullcoordinateprojects/fullcoordinateprojects/refs/heads/main/11/images/Panda Wallpaper Flower Wallpaper 21.jpg",
    "previewUrl": "https://raw.githubusercontent.com/Fullcoordinateprojects/fullcoordinateprojects/refs/heads/main/11/images/Panda Wallpaper Flower Wallpaper 21.jpg",
    "categories": "Flower Wallpaper",
    "premium": true
  },
  {
    "name": "Flower Wallpaper",
    "url": "https://raw.githubusercontent.com/Fullcoordinateprojects/fullcoordinateprojects/refs/heads/main/11/images/Panda Wallpaper Flower Wallpaper 1.jpg",
    "previewUrl": "https://raw.githubusercontent.com/Fullcoordinateprojects/fullcoordinateprojects/refs/heads/main/11/images/Panda Wallpaper Flower Wallpaper 1.jpg",
    "categories": "Flower Wallpaper",
    "premium": true
  },
  {
    "name": "Flower Wallpaper",
    "url": "https://raw.githubusercontent.com/Fullcoordinateprojects/fullcoordinateprojects/refs/heads/main/11/images/Panda Wallpaper Flower Wallpaper 2.jpg",
    "previewUrl": "https://raw.githubusercontent.com/Fullcoordinateprojects/fullcoordinateprojects/refs/heads/main/11/images/Panda Wallpaper Flower Wallpaper 2.jpg",
    "categories": "Flower Wallpaper",
    "premium": true
  },
  {
    "name": "Flower Wallpaper",
    "url": "https://raw.githubusercontent.com/Fullcoordinateprojects/fullcoordinateprojects/refs/heads/main/11/images/Panda Wallpaper Flower Wallpaper 4.jpg",
    "previewUrl": "https://raw.githubusercontent.com/Fullcoordinateprojects/fullcoordinateprojects/refs/heads/main/11/images/Panda Wallpaper Flower Wallpaper 4.jpg",
    "categories": "Flower Wallpaper",
    "premium": true
  },
  {
    "name": "Flower Wallpaper",
    "url": "https://raw.githubusercontent.com/Fullcoordinateprojects/fullcoordinateprojects/refs/heads/main/11/images/Panda Wallpaper Flower Wallpaper 5.jpg",
    "previewUrl": "https://raw.githubusercontent.com/Fullcoordinateprojects/fullcoordinateprojects/refs/heads/main/11/images/Panda Wallpaper Flower Wallpaper 5.jpg",
    "categories": "Flower Wallpaper",
    "premium": true
  },
  {
    "name": "Flower Wallpaper",
    "url": "https://raw.githubusercontent.com/Fullcoordinateprojects/fullcoordinateprojects/refs/heads/main/11/images/Panda Wallpaper Flower Wallpaper 6.jpg",
    "previewUrl": "https://raw.githubusercontent.com/Fullcoordinateprojects/fullcoordinateprojects/refs/heads/main/11/images/Panda Wallpaper Flower Wallpaper 6.jpg",
    "categories": "Flower Wallpaper",
    "premium": true
  },
  {
    "name": "Flower Wallpaper",
    "url": "https://raw.githubusercontent.com/Fullcoordinateprojects/fullcoordinateprojects/refs/heads/main/11/images/Panda Wallpaper Flower Wallpaper 22.jpg",
    "previewUrl": "https://raw.githubusercontent.com/Fullcoordinateprojects/fullcoordinateprojects/refs/heads/main/11/images/Panda Wallpaper Flower Wallpaper 22.jpg",
    "categories": "Flower Wallpaper",
    "premium": true
  },
  {
    "name": "Flower Wallpaper",
    "url": "https://raw.githubusercontent.com/Fullcoordinateprojects/fullcoordinateprojects/refs/heads/main/11/images/Panda Wallpaper Flower Wallpaper 23.jpg",
    "previewUrl": "https://raw.githubusercontent.com/Fullcoordinateprojects/fullcoordinateprojects/refs/heads/main/11/images/Panda Wallpaper Flower Wallpaper 23.jpg",
    "categories": "Flower Wallpaper",
    "premium": true
  },
  {
    "name": "Flower Wallpaper",
    "url": "https://raw.githubusercontent.com/Fullcoordinateprojects/fullcoordinateprojects/refs/heads/main/11/images/Panda Wallpaper Flower Wallpaper 24.jpg",
    "previewUrl": "https://raw.githubusercontent.com/Fullcoordinateprojects/fullcoordinateprojects/refs/heads/main/11/images/Panda Wallpaper Flower Wallpaper 24.jpg",
    "categories": "Flower Wallpaper",
    "premium": true
  },
  {
    "name": "Flower Wallpaper",
    "url": "https://raw.githubusercontent.com/Fullcoordinateprojects/fullcoordinateprojects/refs/heads/main/11/images/Panda Wallpaper Flower Wallpaper 25.jpg",
    "previewUrl": "https://raw.githubusercontent.com/Fullcoordinateprojects/fullcoordinateprojects/refs/heads/main/11/images/Panda Wallpaper Flower Wallpaper 25.jpg",
    "categories": "Flower Wallpaper",
    "premium": true
  },
  {
    "name": "Flower Wallpaper",
    "url": "https://raw.githubusercontent.com/Fullcoordinateprojects/fullcoordinateprojects/refs/heads/main/11/images/Panda Wallpaper Flower Wallpaper 26.jpg",
    "previewUrl": "https://raw.githubusercontent.com/Fullcoordinateprojects/fullcoordinateprojects/refs/heads/main/11/images/Panda Wallpaper Flower Wallpaper 26.jpg",
    "categories": "Flower Wallpaper",
    "premium": true
  },
  {
    "name": "Flower Wallpaper",
    "url": "https://raw.githubusercontent.com/Fullcoordinateprojects/fullcoordinateprojects/refs/heads/main/11/images/Panda Wallpaper Flower Wallpaper 28.jpg",
    "previewUrl": "https://raw.githubusercontent.com/Fullcoordinateprojects/fullcoordinateprojects/refs/heads/main/11/images/Panda Wallpaper Flower Wallpaper 28.jpg",
    "categories": "Flower Wallpaper",
    "premium": true
  },
  {
    "name": "Flower Wallpaper",
    "url": "https://raw.githubusercontent.com/Fullcoordinateprojects/fullcoordinateprojects/refs/heads/main/11/images/Panda Wallpaper Flower Wallpaper 29.jpg",
    "previewUrl": "https://raw.githubusercontent.com/Fullcoordinateprojects/fullcoordinateprojects/refs/heads/main/11/images/Panda Wallpaper Flower Wallpaper 29.jpg",
    "categories": "Flower Wallpaper",
    "premium": true
  },
  {
    "name": "Flower Wallpaper",
    "url": "https://raw.githubusercontent.com/Fullcoordinateprojects/fullcoordinateprojects/refs/heads/main/11/images/Panda Wallpaper Flower Wallpaper 30.jpg",
    "previewUrl": "https://raw.githubusercontent.com/Fullcoordinateprojects/fullcoordinateprojects/refs/heads/main/11/images/Panda Wallpaper Flower Wallpaper 30.jpg",
    "categories": "Flower Wallpaper",
    "premium": true
  },
  {
    "name": "Flower Wallpaper",
    "url": "https://raw.githubusercontent.com/Fullcoordinateprojects/fullcoordinateprojects/refs/heads/main/11/images/Panda Wallpaper Flower Wallpaper 31.jpg",
    "previewUrl": "https://raw.githubusercontent.com/Fullcoordinateprojects/fullcoordinateprojects/refs/heads/main/11/images/Panda Wallpaper Flower Wallpaper 31.jpg",
    "categories": "Flower Wallpaper",
    "premium": true
  },
  {
    "name": "Flower Wallpaper",
    "url": "https://raw.githubusercontent.com/Fullcoordinateprojects/fullcoordinateprojects/refs/heads/main/11/images/Panda Wallpaper Flower Wallpaper 32.jpg",
    "previewUrl": "https://raw.githubusercontent.com/Fullcoordinateprojects/fullcoordinateprojects/refs/heads/main/11/images/Panda Wallpaper Flower Wallpaper 32.jpg",
    "categories": "Flower Wallpaper",
    "premium": true
  },
  {
    "name": "Flower Wallpaper",
    "url": "https://raw.githubusercontent.com/Fullcoordinateprojects/fullcoordinateprojects/refs/heads/main/11/images/Panda Wallpaper Flower Wallpaper 33.jpg",
    "previewUrl": "https://raw.githubusercontent.com/Fullcoordinateprojects/fullcoordinateprojects/refs/heads/main/11/images/Panda Wallpaper Flower Wallpaper 33.jpg",
    "categories": "Flower Wallpaper",
    "premium": true
  },
  {
    "name": "Flower Wallpaper",
    "url": "https://raw.githubusercontent.com/Fullcoordinateprojects/fullcoordinateprojects/refs/heads/main/11/images/Panda Wallpaper Flower Wallpaper 34.jpg",
    "previewUrl": "https://raw.githubusercontent.com/Fullcoordinateprojects/fullcoordinateprojects/refs/heads/main/11/images/Panda Wallpaper Flower Wallpaper 34.jpg",
    "categories": "Flower Wallpaper",
    "premium": true
  },
  {
    "name": "Flower Wallpaper",
    "url": "https://raw.githubusercontent.com/Fullcoordinateprojects/fullcoordinateprojects/refs/heads/main/11/images/Panda Wallpaper Flower Wallpaper 35.jpg",
    "previewUrl": "https://raw.githubusercontent.com/Fullcoordinateprojects/fullcoordinateprojects/refs/heads/main/11/images/Panda Wallpaper Flower Wallpaper 35.jpg",
    "categories": "Flower Wallpaper",
    "premium": true
  },
  {
    "name": "Flower Wallpaper",
    "url": "https://raw.githubusercontent.com/Fullcoordinateprojects/fullcoordinateprojects/refs/heads/main/11/images/Panda Wallpaper Flower Wallpaper 36.jpg",
    "previewUrl": "https://raw.githubusercontent.com/Fullcoordinateprojects/fullcoordinateprojects/refs/heads/main/11/images/Panda Wallpaper Flower Wallpaper 36.jpg",
    "categories": "Flower Wallpaper",
    "premium": true
  },
  {
    "name": "Flower Wallpaper",
    "url": "https://raw.githubusercontent.com/Fullcoordinateprojects/fullcoordinateprojects/refs/heads/main/11/images/Panda Wallpaper Flower Wallpaper 37.jpg",
    "previewUrl": "https://raw.githubusercontent.com/Fullcoordinateprojects/fullcoordinateprojects/refs/heads/main/11/images/Panda Wallpaper Flower Wallpaper 37.jpg",
    "categories": "Flower Wallpaper",
    "premium": true
  },
  {
    "name": "Flower Wallpaper",
    "url": "https://raw.githubusercontent.com/Fullcoordinateprojects/fullcoordinateprojects/refs/heads/main/11/images/Panda Wallpaper Flower Wallpaper 38.jpg",
    "previewUrl": "https://raw.githubusercontent.com/Fullcoordinateprojects/fullcoordinateprojects/refs/heads/main/11/images/Panda Wallpaper Flower Wallpaper 38.jpg",
    "categories": "Flower Wallpaper",
    "premium": true
  },
  {
    "name": "Flower Wallpaper",
    "url": "https://raw.githubusercontent.com/Fullcoordinateprojects/fullcoordinateprojects/refs/heads/main/11/images/Panda Wallpaper Flower Wallpaper 39.jpg",
    "previewUrl": "https://raw.githubusercontent.com/Fullcoordinateprojects/fullcoordinateprojects/refs/heads/main/11/images/Panda Wallpaper Flower Wallpaper 39.jpg",
    "categories": "Flower Wallpaper",
    "premium": true
  },
  {
    "name": "Flower Wallpaper",
    "url": "https://raw.githubusercontent.com/Fullcoordinateprojects/fullcoordinateprojects/refs/heads/main/11/images/Panda Wallpaper Flower Wallpaper 40.jpg",
    "previewUrl": "https://raw.githubusercontent.com/Fullcoordinateprojects/fullcoordinateprojects/refs/heads/main/11/images/Panda Wallpaper Flower Wallpaper 40.jpg",
    "categories": "Flower Wallpaper",
    "premium": true
  },
  {
    "name": "Flower Wallpaper",
    "url": "https://raw.githubusercontent.com/Fullcoordinateprojects/fullcoordinateprojects/refs/heads/main/11/images/Panda Wallpaper Flower Wallpaper 41.jpg",
    "previewUrl": "https://raw.githubusercontent.com/Fullcoordinateprojects/fullcoordinateprojects/refs/heads/main/11/images/Panda Wallpaper Flower Wallpaper 41.jpg",
    "categories": "Flower Wallpaper",
    "premium": true
  },
  {
    "name": "Flower Wallpaper",
    "url": "https://raw.githubusercontent.com/Fullcoordinateprojects/fullcoordinateprojects/refs/heads/main/11/images/Panda Wallpaper Flower Wallpaper 42.jpg",
    "previewUrl": "https://raw.githubusercontent.com/Fullcoordinateprojects/fullcoordinateprojects/refs/heads/main/11/images/Panda Wallpaper Flower Wallpaper 42.jpg",
    "categories": "Flower Wallpaper",
    "premium": true
  },
  {
    "name": "Flower Wallpaper",
    "url": "https://raw.githubusercontent.com/Fullcoordinateprojects/fullcoordinateprojects/refs/heads/main/11/images/Panda Wallpaper Flower Wallpaper 43.jpg",
    "previewUrl": "https://raw.githubusercontent.com/Fullcoordinateprojects/fullcoordinateprojects/refs/heads/main/11/images/Panda Wallpaper Flower Wallpaper 43.jpg",
    "categories": "Flower Wallpaper",
    "premium": true
  },
  {
    "name": "Flower Wallpaper",
    "url": "https://raw.githubusercontent.com/Fullcoordinateprojects/fullcoordinateprojects/refs/heads/main/11/images/Panda Wallpaper Flower Wallpaper 44.jpg",
    "previewUrl": "https://raw.githubusercontent.com/Fullcoordinateprojects/fullcoordinateprojects/refs/heads/main/11/images/Panda Wallpaper Flower Wallpaper 44.jpg",
    "categories": "Flower Wallpaper",
    "premium": true
  },
  {
    "name": "Flower Wallpaper",
    "url": "https://raw.githubusercontent.com/Fullcoordinateprojects/fullcoordinateprojects/refs/heads/main/11/images/Panda Wallpaper Flower Wallpaper 45.jpg",
    "previewUrl": "https://raw.githubusercontent.com/Fullcoordinateprojects/fullcoordinateprojects/refs/heads/main/11/images/Panda Wallpaper Flower Wallpaper 45.jpg",
    "categories": "Flower Wallpaper",
    "premium": true
  },
  {
    "name": "Flower Wallpaper",
    "url": "https://raw.githubusercontent.com/Fullcoordinateprojects/fullcoordinateprojects/refs/heads/main/11/images/Panda Wallpaper Flower Wallpaper 46.jpg",
    "previewUrl": "https://raw.githubusercontent.com/Fullcoordinateprojects/fullcoordinateprojects/refs/heads/main/11/images/Panda Wallpaper Flower Wallpaper 46.jpg",
    "categories": "Flower Wallpaper",
    "premium": true
  },
  {
    "name": "Flower Wallpaper",
    "url": "https://raw.githubusercontent.com/Fullcoordinateprojects/fullcoordinateprojects/refs/heads/main/11/images/Panda Wallpaper Flower Wallpaper 47.jpg",
    "previewUrl": "https://raw.githubusercontent.com/Fullcoordinateprojects/fullcoordinateprojects/refs/heads/main/11/images/Panda Wallpaper Flower Wallpaper 47.jpg",
    "categories": "Flower Wallpaper",
    "premium": true
  },
  {
    "name": "Flower Wallpaper",
    "url": "https://raw.githubusercontent.com/Fullcoordinateprojects/fullcoordinateprojects/refs/heads/main/11/images/Panda Wallpaper Flower Wallpaper 48.jpg",
    "previewUrl": "https://raw.githubusercontent.com/Fullcoordinateprojects/fullcoordinateprojects/refs/heads/main/11/images/Panda Wallpaper Flower Wallpaper 48.jpg",
    "categories": "Flower Wallpaper",
    "premium": true
  },
  {
    "name": "Flower Wallpaper",
    "url": "https://raw.githubusercontent.com/Fullcoordinateprojects/fullcoordinateprojects/refs/heads/main/11/images/Panda Wallpaper Flower Wallpaper 49.jpg",
    "previewUrl": "https://raw.githubusercontent.com/Fullcoordinateprojects/fullcoordinateprojects/refs/heads/main/11/images/Panda Wallpaper Flower Wallpaper 49.jpg",
    "categories": "Flower Wallpaper",
    "premium": true
  },
  {
    "name": "Flower Wallpaper",
    "url": "https://raw.githubusercontent.com/Fullcoordinateprojects/fullcoordinateprojects/refs/heads/main/11/images/Panda Wallpaper Flower Wallpaper 50.jpg",
    "previewUrl": "https://raw.githubusercontent.com/Fullcoordinateprojects/fullcoordinateprojects/refs/heads/main/11/images/Panda Wallpaper Flower Wallpaper 50.jpg",
    "categories": "Flower Wallpaper",
    "premium": true
  },
  {
    "name": "Flower Wallpaper",
    "url": "https://raw.githubusercontent.com/Fullcoordinateprojects/fullcoordinateprojects/refs/heads/main/11/images/Panda Wallpaper Flower Wallpaper 51.jpg",
    "previewUrl": "https://raw.githubusercontent.com/Fullcoordinateprojects/fullcoordinateprojects/refs/heads/main/11/images/Panda Wallpaper Flower Wallpaper 51.jpg",
    "categories": "Flower Wallpaper",
    "premium": true
  },
  {
    "name": "Flower Wallpaper",
    "url": "https://raw.githubusercontent.com/Fullcoordinateprojects/fullcoordinateprojects/refs/heads/main/11/images/Panda Wallpaper Flower Wallpaper 52.jpg",
    "previewUrl": "https://raw.githubusercontent.com/Fullcoordinateprojects/fullcoordinateprojects/refs/heads/main/11/images/Panda Wallpaper Flower Wallpaper 52.jpg",
    "categories": "Flower Wallpaper",
    "premium": true
  },
  {
    "name": "Flower Wallpaper",
    "url": "https://raw.githubusercontent.com/Fullcoordinateprojects/fullcoordinateprojects/refs/heads/main/11/images/Panda Wallpaper Flower Wallpaper 53.jpg",
    "previewUrl": "https://raw.githubusercontent.com/Fullcoordinateprojects/fullcoordinateprojects/refs/heads/main/11/images/Panda Wallpaper Flower Wallpaper 53.jpg",
    "categories": "Flower Wallpaper",
    "premium": true
  },
  {
    "name": "Flower Wallpaper",
    "url": "https://raw.githubusercontent.com/Fullcoordinateprojects/fullcoordinateprojects/refs/heads/main/11/images/Panda Wallpaper Flower Wallpaper 54.jpg",
    "previewUrl": "https://raw.githubusercontent.com/Fullcoordinateprojects/fullcoordinateprojects/refs/heads/main/11/images/Panda Wallpaper Flower Wallpaper 54.jpg",
    "categories": "Flower Wallpaper",
    "premium": true
  },
  {
    "name": "Flower Wallpaper",
    "url": "https://raw.githubusercontent.com/Fullcoordinateprojects/fullcoordinateprojects/refs/heads/main/11/images/Panda Wallpaper Flower Wallpaper 55.jpg",
    "previewUrl": "https://raw.githubusercontent.com/Fullcoordinateprojects/fullcoordinateprojects/refs/heads/main/11/images/Panda Wallpaper Flower Wallpaper 55.jpg",
    "categories": "Flower Wallpaper",
    "premium": true
  },
  {
    "name": "Flower Wallpaper",
    "url": "https://raw.githubusercontent.com/Fullcoordinateprojects/fullcoordinateprojects/refs/heads/main/11/images/Panda Wallpaper Flower Wallpaper 56.jpg",
    "previewUrl": "https://raw.githubusercontent.com/Fullcoordinateprojects/fullcoordinateprojects/refs/heads/main/11/images/Panda Wallpaper Flower Wallpaper 56.jpg",
    "categories": "Flower Wallpaper",
    "premium": true
  },
  {
    "name": "Flower Wallpaper",
    "url": "https://raw.githubusercontent.com/Fullcoordinateprojects/fullcoordinateprojects/refs/heads/main/11/images/Panda Wallpaper Flower Wallpaper 57.jpg",
    "previewUrl": "https://raw.githubusercontent.com/Fullcoordinateprojects/fullcoordinateprojects/refs/heads/main/11/images/Panda Wallpaper Flower Wallpaper 57.jpg",
    "categories": "Flower Wallpaper",
    "premium": true
  },
  {
    "name": "Flower Wallpaper",
    "url": "https://raw.githubusercontent.com/Fullcoordinateprojects/fullcoordinateprojects/refs/heads/main/11/images/Panda Wallpaper Flower Wallpaper 58.jpg",
    "previewUrl": "https://raw.githubusercontent.com/Fullcoordinateprojects/fullcoordinateprojects/refs/heads/main/11/images/Panda Wallpaper Flower Wallpaper 58.jpg",
    "categories": "Flower Wallpaper",
    "premium": true
  },
  {
    "name": "Flower Wallpaper",
    "url": "https://raw.githubusercontent.com/Fullcoordinateprojects/fullcoordinateprojects/refs/heads/main/11/images/Panda Wallpaper Flower Wallpaper 59.jpg",
    "previewUrl": "https://raw.githubusercontent.com/Fullcoordinateprojects/fullcoordinateprojects/refs/heads/main/11/images/Panda Wallpaper Flower Wallpaper 59.jpg",
    "categories": "Flower Wallpaper",
    "premium": true
  },
  {
    "name": "Flower Wallpaper",
    "url": "https://raw.githubusercontent.com/Fullcoordinateprojects/fullcoordinateprojects/refs/heads/main/11/images/Panda Wallpaper Flower Wallpaper 60.jpg",
    "previewUrl": "https://raw.githubusercontent.com/Fullcoordinateprojects/fullcoordinateprojects/refs/heads/main/11/images/Panda Wallpaper Flower Wallpaper 60.jpg",
    "categories": "Flower Wallpaper",
    "premium": true
  }
]