[
  {
    "name": "Purple Wallpaper",
    "url": "https://raw.githubusercontent.com/Fullcoordinateprojects/fullcoordinateprojects/refs/heads/main/4/images/Purple Wallpaper 1.jpg",
    "previewUrl": "https://raw.githubusercontent.com/Fullcoordinateprojects/fullcoordinateprojects/refs/heads/main/4/images/Purple Wallpaper 1.jpg",
    "categories": "Purple Wallpaper",
    "premium": false
  },
  {
    "name": "Purple Wallpaper",
    "url": "https://raw.githubusercontent.com/Fullcoordinateprojects/fullcoordinateprojects/refs/heads/main/4/images/Purple Wallpaper 2.jpg",
    "previewUrl": "https://raw.githubusercontent.com/Fullcoordinateprojects/fullcoordinateprojects/refs/heads/main/4/images/Purple Wallpaper 2.jpg",
    "categories": "Purple Wallpaper",
    "premium": false
  },
  {
    "name": "Purple Wallpaper",
    "url": "https://raw.githubusercontent.com/Fullcoordinateprojects/fullcoordinateprojects/refs/heads/main/4/images/Purple Wallpaper 3.jpg",
    "previewUrl": "https://raw.githubusercontent.com/Fullcoordinateprojects/fullcoordinateprojects/refs/heads/main/4/images/Purple Wallpaper 3.jpg",
    "categories": "Purple Wallpaper",
    "premium": false
  },
  {
    "name": "Purple Wallpaper",
    "url": "https://raw.githubusercontent.com/Fullcoordinateprojects/fullcoordinateprojects/refs/heads/main/4/images/Purple Wallpaper 4.jpg",
    "previewUrl": "https://raw.githubusercontent.com/Fullcoordinateprojects/fullcoordinateprojects/refs/heads/main/4/images/Purple Wallpaper 4.jpg",
    "categories": "Purple Wallpaper",
    "premium": false
  },
  {
    "name": "Purple Wallpaper",
    "url": "https://raw.githubusercontent.com/Fullcoordinateprojects/fullcoordinateprojects/refs/heads/main/4/images/Purple Wallpaper 5.jpg",
    "previewUrl": "https://raw.githubusercontent.com/Fullcoordinateprojects/fullcoordinateprojects/refs/heads/main/4/images/Purple Wallpaper 5.jpg",
    "categories": "Purple Wallpaper",
    "premium": false
  },
  {
    "name": "Purple Wallpaper",
    "url": "https://raw.githubusercontent.com/Fullcoordinateprojects/fullcoordinateprojects/refs/heads/main/4/images/Purple Wallpaper 6.jpg",
    "previewUrl": "https://raw.githubusercontent.com/Fullcoordinateprojects/fullcoordinateprojects/refs/heads/main/4/images/Purple Wallpaper 6.jpg",
    "categories": "Purple Wallpaper",
    "premium": false
  },
  {
    "name": "Purple Wallpaper",
    "url": "https://raw.githubusercontent.com/Fullcoordinateprojects/fullcoordinateprojects/refs/heads/main/4/images/Purple Wallpaper 7.jpg",
    "previewUrl": "https://raw.githubusercontent.com/Fullcoordinateprojects/fullcoordinateprojects/refs/heads/main/4/images/Purple Wallpaper 7.jpg",
    "categories": "Purple Wallpaper",
    "premium": false
  },
  {
    "name": "Purple Wallpaper",
    "url": "https://raw.githubusercontent.com/Fullcoordinateprojects/fullcoordinateprojects/refs/heads/main/4/images/Purple Wallpaper 8.jpg",
    "previewUrl": "https://raw.githubusercontent.com/Fullcoordinateprojects/fullcoordinateprojects/refs/heads/main/4/images/Purple Wallpaper 8.jpg",
    "categories": "Purple Wallpaper",
    "premium": false
  },
  {
    "name": "Purple Wallpaper",
    "url": "https://raw.githubusercontent.com/Fullcoordinateprojects/fullcoordinateprojects/refs/heads/main/4/images/Purple Wallpaper 9.jpg",
    "previewUrl": "https://raw.githubusercontent.com/Fullcoordinateprojects/fullcoordinateprojects/refs/heads/main/4/images/Purple Wallpaper 9.jpg",
    "categories": "Purple Wallpaper",
    "premium": false
  },
  {
    "name": "Purple Wallpaper",
    "url": "https://raw.githubusercontent.com/Fullcoordinateprojects/fullcoordinateprojects/refs/heads/main/4/images/Purple Wallpaper 10.jpg",
    "previewUrl": "https://raw.githubusercontent.com/Fullcoordinateprojects/fullcoordinateprojects/refs/heads/main/4/images/Purple Wallpaper 10.jpg",
    "categories": "Purple Wallpaper",
    "premium": false
  },
  {
    "name": "Purple Wallpaper",
    "url": "https://raw.githubusercontent.com/Fullcoordinateprojects/fullcoordinateprojects/refs/heads/main/4/images/Purple Wallpaper 11.jpg",
    "previewUrl": "https://raw.githubusercontent.com/Fullcoordinateprojects/fullcoordinateprojects/refs/heads/main/4/images/Purple Wallpaper 11.jpg",
    "categories": "Purple Wallpaper",
    "premium": false
  },
  {
    "name": "Purple Wallpaper",
    "url": "https://raw.githubusercontent.com/Fullcoordinateprojects/fullcoordinateprojects/refs/heads/main/4/images/Purple Wallpaper 12.jpg",
    "previewUrl": "https://raw.githubusercontent.com/Fullcoordinateprojects/fullcoordinateprojects/refs/heads/main/4/images/Purple Wallpaper 12.jpg",
    "categories": "Purple Wallpaper",
    "premium": false
  },
  {
    "name": "Purple Wallpaper",
    "url": "https://raw.githubusercontent.com/Fullcoordinateprojects/fullcoordinateprojects/refs/heads/main/4/images/Purple Wallpaper 13.jpg",
    "previewUrl": "https://raw.githubusercontent.com/Fullcoordinateprojects/fullcoordinateprojects/refs/heads/main/4/images/Purple Wallpaper 13.jpg",
    "categories": "Purple Wallpaper",
    "premium": false
  },
  {
    "name": "Purple Wallpaper",
    "url": "https://raw.githubusercontent.com/Fullcoordinateprojects/fullcoordinateprojects/refs/heads/main/4/images/Purple Wallpaper 14.jpg",
    "previewUrl": "https://raw.githubusercontent.com/Fullcoordinateprojects/fullcoordinateprojects/refs/heads/main/4/images/Purple Wallpaper 14.jpg",
    "categories": "Purple Wallpaper",
    "premium": false
  },
  {
    "name": "Purple Wallpaper",
    "url": "https://raw.githubusercontent.com/Fullcoordinateprojects/fullcoordinateprojects/refs/heads/main/4/images/Purple Wallpaper 15.jpg",
    "previewUrl": "https://raw.githubusercontent.com/Fullcoordinateprojects/fullcoordinateprojects/refs/heads/main/4/images/Purple Wallpaper 15.jpg",
    "categories": "Purple Wallpaper",
    "premium": false
  },
  {
    "name": "Purple Wallpaper",
    "url": "https://raw.githubusercontent.com/Fullcoordinateprojects/fullcoordinateprojects/refs/heads/main/4/images/Purple Wallpaper 16.jpg",
    "previewUrl": "https://raw.githubusercontent.com/Fullcoordinateprojects/fullcoordinateprojects/refs/heads/main/4/images/Purple Wallpaper 16.jpg",
    "categories": "Purple Wallpaper",
    "premium": false
  },
  {
    "name": "Purple Wallpaper",
    "url": "https://raw.githubusercontent.com/Fullcoordinateprojects/fullcoordinateprojects/refs/heads/main/4/images/Purple Wallpaper 17.jpg",
    "previewUrl": "https://raw.githubusercontent.com/Fullcoordinateprojects/fullcoordinateprojects/refs/heads/main/4/images/Purple Wallpaper 17.jpg",
    "categories": "Purple Wallpaper",
    "premium": false
  },
  {
    "name": "Purple Wallpaper",
    "url": "https://raw.githubusercontent.com/Fullcoordinateprojects/fullcoordinateprojects/refs/heads/main/4/images/Purple Wallpaper 18.jpg",
    "previewUrl": "https://raw.githubusercontent.com/Fullcoordinateprojects/fullcoordinateprojects/refs/heads/main/4/images/Purple Wallpaper 18.jpg",
    "categories": "Purple Wallpaper",
    "premium": false
  },
  {
    "name": "Purple Wallpaper",
    "url": "https://raw.githubusercontent.com/Fullcoordinateprojects/fullcoordinateprojects/refs/heads/main/4/images/Purple Wallpaper 19.jpg",
    "previewUrl": "https://raw.githubusercontent.com/Fullcoordinateprojects/fullcoordinateprojects/refs/heads/main/4/images/Purple Wallpaper 19.jpg",
    "categories": "Purple Wallpaper",
    "premium": false
  },
  {
    "name": "Purple Wallpaper",
    "url": "https://raw.githubusercontent.com/Fullcoordinateprojects/fullcoordinateprojects/refs/heads/main/4/images/Purple Wallpaper 20.jpg",
    "previewUrl": "https://raw.githubusercontent.com/Fullcoordinateprojects/fullcoordinateprojects/refs/heads/main/4/images/Purple Wallpaper 20.jpg",
    "categories": "Purple Wallpaper",
    "premium": false
  },
    {
    "name": "Purple Wallpaper",
    "url": "https://raw.githubusercontent.com/Fullcoordinateprojects/fullcoordinateprojects/refs/heads/main/4/images/Purple Wallpaper 21.jpg",
    "previewUrl": "https://raw.githubusercontent.com/Fullcoordinateprojects/fullcoordinateprojects/refs/heads/main/4/images/Purple Wallpaper 21.jpg",
    "categories": "Purple Wallpaper",
    "premium": false
  },
  {
    "name": "Purple Wallpaper",
    "url": "https://raw.githubusercontent.com/Fullcoordinateprojects/fullcoordinateprojects/refs/heads/main/4/images/Purple Wallpaper 22.jpg",
    "previewUrl": "https://raw.githubusercontent.com/Fullcoordinateprojects/fullcoordinateprojects/refs/heads/main/4/images/Purple Wallpaper 22.jpg",
    "categories": "Purple Wallpaper",
    "premium": false
  },
  {
    "name": "Purple Wallpaper",
    "url": "https://raw.githubusercontent.com/Fullcoordinateprojects/fullcoordinateprojects/refs/heads/main/4/images/Purple Wallpaper 23.jpg",
    "previewUrl": "https://raw.githubusercontent.com/Fullcoordinateprojects/fullcoordinateprojects/refs/heads/main/4/images/Purple Wallpaper 23.jpg",
    "categories": "Purple Wallpaper",
    "premium": false
  },
  {
    "name": "Purple Wallpaper",
    "url": "https://raw.githubusercontent.com/Fullcoordinateprojects/fullcoordinateprojects/refs/heads/main/4/images/Purple Wallpaper 24.jpg",
    "previewUrl": "https://raw.githubusercontent.com/Fullcoordinateprojects/fullcoordinateprojects/refs/heads/main/4/images/Purple Wallpaper 24.jpg",
    "categories": "Purple Wallpaper",
    "premium": false
  },
  {
    "name": "Purple Wallpaper",
    "url": "https://raw.githubusercontent.com/Fullcoordinateprojects/fullcoordinateprojects/refs/heads/main/4/images/Purple Wallpaper 25.jpg",
    "previewUrl": "https://raw.githubusercontent.com/Fullcoordinateprojects/fullcoordinateprojects/refs/heads/main/4/images/Purple Wallpaper 25.jpg",
    "categories": "Purple Wallpaper",
    "premium": false
  },
  {
    "name": "Purple Wallpaper",
    "url": "https://raw.githubusercontent.com/Fullcoordinateprojects/fullcoordinateprojects/refs/heads/main/4/images/Purple Wallpaper 26.jpg",
    "previewUrl": "https://raw.githubusercontent.com/Fullcoordinateprojects/fullcoordinateprojects/refs/heads/main/4/images/Purple Wallpaper 26.jpg",
    "categories": "Purple Wallpaper",
    "premium": false
  },
  {
    "name": "Purple Wallpaper",
    "url": "https://raw.githubusercontent.com/Fullcoordinateprojects/fullcoordinateprojects/refs/heads/main/4/images/Purple Wallpaper 27.jpg",
    "previewUrl": "https://raw.githubusercontent.com/Fullcoordinateprojects/fullcoordinateprojects/refs/heads/main/4/images/Purple Wallpaper 27.jpg",
    "categories": "Purple Wallpaper",
    "premium": false
  },
  {
    "name": "Purple Wallpaper",
    "url": "https://raw.githubusercontent.com/Fullcoordinateprojects/fullcoordinateprojects/refs/heads/main/4/images/Purple Wallpaper 28.jpg",
    "previewUrl": "https://raw.githubusercontent.com/Fullcoordinateprojects/fullcoordinateprojects/refs/heads/main/4/images/Purple Wallpaper 28.jpg",
    "categories": "Purple Wallpaper",
    "premium": false
  },
  {
    "name": "Purple Wallpaper",
    "url": "https://raw.githubusercontent.com/Fullcoordinateprojects/fullcoordinateprojects/refs/heads/main/4/images/Purple Wallpaper 29.jpg",
    "previewUrl": "https://raw.githubusercontent.com/Fullcoordinateprojects/fullcoordinateprojects/refs/heads/main/4/images/Purple Wallpaper 29.jpg",
    "categories": "Purple Wallpaper",
    "premium": false
  },
  {
    "name": "Purple Wallpaper",
    "url": "https://raw.githubusercontent.com/Fullcoordinateprojects/fullcoordinateprojects/refs/heads/main/4/images/Purple Wallpaper 30.jpg",
    "previewUrl": "https://raw.githubusercontent.com/Fullcoordinateprojects/fullcoordinateprojects/refs/heads/main/4/images/Purple Wallpaper 30.jpg",
    "categories": "Purple Wallpaper",
    "premium": false
  },
  {
    "name": "Purple Wallpaper",
    "url": "https://raw.githubusercontent.com/Fullcoordinateprojects/fullcoordinateprojects/refs/heads/main/4/images/Purple Wallpaper 31.jpg",
    "previewUrl": "https://raw.githubusercontent.com/Fullcoordinateprojects/fullcoordinateprojects/refs/heads/main/4/images/Purple Wallpaper 31.jpg",
    "categories": "Purple Wallpaper",
    "premium": false
  },
  {
    "name": "Purple Wallpaper",
    "url": "https://raw.githubusercontent.com/Fullcoordinateprojects/fullcoordinateprojects/refs/heads/main/4/images/Purple Wallpaper 32.jpg",
    "previewUrl": "https://raw.githubusercontent.com/Fullcoordinateprojects/fullcoordinateprojects/refs/heads/main/4/images/Purple Wallpaper 32.jpg",
    "categories": "Purple Wallpaper",
    "premium": false
  },
  {
    "name": "Purple Wallpaper",
    "url": "https://raw.githubusercontent.com/Fullcoordinateprojects/fullcoordinateprojects/refs/heads/main/4/images/Purple Wallpaper 33.jpg",
    "previewUrl": "https://raw.githubusercontent.com/Fullcoordinateprojects/fullcoordinateprojects/refs/heads/main/4/images/Purple Wallpaper 33.jpg",
    "categories": "Purple Wallpaper",
    "premium": false
  },
  {
    "name": "Purple Wallpaper",
    "url": "https://raw.githubusercontent.com/Fullcoordinateprojects/fullcoordinateprojects/refs/heads/main/4/images/Purple Wallpaper 34.jpg",
    "previewUrl": "https://raw.githubusercontent.com/Fullcoordinateprojects/fullcoordinateprojects/refs/heads/main/4/images/Purple Wallpaper 34.jpg",
    "categories": "Purple Wallpaper",
    "premium": false
  },
  {
    "name": "Purple Wallpaper",
    "url": "https://raw.githubusercontent.com/Fullcoordinateprojects/fullcoordinateprojects/refs/heads/main/4/images/Purple Wallpaper 35.jpg",
    "previewUrl": "https://raw.githubusercontent.com/Fullcoordinateprojects/fullcoordinateprojects/refs/heads/main/4/images/Purple Wallpaper 35.jpg",
    "categories": "Purple Wallpaper",
    "premium": false
  },
  {
    "name": "Purple Wallpaper",
    "url": "https://raw.githubusercontent.com/Fullcoordinateprojects/fullcoordinateprojects/refs/heads/main/4/images/Purple Wallpaper 36.jpg",
    "previewUrl": "https://raw.githubusercontent.com/Fullcoordinateprojects/fullcoordinateprojects/refs/heads/main/4/images/Purple Wallpaper 36.jpg",
    "categories": "Purple Wallpaper",
    "premium": false
  },
  {
    "name": "Purple Wallpaper",
    "url": "https://raw.githubusercontent.com/Fullcoordinateprojects/fullcoordinateprojects/refs/heads/main/4/images/Purple Wallpaper 37.jpg",
    "previewUrl": "https://raw.githubusercontent.com/Fullcoordinateprojects/fullcoordinateprojects/refs/heads/main/4/images/Purple Wallpaper 37.jpg",
    "categories": "Purple Wallpaper",
    "premium": false
  },
  {
    "name": "Purple Wallpaper",
    "url": "https://raw.githubusercontent.com/Fullcoordinateprojects/fullcoordinateprojects/refs/heads/main/4/images/Purple Wallpaper 38.jpg",
    "previewUrl": "https://raw.githubusercontent.com/Fullcoordinateprojects/fullcoordinateprojects/refs/heads/main/4/images/Purple Wallpaper 38.jpg",
    "categories": "Purple Wallpaper",
    "premium": false
  },
  {
    "name": "Purple Wallpaper",
    "url": "https://raw.githubusercontent.com/Fullcoordinateprojects/fullcoordinateprojects/refs/heads/main/4/images/Purple Wallpaper 39.jpg",
    "previewUrl": "https://raw.githubusercontent.com/Fullcoordinateprojects/fullcoordinateprojects/refs/heads/main/4/images/Purple Wallpaper 39.jpg",
    "categories": "Purple Wallpaper",
    "premium": false
  },
  {
    "name": "Purple Wallpaper",
    "url": "https://raw.githubusercontent.com/Fullcoordinateprojects/fullcoordinateprojects/refs/heads/main/4/images/Purple Wallpaper 40.jpg",
    "previewUrl": "https://raw.githubusercontent.com/Fullcoordinateprojects/fullcoordinateprojects/refs/heads/main/4/images/Purple Wallpaper 40.jpg",
    "categories": "Purple Wallpaper",
    "premium": false
  },
  {
    "name": "Purple Wallpaper",
    "url": "https://raw.githubusercontent.com/Fullcoordinateprojects/fullcoordinateprojects/refs/heads/main/4/images/Purple Wallpaper 41.jpg",
    "previewUrl": "https://raw.githubusercontent.com/Fullcoordinateprojects/fullcoordinateprojects/refs/heads/main/4/images/Purple Wallpaper 41.jpg",
    "categories": "Purple Wallpaper",
    "premium": false
  },
  {
    "name": "Purple Wallpaper",
    "url": "https://raw.githubusercontent.com/Fullcoordinateprojects/fullcoordinateprojects/refs/heads/main/4/images/Purple Wallpaper 42.jpg",
    "previewUrl": "https://raw.githubusercontent.com/Fullcoordinateprojects/fullcoordinateprojects/refs/heads/main/4/images/Purple Wallpaper 42.jpg",
    "categories": "Purple Wallpaper",
    "premium": false
  },
  {
    "name": "Purple Wallpaper",
    "url": "https://raw.githubusercontent.com/Fullcoordinateprojects/fullcoordinateprojects/refs/heads/main/4/images/Purple Wallpaper 43.jpg",
    "previewUrl": "https://raw.githubusercontent.com/Fullcoordinateprojects/fullcoordinateprojects/refs/heads/main/4/images/Purple Wallpaper 43.jpg",
    "categories": "Purple Wallpaper",
    "premium": false
  },
  {
    "name": "Purple Wallpaper",
    "url": "https://raw.githubusercontent.com/Fullcoordinateprojects/fullcoordinateprojects/refs/heads/main/4/images/Purple Wallpaper 44.jpg",
    "previewUrl": "https://raw.githubusercontent.com/Fullcoordinateprojects/fullcoordinateprojects/refs/heads/main/4/images/Purple Wallpaper 44.jpg",
    "categories": "Purple Wallpaper",
    "premium": false
  },
  {
    "name": "Purple Wallpaper",
    "url": "https://raw.githubusercontent.com/Fullcoordinateprojects/fullcoordinateprojects/refs/heads/main/4/images/Purple Wallpaper 45.jpg",
    "previewUrl": "https://raw.githubusercontent.com/Fullcoordinateprojects/fullcoordinateprojects/refs/heads/main/4/images/Purple Wallpaper 45.jpg",
    "categories": "Purple Wallpaper",
    "premium": false
  },
  {
    "name": "Purple Wallpaper",
    "url": "https://raw.githubusercontent.com/Fullcoordinateprojects/fullcoordinateprojects/refs/heads/main/4/images/Purple Wallpaper 46.jpg",
    "previewUrl": "https://raw.githubusercontent.com/Fullcoordinateprojects/fullcoordinateprojects/refs/heads/main/4/images/Purple Wallpaper 46.jpg",
    "categories": "Purple Wallpaper",
    "premium": false
  },
  {
    "name": "Purple Wallpaper",
    "url": "https://raw.githubusercontent.com/Fullcoordinateprojects/fullcoordinateprojects/refs/heads/main/4/images/Purple Wallpaper 47.jpg",
    "previewUrl": "https://raw.githubusercontent.com/Fullcoordinateprojects/fullcoordinateprojects/refs/heads/main/4/images/Purple Wallpaper 47.jpg",
    "categories": "Purple Wallpaper",
    "premium": false
  },
  {
    "name": "Purple Wallpaper",
    "url": "https://raw.githubusercontent.com/Fullcoordinateprojects/fullcoordinateprojects/refs/heads/main/4/images/Purple Wallpaper 48.jpg",
    "previewUrl": "https://raw.githubusercontent.com/Fullcoordinateprojects/fullcoordinateprojects/refs/heads/main/4/images/Purple Wallpaper 48.jpg",
    "categories": "Purple Wallpaper",
    "premium": false
  },
  {
    "name": "Purple Wallpaper",
    "url": "https://raw.githubusercontent.com/Fullcoordinateprojects/fullcoordinateprojects/refs/heads/main/4/images/Purple Wallpaper 49.jpg",
    "previewUrl": "https://raw.githubusercontent.com/Fullcoordinateprojects/fullcoordinateprojects/refs/heads/main/4/images/Purple Wallpaper 49.jpg",
    "categories": "Purple Wallpaper",
    "premium": false
  },
  {
    "name": "Purple Wallpaper",
    "url": "https://raw.githubusercontent.com/Fullcoordinateprojects/fullcoordinateprojects/refs/heads/main/4/images/Purple Wallpaper 50.jpg",
    "previewUrl": "https://raw.githubusercontent.com/Fullcoordinateprojects/fullcoordinateprojects/refs/heads/main/4/images/Purple Wallpaper 50.jpg",
    "categories": "Purple Wallpaper",
    "premium": false
  }
]