[  
  {
    "name": "Cute Wallpaper",
    "url": "https://raw.githubusercontent.com/Fullcoordinateprojects/fullcoordinateprojects/refs/heads/main/6/images/Cute Wallpaper 3.JPG",
    "previewUrl": "https://raw.githubusercontent.com/Fullcoordinateprojects/fullcoordinateprojects/refs/heads/main/6/images/Cute Wallpaper 3.JPG",
    "categories": "Cute Wallpaper",
    "premium": false
  },
  {
    "name": "Cute Wallpaper",
    "url": "https://raw.githubusercontent.com/Fullcoordinateprojects/fullcoordinateprojects/refs/heads/main/6/images/Cute Wallpaper 7.JPG",
    "previewUrl": "https://raw.githubusercontent.com/Fullcoordinateprojects/fullcoordinateprojects/refs/heads/main/6/images/Cute Wallpaper 7.JPG",
    "categories": "Cute Wallpaper",
    "premium": false
  },
  {
    "name": "Cute Wallpaper",
    "url": "https://raw.githubusercontent.com/Fullcoordinateprojects/fullcoordinateprojects/refs/heads/main/6/images/Cute Wallpaper 8.JPG",
    "previewUrl": "https://raw.githubusercontent.com/Fullcoordinateprojects/fullcoordinateprojects/refs/heads/main/6/images/Cute Wallpaper 8.JPG",
    "categories": "Cute Wallpaper",
    "premium": false
  },
  {
    "name": "Cute Wallpaper",
    "url": "https://raw.githubusercontent.com/Fullcoordinateprojects/fullcoordinateprojects/refs/heads/main/6/images/Cute Wallpaper 9.JPG",
    "previewUrl": "https://raw.githubusercontent.com/Fullcoordinateprojects/fullcoordinateprojects/refs/heads/main/6/images/Cute Wallpaper 9.JPG",
    "categories": "Cute Wallpaper",
    "premium": false
  },
  {
    "name": "Cute Wallpaper",
    "url": "https://raw.githubusercontent.com/Fullcoordinateprojects/fullcoordinateprojects/refs/heads/main/6/images/Cute Wallpaper 10.JPG",
    "previewUrl": "https://raw.githubusercontent.com/Fullcoordinateprojects/fullcoordinateprojects/refs/heads/main/6/images/Cute Wallpaper 10.JPG",
    "categories": "Cute Wallpaper",
    "premium": false
  },
  {
    "name": "Cute Wallpaper",
    "url": "https://raw.githubusercontent.com/Fullcoordinateprojects/fullcoordinateprojects/refs/heads/main/6/images/Cute Wallpaper 11.JPG",
    "previewUrl": "https://raw.githubusercontent.com/Fullcoordinateprojects/fullcoordinateprojects/refs/heads/main/6/images/Cute Wallpaper 11.JPG",
    "categories": "Cute Wallpaper",
    "premium": false
  },
  {
    "name": "Cute Wallpaper",
    "url": "https://raw.githubusercontent.com/Fullcoordinateprojects/fullcoordinateprojects/refs/heads/main/6/images/Cute Wallpaper 12.JPG",
    "previewUrl": "https://raw.githubusercontent.com/Fullcoordinateprojects/fullcoordinateprojects/refs/heads/main/6/images/Cute Wallpaper 12.JPG",
    "categories": "Cute Wallpaper",
    "premium": false
  },
  {
    "name": "Cute Wallpaper",
    "url": "https://raw.githubusercontent.com/Fullcoordinateprojects/fullcoordinateprojects/refs/heads/main/6/images/Cute Wallpaper 13.JPG",
    "previewUrl": "https://raw.githubusercontent.com/Fullcoordinateprojects/fullcoordinateprojects/refs/heads/main/6/images/Cute Wallpaper 13.JPG",
    "categories": "Cute Wallpaper",
    "premium": false
  },
  {
    "name": "Cute Wallpaper",
    "url": "https://raw.githubusercontent.com/Fullcoordinateprojects/fullcoordinateprojects/refs/heads/main/6/images/Cute Wallpaper 14.JPG",
    "previewUrl": "https://raw.githubusercontent.com/Fullcoordinateprojects/fullcoordinateprojects/refs/heads/main/6/images/Cute Wallpaper 14.JPG",
    "categories": "Cute Wallpaper",
    "premium": false
  },
  {
    "name": "Cute Wallpaper",
    "url": "https://raw.githubusercontent.com/Fullcoordinateprojects/fullcoordinateprojects/refs/heads/main/6/images/Cute Wallpaper 15.JPG",
    "previewUrl": "https://raw.githubusercontent.com/Fullcoordinateprojects/fullcoordinateprojects/refs/heads/main/6/images/Cute Wallpaper 15.JPG",
    "categories": "Cute Wallpaper",
    "premium": false
  },
  {
    "name": "Cute Wallpaper",
    "url": "https://raw.githubusercontent.com/Fullcoordinateprojects/fullcoordinateprojects/refs/heads/main/6/images/Cute Wallpaper 16.JPG",
    "previewUrl": "https://raw.githubusercontent.com/Fullcoordinateprojects/fullcoordinateprojects/refs/heads/main/6/images/Cute Wallpaper 16.JPG",
    "categories": "Cute Wallpaper",
    "premium": false
  },
  {
    "name": "Cute Wallpaper",
    "url": "https://raw.githubusercontent.com/Fullcoordinateprojects/fullcoordinateprojects/refs/heads/main/6/images/Cute Wallpaper 17.JPG",
    "previewUrl": "https://raw.githubusercontent.com/Fullcoordinateprojects/fullcoordinateprojects/refs/heads/main/6/images/Cute Wallpaper 17.JPG",
    "categories": "Cute Wallpaper",
    "premium": false
  },
  {
    "name": "Cute Wallpaper",
    "url": "https://raw.githubusercontent.com/Fullcoordinateprojects/fullcoordinateprojects/refs/heads/main/6/images/Cute Wallpaper 18.JPG",
    "previewUrl": "https://raw.githubusercontent.com/Fullcoordinateprojects/fullcoordinateprojects/refs/heads/main/6/images/Cute Wallpaper 18.JPG",
    "categories": "Cute Wallpaper",
    "premium": false
  },
  {
    "name": "Cute Wallpaper",
    "url": "https://raw.githubusercontent.com/Fullcoordinateprojects/fullcoordinateprojects/refs/heads/main/6/images/Cute Wallpaper 19.JPG",
    "previewUrl": "https://raw.githubusercontent.com/Fullcoordinateprojects/fullcoordinateprojects/refs/heads/main/6/images/Cute Wallpaper 19.JPG",
    "categories": "Cute Wallpaper",
    "premium": false
  },
  {
    "name": "Cute Wallpaper",
    "url": "https://raw.githubusercontent.com/Fullcoordinateprojects/fullcoordinateprojects/refs/heads/main/6/images/Cute Wallpaper 20.JPG",
    "previewUrl": "https://raw.githubusercontent.com/Fullcoordinateprojects/fullcoordinateprojects/refs/heads/main/6/images/Cute Wallpaper 20.JPG",
    "categories": "Cute Wallpaper",
    "premium": false
  },
    {
    "name": "Cute Wallpaper",
    "url": "https://raw.githubusercontent.com/Fullcoordinateprojects/fullcoordinateprojects/refs/heads/main/6/images/Cute Wallpaper 21.JPG",
    "previewUrl": "https://raw.githubusercontent.com/Fullcoordinateprojects/fullcoordinateprojects/refs/heads/main/6/images/Cute Wallpaper 21.JPG",
    "categories": "Cute Wallpaper",
    "premium": false
  },
  {
    "name": "Cute Wallpaper",
    "url": "https://raw.githubusercontent.com/Fullcoordinateprojects/fullcoordinateprojects/refs/heads/main/6/images/Cute Wallpaper 1.JPG",
    "previewUrl": "https://raw.githubusercontent.com/Fullcoordinateprojects/fullcoordinateprojects/refs/heads/main/6/images/Cute Wallpaper 1.JPG",
    "categories": "Cute Wallpaper",
    "premium": false
  },
  {
    "name": "Cute Wallpaper",
    "url": "https://raw.githubusercontent.com/Fullcoordinateprojects/fullcoordinateprojects/refs/heads/main/6/images/Cute Wallpaper 2.JPG",
    "previewUrl": "https://raw.githubusercontent.com/Fullcoordinateprojects/fullcoordinateprojects/refs/heads/main/6/images/Cute Wallpaper 2.JPG",
    "categories": "Cute Wallpaper",
    "premium": false
  },
  {
    "name": "Cute Wallpaper",
    "url": "https://raw.githubusercontent.com/Fullcoordinateprojects/fullcoordinateprojects/refs/heads/main/6/images/Cute Wallpaper 4.JPG",
    "previewUrl": "https://raw.githubusercontent.com/Fullcoordinateprojects/fullcoordinateprojects/refs/heads/main/6/images/Cute Wallpaper 4.JPG",
    "categories": "Cute Wallpaper",
    "premium": false
  },
  {
    "name": "Cute Wallpaper",
    "url": "https://raw.githubusercontent.com/Fullcoordinateprojects/fullcoordinateprojects/refs/heads/main/6/images/Cute Wallpaper 5.JPG",
    "previewUrl": "https://raw.githubusercontent.com/Fullcoordinateprojects/fullcoordinateprojects/refs/heads/main/6/images/Cute Wallpaper 5.JPG",
    "categories": "Cute Wallpaper",
    "premium": false
  },
  {
    "name": "Cute Wallpaper",
    "url": "https://raw.githubusercontent.com/Fullcoordinateprojects/fullcoordinateprojects/refs/heads/main/6/images/Cute Wallpaper 6.JPG",
    "previewUrl": "https://raw.githubusercontent.com/Fullcoordinateprojects/fullcoordinateprojects/refs/heads/main/6/images/Cute Wallpaper 6.JPG",
    "categories": "Cute Wallpaper",
    "premium": false
  },
  {
    "name": "Cute Wallpaper",
    "url": "https://raw.githubusercontent.com/Fullcoordinateprojects/fullcoordinateprojects/refs/heads/main/6/images/Cute Wallpaper 22.JPG",
    "previewUrl": "https://raw.githubusercontent.com/Fullcoordinateprojects/fullcoordinateprojects/refs/heads/main/6/images/Cute Wallpaper 22.JPG",
    "categories": "Cute Wallpaper",
    "premium": false
  },
  {
    "name": "Cute Wallpaper",
    "url": "https://raw.githubusercontent.com/Fullcoordinateprojects/fullcoordinateprojects/refs/heads/main/6/images/Cute Wallpaper 23.JPG",
    "previewUrl": "https://raw.githubusercontent.com/Fullcoordinateprojects/fullcoordinateprojects/refs/heads/main/6/images/Cute Wallpaper 23.JPG",
    "categories": "Cute Wallpaper",
    "premium": false
  },
  {
    "name": "Cute Wallpaper",
    "url": "https://raw.githubusercontent.com/Fullcoordinateprojects/fullcoordinateprojects/refs/heads/main/6/images/Cute Wallpaper 24.JPG",
    "previewUrl": "https://raw.githubusercontent.com/Fullcoordinateprojects/fullcoordinateprojects/refs/heads/main/6/images/Cute Wallpaper 24.JPG",
    "categories": "Cute Wallpaper",
    "premium": false
  },
  {
    "name": "Cute Wallpaper",
    "url": "https://raw.githubusercontent.com/Fullcoordinateprojects/fullcoordinateprojects/refs/heads/main/6/images/Cute Wallpaper 25.JPG",
    "previewUrl": "https://raw.githubusercontent.com/Fullcoordinateprojects/fullcoordinateprojects/refs/heads/main/6/images/Cute Wallpaper 25.JPG",
    "categories": "Cute Wallpaper",
    "premium": false
  },
  {
    "name": "Cute Wallpaper",
    "url": "https://raw.githubusercontent.com/Fullcoordinateprojects/fullcoordinateprojects/refs/heads/main/6/images/Cute Wallpaper 26.JPG",
    "previewUrl": "https://raw.githubusercontent.com/Fullcoordinateprojects/fullcoordinateprojects/refs/heads/main/6/images/Cute Wallpaper 26.JPG",
    "categories": "Cute Wallpaper",
    "premium": false
  },
  {
    "name": "Cute Wallpaper",
    "url": "https://raw.githubusercontent.com/Fullcoordinateprojects/fullcoordinateprojects/refs/heads/main/6/images/Cute Wallpaper 27.JPG",
    "previewUrl": "https://raw.githubusercontent.com/Fullcoordinateprojects/fullcoordinateprojects/refs/heads/main/6/images/Cute Wallpaper 27.JPG",
    "categories": "Cute Wallpaper",
    "premium": false
  },
  {
    "name": "Cute Wallpaper",
    "url": "https://raw.githubusercontent.com/Fullcoordinateprojects/fullcoordinateprojects/refs/heads/main/6/images/Cute Wallpaper 28.JPG",
    "previewUrl": "https://raw.githubusercontent.com/Fullcoordinateprojects/fullcoordinateprojects/refs/heads/main/6/images/Cute Wallpaper 28.JPG",
    "categories": "Cute Wallpaper",
    "premium": false
  },
  {
    "name": "Cute Wallpaper",
    "url": "https://raw.githubusercontent.com/Fullcoordinateprojects/fullcoordinateprojects/refs/heads/main/6/images/Cute Wallpaper 29.JPG",
    "previewUrl": "https://raw.githubusercontent.com/Fullcoordinateprojects/fullcoordinateprojects/refs/heads/main/6/images/Cute Wallpaper 29.JPG",
    "categories": "Cute Wallpaper",
    "premium": false
  },
  {
    "name": "Cute Wallpaper",
    "url": "https://raw.githubusercontent.com/Fullcoordinateprojects/fullcoordinateprojects/refs/heads/main/6/images/Cute Wallpaper 30.jpg",
    "previewUrl": "https://raw.githubusercontent.com/Fullcoordinateprojects/fullcoordinateprojects/refs/heads/main/6/images/Cute Wallpaper 30.jpg",
    "categories": "Cute Wallpaper",
    "premium": false
  },
  {
    "name": "Cute Wallpaper",
    "url": "https://raw.githubusercontent.com/Fullcoordinateprojects/fullcoordinateprojects/refs/heads/main/6/images/Cute Wallpaper 31.JPG",
    "previewUrl": "https://raw.githubusercontent.com/Fullcoordinateprojects/fullcoordinateprojects/refs/heads/main/6/images/Cute Wallpaper 31.JPG",
    "categories": "Cute Wallpaper",
    "premium": false
  },
  {
    "name": "Cute Wallpaper",
    "url": "https://raw.githubusercontent.com/Fullcoordinateprojects/fullcoordinateprojects/refs/heads/main/6/images/Cute Wallpaper 32.JPG",
    "previewUrl": "https://raw.githubusercontent.com/Fullcoordinateprojects/fullcoordinateprojects/refs/heads/main/6/images/Cute Wallpaper 32.JPG",
    "categories": "Cute Wallpaper",
    "premium": false
  },
  {
    "name": "Cute Wallpaper",
    "url": "https://raw.githubusercontent.com/Fullcoordinateprojects/fullcoordinateprojects/refs/heads/main/6/images/Cute Wallpaper 33.JPG",
    "previewUrl": "https://raw.githubusercontent.com/Fullcoordinateprojects/fullcoordinateprojects/refs/heads/main/6/images/Cute Wallpaper 33.JPG",
    "categories": "Cute Wallpaper",
    "premium": false
  },
  {
    "name": "Cute Wallpaper",
    "url": "https://raw.githubusercontent.com/Fullcoordinateprojects/fullcoordinateprojects/refs/heads/main/6/images/Cute Wallpaper 34.JPG",
    "previewUrl": "https://raw.githubusercontent.com/Fullcoordinateprojects/fullcoordinateprojects/refs/heads/main/6/images/Cute Wallpaper 34.JPG",
    "categories": "Cute Wallpaper",
    "premium": false
  },
  {
    "name": "Cute Wallpaper",
    "url": "https://raw.githubusercontent.com/Fullcoordinateprojects/fullcoordinateprojects/refs/heads/main/6/images/Cute Wallpaper 35.JPG",
    "previewUrl": "https://raw.githubusercontent.com/Fullcoordinateprojects/fullcoordinateprojects/refs/heads/main/6/images/Cute Wallpaper 35.JPG",
    "categories": "Cute Wallpaper",
    "premium": false
  },
  {
    "name": "Cute Wallpaper",
    "url": "https://raw.githubusercontent.com/Fullcoordinateprojects/fullcoordinateprojects/refs/heads/main/6/images/Cute Wallpaper 36.JPG",
    "previewUrl": "https://raw.githubusercontent.com/Fullcoordinateprojects/fullcoordinateprojects/refs/heads/main/6/images/Cute Wallpaper 36.JPG",
    "categories": "Cute Wallpaper",
    "premium": false
  },
  {
    "name": "Cute Wallpaper",
    "url": "https://raw.githubusercontent.com/Fullcoordinateprojects/fullcoordinateprojects/refs/heads/main/6/images/Cute Wallpaper 37.JPG",
    "previewUrl": "https://raw.githubusercontent.com/Fullcoordinateprojects/fullcoordinateprojects/refs/heads/main/6/images/Cute Wallpaper 37.JPG",
    "categories": "Cute Wallpaper",
    "premium": false
  },
  {
    "name": "Cute Wallpaper",
    "url": "https://raw.githubusercontent.com/Fullcoordinateprojects/fullcoordinateprojects/refs/heads/main/6/images/Cute Wallpaper 38.JPG",
    "previewUrl": "https://raw.githubusercontent.com/Fullcoordinateprojects/fullcoordinateprojects/refs/heads/main/6/images/Cute Wallpaper 38.JPG",
    "categories": "Cute Wallpaper",
    "premium": false
  },
  {
    "name": "Cute Wallpaper",
    "url": "https://raw.githubusercontent.com/Fullcoordinateprojects/fullcoordinateprojects/refs/heads/main/6/images/Cute Wallpaper 39.JPG",
    "previewUrl": "https://raw.githubusercontent.com/Fullcoordinateprojects/fullcoordinateprojects/refs/heads/main/6/images/Cute Wallpaper 39.JPG",
    "categories": "Cute Wallpaper",
    "premium": false
  },
  {
    "name": "Cute Wallpaper",
    "url": "https://raw.githubusercontent.com/Fullcoordinateprojects/fullcoordinateprojects/refs/heads/main/6/images/Cute Wallpaper 40.jpg",
    "previewUrl": "https://raw.githubusercontent.com/Fullcoordinateprojects/fullcoordinateprojects/refs/heads/main/6/images/Cute Wallpaper 40.jpg",
    "categories": "Cute Wallpaper",
    "premium": false
  },
  {
    "name": "Cute Wallpaper",
    "url": "https://raw.githubusercontent.com/Fullcoordinateprojects/fullcoordinateprojects/refs/heads/main/6/images/Cute Wallpaper 41.JPG",
    "previewUrl": "https://raw.githubusercontent.com/Fullcoordinateprojects/fullcoordinateprojects/refs/heads/main/6/images/Cute Wallpaper 41.JPG",
    "categories": "Cute Wallpaper",
    "premium": false
  },
  {
    "name": "Cute Wallpaper",
    "url": "https://raw.githubusercontent.com/Fullcoordinateprojects/fullcoordinateprojects/refs/heads/main/6/images/Cute Wallpaper 42.JPG",
    "previewUrl": "https://raw.githubusercontent.com/Fullcoordinateprojects/fullcoordinateprojects/refs/heads/main/6/images/Cute Wallpaper 42.JPG",
    "categories": "Cute Wallpaper",
    "premium": false
  },
  {
    "name": "Cute Wallpaper",
    "url": "https://raw.githubusercontent.com/Fullcoordinateprojects/fullcoordinateprojects/refs/heads/main/6/images/Cute Wallpaper 43.JPG",
    "previewUrl": "https://raw.githubusercontent.com/Fullcoordinateprojects/fullcoordinateprojects/refs/heads/main/6/images/Cute Wallpaper 43.JPG",
    "categories": "Cute Wallpaper",
    "premium": false
  },
  {
    "name": "Cute Wallpaper",
    "url": "https://raw.githubusercontent.com/Fullcoordinateprojects/fullcoordinateprojects/refs/heads/main/6/images/Cute Wallpaper 44.JPG",
    "previewUrl": "https://raw.githubusercontent.com/Fullcoordinateprojects/fullcoordinateprojects/refs/heads/main/6/images/Cute Wallpaper 44.JPG",
    "categories": "Cute Wallpaper",
    "premium": false
  },
  {
    "name": "Cute Wallpaper",
    "url": "https://raw.githubusercontent.com/Fullcoordinateprojects/fullcoordinateprojects/refs/heads/main/6/images/Cute Wallpaper 45.JPG",
    "previewUrl": "https://raw.githubusercontent.com/Fullcoordinateprojects/fullcoordinateprojects/refs/heads/main/6/images/Cute Wallpaper 45.JPG",
    "categories": "Cute Wallpaper",
    "premium": false
  },
  {
    "name": "Cute Wallpaper",
    "url": "https://raw.githubusercontent.com/Fullcoordinateprojects/fullcoordinateprojects/refs/heads/main/6/images/Cute Wallpaper 46.JPG",
    "previewUrl": "https://raw.githubusercontent.com/Fullcoordinateprojects/fullcoordinateprojects/refs/heads/main/6/images/Cute Wallpaper 46.JPG",
    "categories": "Cute Wallpaper",
    "premium": false
  },
  {
    "name": "Cute Wallpaper",
    "url": "https://raw.githubusercontent.com/Fullcoordinateprojects/fullcoordinateprojects/refs/heads/main/6/images/Cute Wallpaper 47.jpg",
    "previewUrl": "https://raw.githubusercontent.com/Fullcoordinateprojects/fullcoordinateprojects/refs/heads/main/6/images/Cute Wallpaper 47.jpg",
    "categories": "Cute Wallpaper",
    "premium": false
  },
  {
    "name": "Cute Wallpaper",
    "url": "https://raw.githubusercontent.com/Fullcoordinateprojects/fullcoordinateprojects/refs/heads/main/6/images/Cute Wallpaper 48.jpg",
    "previewUrl": "https://raw.githubusercontent.com/Fullcoordinateprojects/fullcoordinateprojects/refs/heads/main/6/images/Cute Wallpaper 48.jpg",
    "categories": "Cute Wallpaper",
    "premium": false
  },
  {
    "name": "Cute Wallpaper",
    "url": "https://raw.githubusercontent.com/Fullcoordinateprojects/fullcoordinateprojects/refs/heads/main/6/images/Cute Wallpaper 49.JPG",
    "previewUrl": "https://raw.githubusercontent.com/Fullcoordinateprojects/fullcoordinateprojects/refs/heads/main/6/images/Cute Wallpaper 49.JPG",
    "categories": "Cute Wallpaper",
    "premium": false
  },
  {
    "name": "Cute Wallpaper",
    "url": "https://raw.githubusercontent.com/Fullcoordinateprojects/fullcoordinateprojects/refs/heads/main/6/images/Cute Wallpaper 50.jpg",
    "previewUrl": "https://raw.githubusercontent.com/Fullcoordinateprojects/fullcoordinateprojects/refs/heads/main/6/images/Cute Wallpaper 50.jpg",
    "categories": "Cute Wallpaper",
    "premium": false
  }
]