[  
  {
    "name": "Cute Wallpaper",
    "url": "https://raw.githubusercontent.com/Fullcoordinateprojects/fullcoordinateprojects/refs/heads/main/6/images/Cute Wallpaper 3.jpg",
    "previewUrl": "https://raw.githubusercontent.com/Fullcoordinateprojects/fullcoordinateprojects/refs/heads/main/6/images/Cute Wallpaper 3.jpg",
    "categories": "Cute Wallpaper",
    "premium": false
  },
  {
    "name": "Cute Wallpaper",
    "url": "https://raw.githubusercontent.com/Fullcoordinateprojects/fullcoordinateprojects/refs/heads/main/6/images/Cute Wallpaper 7.jpg",
    "previewUrl": "https://raw.githubusercontent.com/Fullcoordinateprojects/fullcoordinateprojects/refs/heads/main/6/images/Cute Wallpaper 7.jpg",
    "categories": "Cute Wallpaper",
    "premium": false
  },
  {
    "name": "Cute Wallpaper",
    "url": "https://raw.githubusercontent.com/Fullcoordinateprojects/fullcoordinateprojects/refs/heads/main/6/images/Cute Wallpaper 8.jpg",
    "previewUrl": "https://raw.githubusercontent.com/Fullcoordinateprojects/fullcoordinateprojects/refs/heads/main/6/images/Cute Wallpaper 8.jpg",
    "categories": "Cute Wallpaper",
    "premium": false
  },
  {
    "name": "Cute Wallpaper",
    "url": "https://raw.githubusercontent.com/Fullcoordinateprojects/fullcoordinateprojects/refs/heads/main/6/images/Cute Wallpaper 9.jpg",
    "previewUrl": "https://raw.githubusercontent.com/Fullcoordinateprojects/fullcoordinateprojects/refs/heads/main/6/images/Cute Wallpaper 9.jpg",
    "categories": "Cute Wallpaper",
    "premium": false
  },
  {
    "name": "Cute Wallpaper",
    "url": "https://raw.githubusercontent.com/Fullcoordinateprojects/fullcoordinateprojects/refs/heads/main/6/images/Cute Wallpaper 10.jpg",
    "previewUrl": "https://raw.githubusercontent.com/Fullcoordinateprojects/fullcoordinateprojects/refs/heads/main/6/images/Cute Wallpaper 10.jpg",
    "categories": "Cute Wallpaper",
    "premium": false
  },
  {
    "name": "Cute Wallpaper",
    "url": "https://raw.githubusercontent.com/Fullcoordinateprojects/fullcoordinateprojects/refs/heads/main/6/images/Cute Wallpaper 11.jpg",
    "previewUrl": "https://raw.githubusercontent.com/Fullcoordinateprojects/fullcoordinateprojects/refs/heads/main/6/images/Cute Wallpaper 11.jpg",
    "categories": "Cute Wallpaper",
    "premium": false
  },
  {
    "name": "Cute Wallpaper",
    "url": "https://raw.githubusercontent.com/Fullcoordinateprojects/fullcoordinateprojects/refs/heads/main/6/images/Cute Wallpaper 12.jpg",
    "previewUrl": "https://raw.githubusercontent.com/Fullcoordinateprojects/fullcoordinateprojects/refs/heads/main/6/images/Cute Wallpaper 12.jpg",
    "categories": "Cute Wallpaper",
    "premium": false
  },
  {
    "name": "Cute Wallpaper",
    "url": "https://raw.githubusercontent.com/Fullcoordinateprojects/fullcoordinateprojects/refs/heads/main/6/images/Cute Wallpaper 13.jpg",
    "previewUrl": "https://raw.githubusercontent.com/Fullcoordinateprojects/fullcoordinateprojects/refs/heads/main/6/images/Cute Wallpaper 13.jpg",
    "categories": "Cute Wallpaper",
    "premium": false
  },
  {
    "name": "Cute Wallpaper",
    "url": "https://raw.githubusercontent.com/Fullcoordinateprojects/fullcoordinateprojects/refs/heads/main/6/images/Cute Wallpaper 14.jpg",
    "previewUrl": "https://raw.githubusercontent.com/Fullcoordinateprojects/fullcoordinateprojects/refs/heads/main/6/images/Cute Wallpaper 14.jpg",
    "categories": "Cute Wallpaper",
    "premium": false
  },
  {
    "name": "Cute Wallpaper",
    "url": "https://raw.githubusercontent.com/Fullcoordinateprojects/fullcoordinateprojects/refs/heads/main/6/images/Cute Wallpaper 15.jpg",
    "previewUrl": "https://raw.githubusercontent.com/Fullcoordinateprojects/fullcoordinateprojects/refs/heads/main/6/images/Cute Wallpaper 15.jpg",
    "categories": "Cute Wallpaper",
    "premium": false
  },
  {
    "name": "Cute Wallpaper",
    "url": "https://raw.githubusercontent.com/Fullcoordinateprojects/fullcoordinateprojects/refs/heads/main/6/images/Cute Wallpaper 16.jpg",
    "previewUrl": "https://raw.githubusercontent.com/Fullcoordinateprojects/fullcoordinateprojects/refs/heads/main/6/images/Cute Wallpaper 16.jpg",
    "categories": "Cute Wallpaper",
    "premium": false
  },
  {
    "name": "Cute Wallpaper",
    "url": "https://raw.githubusercontent.com/Fullcoordinateprojects/fullcoordinateprojects/refs/heads/main/6/images/Cute Wallpaper 17.jpg",
    "previewUrl": "https://raw.githubusercontent.com/Fullcoordinateprojects/fullcoordinateprojects/refs/heads/main/6/images/Cute Wallpaper 17.jpg",
    "categories": "Cute Wallpaper",
    "premium": false
  },
  {
    "name": "Cute Wallpaper",
    "url": "https://raw.githubusercontent.com/Fullcoordinateprojects/fullcoordinateprojects/refs/heads/main/6/images/Cute Wallpaper 18.jpg",
    "previewUrl": "https://raw.githubusercontent.com/Fullcoordinateprojects/fullcoordinateprojects/refs/heads/main/6/images/Cute Wallpaper 18.jpg",
    "categories": "Cute Wallpaper",
    "premium": false
  },
  {
    "name": "Cute Wallpaper",
    "url": "https://raw.githubusercontent.com/Fullcoordinateprojects/fullcoordinateprojects/refs/heads/main/6/images/Cute Wallpaper 19.jpg",
    "previewUrl": "https://raw.githubusercontent.com/Fullcoordinateprojects/fullcoordinateprojects/refs/heads/main/6/images/Cute Wallpaper 19.jpg",
    "categories": "Cute Wallpaper",
    "premium": false
  },
  {
    "name": "Cute Wallpaper",
    "url": "https://raw.githubusercontent.com/Fullcoordinateprojects/fullcoordinateprojects/refs/heads/main/6/images/Cute Wallpaper 20.jpg",
    "previewUrl": "https://raw.githubusercontent.com/Fullcoordinateprojects/fullcoordinateprojects/refs/heads/main/6/images/Cute Wallpaper 20.jpg",
    "categories": "Cute Wallpaper",
    "premium": false
  },
    {
    "name": "Cute Wallpaper",
    "url": "https://raw.githubusercontent.com/Fullcoordinateprojects/fullcoordinateprojects/refs/heads/main/6/images/Cute Wallpaper 21.jpg",
    "previewUrl": "https://raw.githubusercontent.com/Fullcoordinateprojects/fullcoordinateprojects/refs/heads/main/6/images/Cute Wallpaper 21.jpg",
    "categories": "Cute Wallpaper",
    "premium": false
  },
  {
    "name": "Cute Wallpaper",
    "url": "https://raw.githubusercontent.com/Fullcoordinateprojects/fullcoordinateprojects/refs/heads/main/6/images/Cute Wallpaper 1.jpg",
    "previewUrl": "https://raw.githubusercontent.com/Fullcoordinateprojects/fullcoordinateprojects/refs/heads/main/6/images/Cute Wallpaper 1.jpg",
    "categories": "Cute Wallpaper",
    "premium": false
  },
  {
    "name": "Cute Wallpaper",
    "url": "https://raw.githubusercontent.com/Fullcoordinateprojects/fullcoordinateprojects/refs/heads/main/6/images/Cute Wallpaper 2.jpg",
    "previewUrl": "https://raw.githubusercontent.com/Fullcoordinateprojects/fullcoordinateprojects/refs/heads/main/6/images/Cute Wallpaper 2.jpg",
    "categories": "Cute Wallpaper",
    "premium": false
  },
  {
    "name": "Cute Wallpaper",
    "url": "https://raw.githubusercontent.com/Fullcoordinateprojects/fullcoordinateprojects/refs/heads/main/6/images/Cute Wallpaper 4.jpg",
    "previewUrl": "https://raw.githubusercontent.com/Fullcoordinateprojects/fullcoordinateprojects/refs/heads/main/6/images/Cute Wallpaper 4.jpg",
    "categories": "Cute Wallpaper",
    "premium": false
  },
  {
    "name": "Cute Wallpaper",
    "url": "https://raw.githubusercontent.com/Fullcoordinateprojects/fullcoordinateprojects/refs/heads/main/6/images/Cute Wallpaper 5.jpg",
    "previewUrl": "https://raw.githubusercontent.com/Fullcoordinateprojects/fullcoordinateprojects/refs/heads/main/6/images/Cute Wallpaper 5.jpg",
    "categories": "Cute Wallpaper",
    "premium": false
  },
  {
    "name": "Cute Wallpaper",
    "url": "https://raw.githubusercontent.com/Fullcoordinateprojects/fullcoordinateprojects/refs/heads/main/6/images/Cute Wallpaper 6.jpg",
    "previewUrl": "https://raw.githubusercontent.com/Fullcoordinateprojects/fullcoordinateprojects/refs/heads/main/6/images/Cute Wallpaper 6.jpg",
    "categories": "Cute Wallpaper",
    "premium": false
  },
  {
    "name": "Cute Wallpaper",
    "url": "https://raw.githubusercontent.com/Fullcoordinateprojects/fullcoordinateprojects/refs/heads/main/6/images/Cute Wallpaper 22.jpg",
    "previewUrl": "https://raw.githubusercontent.com/Fullcoordinateprojects/fullcoordinateprojects/refs/heads/main/6/images/Cute Wallpaper 22.jpg",
    "categories": "Cute Wallpaper",
    "premium": false
  },
  {
    "name": "Cute Wallpaper",
    "url": "https://raw.githubusercontent.com/Fullcoordinateprojects/fullcoordinateprojects/refs/heads/main/6/images/Cute Wallpaper 23.jpg",
    "previewUrl": "https://raw.githubusercontent.com/Fullcoordinateprojects/fullcoordinateprojects/refs/heads/main/6/images/Cute Wallpaper 23.jpg",
    "categories": "Cute Wallpaper",
    "premium": false
  },
  {
    "name": "Cute Wallpaper",
    "url": "https://raw.githubusercontent.com/Fullcoordinateprojects/fullcoordinateprojects/refs/heads/main/6/images/Cute Wallpaper 24.jpg",
    "previewUrl": "https://raw.githubusercontent.com/Fullcoordinateprojects/fullcoordinateprojects/refs/heads/main/6/images/Cute Wallpaper 24.jpg",
    "categories": "Cute Wallpaper",
    "premium": false
  },
  {
    "name": "Cute Wallpaper",
    "url": "https://raw.githubusercontent.com/Fullcoordinateprojects/fullcoordinateprojects/refs/heads/main/6/images/Cute Wallpaper 25.jpg",
    "previewUrl": "https://raw.githubusercontent.com/Fullcoordinateprojects/fullcoordinateprojects/refs/heads/main/6/images/Cute Wallpaper 25.jpg",
    "categories": "Cute Wallpaper",
    "premium": false
  },
  {
    "name": "Cute Wallpaper",
    "url": "https://raw.githubusercontent.com/Fullcoordinateprojects/fullcoordinateprojects/refs/heads/main/6/images/Cute Wallpaper 26.jpg",
    "previewUrl": "https://raw.githubusercontent.com/Fullcoordinateprojects/fullcoordinateprojects/refs/heads/main/6/images/Cute Wallpaper 26.jpg",
    "categories": "Cute Wallpaper",
    "premium": false
  },
  {
    "name": "Cute Wallpaper",
    "url": "https://raw.githubusercontent.com/Fullcoordinateprojects/fullcoordinateprojects/refs/heads/main/6/images/Cute Wallpaper 27.jpg",
    "previewUrl": "https://raw.githubusercontent.com/Fullcoordinateprojects/fullcoordinateprojects/refs/heads/main/6/images/Cute Wallpaper 27.jpg",
    "categories": "Cute Wallpaper",
    "premium": false
  },
  {
    "name": "Cute Wallpaper",
    "url": "https://raw.githubusercontent.com/Fullcoordinateprojects/fullcoordinateprojects/refs/heads/main/6/images/Cute Wallpaper 28.jpg",
    "previewUrl": "https://raw.githubusercontent.com/Fullcoordinateprojects/fullcoordinateprojects/refs/heads/main/6/images/Cute Wallpaper 28.jpg",
    "categories": "Cute Wallpaper",
    "premium": false
  },
  {
    "name": "Cute Wallpaper",
    "url": "https://raw.githubusercontent.com/Fullcoordinateprojects/fullcoordinateprojects/refs/heads/main/6/images/Cute Wallpaper 29.jpg",
    "previewUrl": "https://raw.githubusercontent.com/Fullcoordinateprojects/fullcoordinateprojects/refs/heads/main/6/images/Cute Wallpaper 29.jpg",
    "categories": "Cute Wallpaper",
    "premium": false
  },
  {
    "name": "Cute Wallpaper",
    "url": "https://raw.githubusercontent.com/Fullcoordinateprojects/fullcoordinateprojects/refs/heads/main/6/images/Cute Wallpaper 30.jpg",
    "previewUrl": "https://raw.githubusercontent.com/Fullcoordinateprojects/fullcoordinateprojects/refs/heads/main/6/images/Cute Wallpaper 30.jpg",
    "categories": "Cute Wallpaper",
    "premium": false
  },
  {
    "name": "Cute Wallpaper",
    "url": "https://raw.githubusercontent.com/Fullcoordinateprojects/fullcoordinateprojects/refs/heads/main/6/images/Cute Wallpaper 31.jpg",
    "previewUrl": "https://raw.githubusercontent.com/Fullcoordinateprojects/fullcoordinateprojects/refs/heads/main/6/images/Cute Wallpaper 31.jpg",
    "categories": "Cute Wallpaper",
    "premium": false
  },
  {
    "name": "Cute Wallpaper",
    "url": "https://raw.githubusercontent.com/Fullcoordinateprojects/fullcoordinateprojects/refs/heads/main/6/images/Cute Wallpaper 32.jpg",
    "previewUrl": "https://raw.githubusercontent.com/Fullcoordinateprojects/fullcoordinateprojects/refs/heads/main/6/images/Cute Wallpaper 32.jpg",
    "categories": "Cute Wallpaper",
    "premium": false
  },
  {
    "name": "Cute Wallpaper",
    "url": "https://raw.githubusercontent.com/Fullcoordinateprojects/fullcoordinateprojects/refs/heads/main/6/images/Cute Wallpaper 33.jpg",
    "previewUrl": "https://raw.githubusercontent.com/Fullcoordinateprojects/fullcoordinateprojects/refs/heads/main/6/images/Cute Wallpaper 33.jpg",
    "categories": "Cute Wallpaper",
    "premium": false
  },
  {
    "name": "Cute Wallpaper",
    "url": "https://raw.githubusercontent.com/Fullcoordinateprojects/fullcoordinateprojects/refs/heads/main/6/images/Cute Wallpaper 34.jpg",
    "previewUrl": "https://raw.githubusercontent.com/Fullcoordinateprojects/fullcoordinateprojects/refs/heads/main/6/images/Cute Wallpaper 34.jpg",
    "categories": "Cute Wallpaper",
    "premium": false
  },
  {
    "name": "Cute Wallpaper",
    "url": "https://raw.githubusercontent.com/Fullcoordinateprojects/fullcoordinateprojects/refs/heads/main/6/images/Cute Wallpaper 35.jpg",
    "previewUrl": "https://raw.githubusercontent.com/Fullcoordinateprojects/fullcoordinateprojects/refs/heads/main/6/images/Cute Wallpaper 35.jpg",
    "categories": "Cute Wallpaper",
    "premium": false
  },
  {
    "name": "Cute Wallpaper",
    "url": "https://raw.githubusercontent.com/Fullcoordinateprojects/fullcoordinateprojects/refs/heads/main/6/images/Cute Wallpaper 36.jpg",
    "previewUrl": "https://raw.githubusercontent.com/Fullcoordinateprojects/fullcoordinateprojects/refs/heads/main/6/images/Cute Wallpaper 36.jpg",
    "categories": "Cute Wallpaper",
    "premium": false
  },
  {
    "name": "Cute Wallpaper",
    "url": "https://raw.githubusercontent.com/Fullcoordinateprojects/fullcoordinateprojects/refs/heads/main/6/images/Cute Wallpaper 37.jpg",
    "previewUrl": "https://raw.githubusercontent.com/Fullcoordinateprojects/fullcoordinateprojects/refs/heads/main/6/images/Cute Wallpaper 37.jpg",
    "categories": "Cute Wallpaper",
    "premium": false
  },
  {
    "name": "Cute Wallpaper",
    "url": "https://raw.githubusercontent.com/Fullcoordinateprojects/fullcoordinateprojects/refs/heads/main/6/images/Cute Wallpaper 38.jpg",
    "previewUrl": "https://raw.githubusercontent.com/Fullcoordinateprojects/fullcoordinateprojects/refs/heads/main/6/images/Cute Wallpaper 38.jpg",
    "categories": "Cute Wallpaper",
    "premium": false
  },
  {
    "name": "Cute Wallpaper",
    "url": "https://raw.githubusercontent.com/Fullcoordinateprojects/fullcoordinateprojects/refs/heads/main/6/images/Cute Wallpaper 39.jpg",
    "previewUrl": "https://raw.githubusercontent.com/Fullcoordinateprojects/fullcoordinateprojects/refs/heads/main/6/images/Cute Wallpaper 39.jpg",
    "categories": "Cute Wallpaper",
    "premium": false
  },
  {
    "name": "Cute Wallpaper",
    "url": "https://raw.githubusercontent.com/Fullcoordinateprojects/fullcoordinateprojects/refs/heads/main/6/images/Cute Wallpaper 40.jpg",
    "previewUrl": "https://raw.githubusercontent.com/Fullcoordinateprojects/fullcoordinateprojects/refs/heads/main/6/images/Cute Wallpaper 40.jpg",
    "categories": "Cute Wallpaper",
    "premium": false
  },
  {
    "name": "Cute Wallpaper",
    "url": "https://raw.githubusercontent.com/Fullcoordinateprojects/fullcoordinateprojects/refs/heads/main/6/images/Cute Wallpaper 41.jpg",
    "previewUrl": "https://raw.githubusercontent.com/Fullcoordinateprojects/fullcoordinateprojects/refs/heads/main/6/images/Cute Wallpaper 41.jpg",
    "categories": "Cute Wallpaper",
    "premium": false
  },
  {
    "name": "Cute Wallpaper",
    "url": "https://raw.githubusercontent.com/Fullcoordinateprojects/fullcoordinateprojects/refs/heads/main/6/images/Cute Wallpaper 42.jpg",
    "previewUrl": "https://raw.githubusercontent.com/Fullcoordinateprojects/fullcoordinateprojects/refs/heads/main/6/images/Cute Wallpaper 42.jpg",
    "categories": "Cute Wallpaper",
    "premium": false
  },
  {
    "name": "Cute Wallpaper",
    "url": "https://raw.githubusercontent.com/Fullcoordinateprojects/fullcoordinateprojects/refs/heads/main/6/images/Cute Wallpaper 43.jpg",
    "previewUrl": "https://raw.githubusercontent.com/Fullcoordinateprojects/fullcoordinateprojects/refs/heads/main/6/images/Cute Wallpaper 43.jpg",
    "categories": "Cute Wallpaper",
    "premium": false
  },
  {
    "name": "Cute Wallpaper",
    "url": "https://raw.githubusercontent.com/Fullcoordinateprojects/fullcoordinateprojects/refs/heads/main/6/images/Cute Wallpaper 44.jpg",
    "previewUrl": "https://raw.githubusercontent.com/Fullcoordinateprojects/fullcoordinateprojects/refs/heads/main/6/images/Cute Wallpaper 44.jpg",
    "categories": "Cute Wallpaper",
    "premium": false
  },
  {
    "name": "Cute Wallpaper",
    "url": "https://raw.githubusercontent.com/Fullcoordinateprojects/fullcoordinateprojects/refs/heads/main/6/images/Cute Wallpaper 45.jpg",
    "previewUrl": "https://raw.githubusercontent.com/Fullcoordinateprojects/fullcoordinateprojects/refs/heads/main/6/images/Cute Wallpaper 45.jpg",
    "categories": "Cute Wallpaper",
    "premium": false
  },
  {
    "name": "Cute Wallpaper",
    "url": "https://raw.githubusercontent.com/Fullcoordinateprojects/fullcoordinateprojects/refs/heads/main/6/images/Cute Wallpaper 46.jpg",
    "previewUrl": "https://raw.githubusercontent.com/Fullcoordinateprojects/fullcoordinateprojects/refs/heads/main/6/images/Cute Wallpaper 46.jpg",
    "categories": "Cute Wallpaper",
    "premium": false
  },
  {
    "name": "Cute Wallpaper",
    "url": "https://raw.githubusercontent.com/Fullcoordinateprojects/fullcoordinateprojects/refs/heads/main/6/images/Cute Wallpaper 47.jpg",
    "previewUrl": "https://raw.githubusercontent.com/Fullcoordinateprojects/fullcoordinateprojects/refs/heads/main/6/images/Cute Wallpaper 47.jpg",
    "categories": "Cute Wallpaper",
    "premium": false
  },
  {
    "name": "Cute Wallpaper",
    "url": "https://raw.githubusercontent.com/Fullcoordinateprojects/fullcoordinateprojects/refs/heads/main/6/images/Cute Wallpaper 48.jpg",
    "previewUrl": "https://raw.githubusercontent.com/Fullcoordinateprojects/fullcoordinateprojects/refs/heads/main/6/images/Cute Wallpaper 48.jpg",
    "categories": "Cute Wallpaper",
    "premium": false
  },
  {
    "name": "Cute Wallpaper",
    "url": "https://raw.githubusercontent.com/Fullcoordinateprojects/fullcoordinateprojects/refs/heads/main/6/images/Cute Wallpaper 49.jpg",
    "previewUrl": "https://raw.githubusercontent.com/Fullcoordinateprojects/fullcoordinateprojects/refs/heads/main/6/images/Cute Wallpaper 49.jpg",
    "categories": "Cute Wallpaper",
    "premium": false
  },
  {
    "name": "Cute Wallpaper",
    "url": "https://raw.githubusercontent.com/Fullcoordinateprojects/fullcoordinateprojects/refs/heads/main/6/images/Cute Wallpaper 50.jpg",
    "previewUrl": "https://raw.githubusercontent.com/Fullcoordinateprojects/fullcoordinateprojects/refs/heads/main/6/images/Cute Wallpaper 50.jpg",
    "categories": "Cute Wallpaper",
    "premium": false
  }
]