[
  {
    "name": "Independence Day Wallpapers",
    "url": "https://raw.githubusercontent.com/Fullcoordinateprojects/fullcoordinateprojects/refs/heads/main/21/images/1.jpg",
    "previewUrl": "https://raw.githubusercontent.com/Fullcoordinateprojects/fullcoordinateprojects/refs/heads/main/21/images/1.jpg",
    "categories": "Independence Day Wallpapers",
    "premium": false
  },
  {
    "name": "Independence Day Wallpapers",
    "url": "https://raw.githubusercontent.com/Fullcoordinateprojects/fullcoordinateprojects/refs/heads/main/21/images/2.jpg",
    "previewUrl": "https://raw.githubusercontent.com/Fullcoordinateprojects/fullcoordinateprojects/refs/heads/main/21/images/2.jpg",
    "categories": "Independence Day Wallpapers",
    "premium": false
  },
  {
    "name": "Independence Day Wallpapers",
    "url": "https://raw.githubusercontent.com/Fullcoordinateprojects/fullcoordinateprojects/refs/heads/main/21/images/3.jpg",
    "previewUrl": "https://raw.githubusercontent.com/Fullcoordinateprojects/fullcoordinateprojects/refs/heads/main/21/images/3.jpg",
    "categories": "Independence Day Wallpapers",
    "premium": false
  },
  {
    "name": "Independence Day Wallpapers",
    "url": "https://raw.githubusercontent.com/Fullcoordinateprojects/fullcoordinateprojects/refs/heads/main/21/images/4.jpg",
    "previewUrl": "https://raw.githubusercontent.com/Fullcoordinateprojects/fullcoordinateprojects/refs/heads/main/21/images/4.jpg",
    "categories": "Independence Day Wallpapers",
    "premium": false
  },
  {
    "name": "Independence Day Wallpapers",
    "url": "https://raw.githubusercontent.com/Fullcoordinateprojects/fullcoordinateprojects/refs/heads/main/21/images/4.jpg",
    "previewUrl": "https://raw.githubusercontent.com/Fullcoordinateprojects/fullcoordinateprojects/refs/heads/main/21/images/4.jpg",
    "categories": "Independence Day Wallpapers",
    "premium": false
  },
  {
    "name": "Independence Day Wallpapers",
    "url": "https://raw.githubusercontent.com/Fullcoordinateprojects/fullcoordinateprojects/refs/heads/main/21/images/5.jpg",
    "previewUrl": "https://raw.githubusercontent.com/Fullcoordinateprojects/fullcoordinateprojects/refs/heads/main/21/images/5.jpg",
    "categories": "Independence Day Wallpapers",
    "premium": false
  },
  {
    "name": "Independence Day Wallpapers",
    "url": "https://raw.githubusercontent.com/Fullcoordinateprojects/fullcoordinateprojects/refs/heads/main/21/images/6.jpg",
    "previewUrl": "https://raw.githubusercontent.com/Fullcoordinateprojects/fullcoordinateprojects/refs/heads/main/21/images/6.jpg",
    "categories": "Independence Day Wallpapers",
    "premium": false
  },
  {
    "name": "Independence Day Wallpapers",
    "url": "https://raw.githubusercontent.com/Fullcoordinateprojects/fullcoordinateprojects/refs/heads/main/21/images/7.jpg",
    "previewUrl": "https://raw.githubusercontent.com/Fullcoordinateprojects/fullcoordinateprojects/refs/heads/main/21/images/7.jpg",
    "categories": "Independence Day Wallpapers",
    "premium": false
  },
  {
    "name": "Independence Day Wallpapers",
    "url": "https://raw.githubusercontent.com/Fullcoordinateprojects/fullcoordinateprojects/refs/heads/main/21/images/8.jpg",
    "previewUrl": "https://raw.githubusercontent.com/Fullcoordinateprojects/fullcoordinateprojects/refs/heads/main/21/images/8.jpg",
    "categories": "Independence Day Wallpapers",
    "premium": false
  },
  {
    "name": "Independence Day Wallpapers",
    "url": "https://raw.githubusercontent.com/Fullcoordinateprojects/fullcoordinateprojects/refs/heads/main/21/images/9.jpg",
    "previewUrl": "https://raw.githubusercontent.com/Fullcoordinateprojects/fullcoordinateprojects/refs/heads/main/21/images/9.jpg",
    "categories": "Independence Day Wallpapers",
    "premium": false
  },
  {
    "name": "Independence Day Wallpapers",
    "url": "https://raw.githubusercontent.com/Fullcoordinateprojects/fullcoordinateprojects/refs/heads/main/21/images/10.jpg",
    "previewUrl": "https://raw.githubusercontent.com/Fullcoordinateprojects/fullcoordinateprojects/refs/heads/main/21/images/10.jpg",
    "categories": "Independence Day Wallpapers",
    "premium": false
  },
  {
    "name": "Independence Day Wallpapers",
    "url": "https://raw.githubusercontent.com/Fullcoordinateprojects/fullcoordinateprojects/refs/heads/main/21/images/11.jpg",
    "previewUrl": "https://raw.githubusercontent.com/Fullcoordinateprojects/fullcoordinateprojects/refs/heads/main/21/images/11.jpg",
    "categories": "Independence Day Wallpapers",
    "premium": false
  },
  {
    "name": "Independence Day Wallpapers",
    "url": "https://raw.githubusercontent.com/Fullcoordinateprojects/fullcoordinateprojects/refs/heads/main/21/images/12.jpg",
    "previewUrl": "https://raw.githubusercontent.com/Fullcoordinateprojects/fullcoordinateprojects/refs/heads/main/21/images/12.jpg",
    "categories": "Independence Day Wallpapers",
    "premium": false
  },
  {
    "name": "Independence Day Wallpapers",
    "url": "https://raw.githubusercontent.com/Fullcoordinateprojects/fullcoordinateprojects/refs/heads/main/21/images/13.jpg",
    "previewUrl": "https://raw.githubusercontent.com/Fullcoordinateprojects/fullcoordinateprojects/refs/heads/main/21/images/13.jpg",
    "categories": "Independence Day Wallpapers",
    "premium": false
  }
]