[
  {
    "name": "BMW",
    "url": "https://raw.githubusercontent.com/Fullcoordinateprojects/fullcoordinateprojects/refs/heads/main/3/images/1.jpeg",
    "previewUrl": "https://raw.githubusercontent.com/Fullcoordinateprojects/fullcoordinateprojects/refs/heads/main/3/images/1.jpeg",
    "categories": "BMW",
    "premium": false
  },
  {
    "name": "BMW",
    "url": "https://raw.githubusercontent.com/Fullcoordinateprojects/fullcoordinateprojects/refs/heads/main/3/images/2.jpeg",
    "previewUrl": "https://raw.githubusercontent.com/Fullcoordinateprojects/fullcoordinateprojects/refs/heads/main/3/images/2.jpeg",
    "categories": "BMW",
    "premium": false
  },
  {
    "name": "BMW",
    "url": "https://raw.githubusercontent.com/Fullcoordinateprojects/fullcoordinateprojects/refs/heads/main/3/images/3.jpeg",
    "previewUrl": "https://raw.githubusercontent.com/Fullcoordinateprojects/fullcoordinateprojects/refs/heads/main/3/images/3.jpeg",
    "categories": "BMW",
    "premium": false
  },
  {
    "name": "BMW",
    "url": "https://raw.githubusercontent.com/Fullcoordinateprojects/fullcoordinateprojects/refs/heads/main/3/images/4.jpeg",
    "previewUrl": "https://raw.githubusercontent.com/Fullcoordinateprojects/fullcoordinateprojects/refs/heads/main/3/images/4.jpeg",
    "categories": "BMW",
    "premium": false
  },
  {
    "name": "BMW",
    "url": "https://raw.githubusercontent.com/Fullcoordinateprojects/fullcoordinateprojects/refs/heads/main/3/images/5.jpeg",
    "previewUrl": "https://raw.githubusercontent.com/Fullcoordinateprojects/fullcoordinateprojects/refs/heads/main/3/images/5.jpeg",
    "categories": "BMW",
    "premium": false
  },
  {
    "name": "BMW",
    "url": "https://raw.githubusercontent.com/Fullcoordinateprojects/fullcoordinateprojects/refs/heads/main/3/images/6.jpeg",
    "previewUrl": "https://raw.githubusercontent.com/Fullcoordinateprojects/fullcoordinateprojects/refs/heads/main/3/images/6.jpeg",
    "categories": "BMW",
    "premium": false
  }
]