[
  {
    "name": "Ronaldo",
    "url": "https://raw.githubusercontent.com/Fullcoordinateprojects/fullcoordinateprojects/refs/heads/main/12/images/1.jpg",
    "previewUrl": "https://raw.githubusercontent.com/Fullcoordinateprojects/fullcoordinateprojects/refs/heads/main/12/images/1.jpg",
    "categories": "Ronaldo",
    "premium": false
  },
  {
    "name": "Ronaldo",
    "url": "https://raw.githubusercontent.com/Fullcoordinateprojects/fullcoordinateprojects/refs/heads/main/12/images/2.jpg",
    "previewUrl": "https://raw.githubusercontent.com/Fullcoordinateprojects/fullcoordinateprojects/refs/heads/main/12/images/2.jpg",
    "categories": "Ronaldo",
    "premium": false
  },
  {
    "name": "Ronaldo",
    "url": "https://raw.githubusercontent.com/Fullcoordinateprojects/fullcoordinateprojects/refs/heads/main/12/images/3.jpg",
    "previewUrl": "https://raw.githubusercontent.com/Fullcoordinateprojects/fullcoordinateprojects/refs/heads/main/12/images/3.jpg",
    "categories": "Ronaldo",
    "premium": false
  },
  {
    "name": "Ronaldo",
    "url": "https://raw.githubusercontent.com/Fullcoordinateprojects/fullcoordinateprojects/refs/heads/main/12/images/4.jpg",
    "previewUrl": "https://raw.githubusercontent.com/Fullcoordinateprojects/fullcoordinateprojects/refs/heads/main/12/images/4.jpg",
    "categories": "Ronaldo",
    "premium": false
  },
  {
    "name": "Ronaldo",
    "url": "https://raw.githubusercontent.com/Fullcoordinateprojects/fullcoordinateprojects/refs/heads/main/12/images/5.jpg",
    "previewUrl": "https://raw.githubusercontent.com/Fullcoordinateprojects/fullcoordinateprojects/refs/heads/main/12/images/5.jpg",
    "categories": "Ronaldo",
    "premium": false
  },
  {
    "name": "Ronaldo",
    "url": "https://raw.githubusercontent.com/Fullcoordinateprojects/fullcoordinateprojects/refs/heads/main/12/images/6.jpg",
    "previewUrl": "https://raw.githubusercontent.com/Fullcoordinateprojects/fullcoordinateprojects/refs/heads/main/12/images/6.jpg",
    "categories": "Ronaldo",
    "premium": false
  },
  {
    "name": "Ronaldo",
    "url": "https://raw.githubusercontent.com/Fullcoordinateprojects/fullcoordinateprojects/refs/heads/main/12/images/7.jpg",
    "previewUrl": "https://raw.githubusercontent.com/Fullcoordinateprojects/fullcoordinateprojects/refs/heads/main/12/images/7.jpg",
    "categories": "Ronaldo",
    "premium": false
  },
  {
    "name": "Ronaldo",
    "url": "https://raw.githubusercontent.com/Fullcoordinateprojects/fullcoordinateprojects/refs/heads/main/12/images/8.jpg",
    "previewUrl": "https://raw.githubusercontent.com/Fullcoordinateprojects/fullcoordinateprojects/refs/heads/main/12/images/8.jpg",
    "categories": "Ronaldo",
    "premium": false
  },
  {
    "name": "Ronaldo",
    "url": "https://raw.githubusercontent.com/Fullcoordinateprojects/fullcoordinateprojects/refs/heads/main/12/images/9.jpg",
    "previewUrl": "https://raw.githubusercontent.com/Fullcoordinateprojects/fullcoordinateprojects/refs/heads/main/12/images/9.jpg",
    "categories": "Ronaldo",
    "premium": false
  },
  {
    "name": "Ronaldo",
    "url": "https://raw.githubusercontent.com/Fullcoordinateprojects/fullcoordinateprojects/refs/heads/main/12/images/10.jpg",
    "previewUrl": "https://raw.githubusercontent.com/Fullcoordinateprojects/fullcoordinateprojects/refs/heads/main/12/images/10.jpg",
    "categories": "Ronaldo",
    "premium": false
  },
  {
    "name": "Ronaldo",
    "url": "https://raw.githubusercontent.com/Fullcoordinateprojects/fullcoordinateprojects/refs/heads/main/12/images/11.jpg",
    "previewUrl": "https://raw.githubusercontent.com/Fullcoordinateprojects/fullcoordinateprojects/refs/heads/main/12/images/11.jpg",
    "categories": "Ronaldo",
    "premium": false
  },
  {
    "name": "Ronaldo",
    "url": "https://raw.githubusercontent.com/Fullcoordinateprojects/fullcoordinateprojects/refs/heads/main/12/images/12.jpg",
    "previewUrl": "https://raw.githubusercontent.com/Fullcoordinateprojects/fullcoordinateprojects/refs/heads/main/12/images/12.jpg",
    "categories": "Ronaldo",
    "premium": false
  },
  {
    "name": "Ronaldo",
    "url": "https://raw.githubusercontent.com/Fullcoordinateprojects/fullcoordinateprojects/refs/heads/main/12/images/13.jpg",
    "previewUrl": "https://raw.githubusercontent.com/Fullcoordinateprojects/fullcoordinateprojects/refs/heads/main/12/images/13.jpg",
    "categories": "Ronaldo",
    "premium": false
  },
  {
    "name": "Ronaldo",
    "url": "https://raw.githubusercontent.com/Fullcoordinateprojects/fullcoordinateprojects/refs/heads/main/12/images/14.jpg",
    "previewUrl": "https://raw.githubusercontent.com/Fullcoordinateprojects/fullcoordinateprojects/refs/heads/main/12/images/14.jpg",
    "categories": "Ronaldo",
    "premium": false
  },
  {
    "name": "Ronaldo",
    "url": "https://raw.githubusercontent.com/Fullcoordinateprojects/fullcoordinateprojects/refs/heads/main/12/images/15.jpg",
    "previewUrl": "https://raw.githubusercontent.com/Fullcoordinateprojects/fullcoordinateprojects/refs/heads/main/12/images/15.jpg",
    "categories": "Ronaldo",
    "premium": false
  },
  {
    "name": "Ronaldo",
    "url": "https://raw.githubusercontent.com/Fullcoordinateprojects/fullcoordinateprojects/refs/heads/main/12/images/16.jpg",
    "previewUrl": "https://raw.githubusercontent.com/Fullcoordinateprojects/fullcoordinateprojects/refs/heads/main/12/images/16.jpg",
    "categories": "Ronaldo",
    "premium": false
  },
  {
    "name": "Ronaldo",
    "url": "https://raw.githubusercontent.com/Fullcoordinateprojects/fullcoordinateprojects/refs/heads/main/12/images/17.jpg",
    "previewUrl": "https://raw.githubusercontent.com/Fullcoordinateprojects/fullcoordinateprojects/refs/heads/main/12/images/17.jpg",
    "categories": "Ronaldo",
    "premium": false
  },
  {
    "name": "Ronaldo",
    "url": "https://raw.githubusercontent.com/Fullcoordinateprojects/fullcoordinateprojects/refs/heads/main/12/images/18.jpg",
    "previewUrl": "https://raw.githubusercontent.com/Fullcoordinateprojects/fullcoordinateprojects/refs/heads/main/12/images/18.jpg",
    "categories": "Ronaldo",
    "premium": false
  },
  {
    "name": "Ronaldo",
    "url": "https://raw.githubusercontent.com/Fullcoordinateprojects/fullcoordinateprojects/refs/heads/main/12/images/19.jpg",
    "previewUrl": "https://raw.githubusercontent.com/Fullcoordinateprojects/fullcoordinateprojects/refs/heads/main/12/images/19.jpg",
    "categories": "Ronaldo",
    "premium": false
  },
  {
    "name": "Ronaldo",
    "url": "https://raw.githubusercontent.com/Fullcoordinateprojects/fullcoordinateprojects/refs/heads/main/12/images/20.jpg",
    "previewUrl": "https://raw.githubusercontent.com/Fullcoordinateprojects/fullcoordinateprojects/refs/heads/main/12/images/20.jpg",
    "categories": "Ronaldo",
    "premium": false
  },
  {
    "name": "Ronaldo",
    "url": "https://raw.githubusercontent.com/Fullcoordinateprojects/fullcoordinateprojects/refs/heads/main/12/images/21.jpg",
    "previewUrl": "https://raw.githubusercontent.com/Fullcoordinateprojects/fullcoordinateprojects/refs/heads/main/12/images/21.jpg",
    "categories": "Ronaldo",
    "premium": false
  },
  {
    "name": "Ronaldo",
    "url": "https://raw.githubusercontent.com/Fullcoordinateprojects/fullcoordinateprojects/refs/heads/main/12/images/22.jpg",
    "previewUrl": "https://raw.githubusercontent.com/Fullcoordinateprojects/fullcoordinateprojects/refs/heads/main/12/images/22.jpg",
    "categories": "Ronaldo",
    "premium": false
  },
  {
    "name": "Ronaldo",
    "url": "https://raw.githubusercontent.com/Fullcoordinateprojects/fullcoordinateprojects/refs/heads/main/12/images/23.jpg",
    "previewUrl": "https://raw.githubusercontent.com/Fullcoordinateprojects/fullcoordinateprojects/refs/heads/main/12/images/23.jpg",
    "categories": "Ronaldo",
    "premium": false
  },
  {
    "name": "Ronaldo",
    "url": "https://raw.githubusercontent.com/Fullcoordinateprojects/fullcoordinateprojects/refs/heads/main/12/images/24.jpg",
    "previewUrl": "https://raw.githubusercontent.com/Fullcoordinateprojects/fullcoordinateprojects/refs/heads/main/12/images/24.jpg",
    "categories": "Ronaldo",
    "premium": false
  },
  {
    "name": "Ronaldo",
    "url": "https://raw.githubusercontent.com/Fullcoordinateprojects/fullcoordinateprojects/refs/heads/main/12/images/25.jpg",
    "previewUrl": "https://raw.githubusercontent.com/Fullcoordinateprojects/fullcoordinateprojects/refs/heads/main/12/images/25.jpg",
    "categories": "Ronaldo",
    "premium": false
  },
  {
    "name": "Ronaldo",
    "url": "https://raw.githubusercontent.com/Fullcoordinateprojects/fullcoordinateprojects/refs/heads/main/12/images/26.jpg",
    "previewUrl": "https://raw.githubusercontent.com/Fullcoordinateprojects/fullcoordinateprojects/refs/heads/main/12/images/26.jpg",
    "categories": "Ronaldo",
    "premium": false
  },
  {
    "name": "Ronaldo",
    "url": "https://raw.githubusercontent.com/Fullcoordinateprojects/fullcoordinateprojects/refs/heads/main/12/images/27.jpg",
    "previewUrl": "https://raw.githubusercontent.com/Fullcoordinateprojects/fullcoordinateprojects/refs/heads/main/12/images/27.jpg",
    "categories": "Ronaldo",
    "premium": false
  },
  {
    "name": "Ronaldo",
    "url": "https://raw.githubusercontent.com/Fullcoordinateprojects/fullcoordinateprojects/refs/heads/main/12/images/28.jpg",
    "previewUrl": "https://raw.githubusercontent.com/Fullcoordinateprojects/fullcoordinateprojects/refs/heads/main/12/images/28.jpg",
    "categories": "Ronaldo",
    "premium": false
  },
  {
    "name": "Ronaldo",
    "url": "https://raw.githubusercontent.com/Fullcoordinateprojects/fullcoordinateprojects/refs/heads/main/12/images/29.jpg",
    "previewUrl": "https://raw.githubusercontent.com/Fullcoordinateprojects/fullcoordinateprojects/refs/heads/main/12/images/29.jpg",
    "categories": "Ronaldo",
    "premium": false
  },
  {
    "name": "Ronaldo",
    "url": "https://raw.githubusercontent.com/Fullcoordinateprojects/fullcoordinateprojects/refs/heads/main/12/images/30.jpg",
    "previewUrl": "https://raw.githubusercontent.com/Fullcoordinateprojects/fullcoordinateprojects/refs/heads/main/12/images/30.jpg",
    "categories": "Ronaldo",
    "premium": false
  },
  {
    "name": "Ronaldo",
    "url": "https://raw.githubusercontent.com/Fullcoordinateprojects/fullcoordinateprojects/refs/heads/main/12/images/31.jpg",
    "previewUrl": "https://raw.githubusercontent.com/Fullcoordinateprojects/fullcoordinateprojects/refs/heads/main/12/images/31.jpg",
    "categories": "Ronaldo",
    "premium": false
  },
  {
    "name": "Ronaldo",
    "url": "https://raw.githubusercontent.com/Fullcoordinateprojects/fullcoordinateprojects/refs/heads/main/12/images/32.jpg",
    "previewUrl": "https://raw.githubusercontent.com/Fullcoordinateprojects/fullcoordinateprojects/refs/heads/main/12/images/32.jpg",
    "categories": "Ronaldo",
    "premium": false
  },
  {
    "name": "Ronaldo",
    "url": "https://raw.githubusercontent.com/Fullcoordinateprojects/fullcoordinateprojects/refs/heads/main/12/images/33.jpg",
    "previewUrl": "https://raw.githubusercontent.com/Fullcoordinateprojects/fullcoordinateprojects/refs/heads/main/12/images/33.jpg",
    "categories": "Ronaldo",
    "premium": false
  },
  {
    "name": "Ronaldo",
    "url": "https://raw.githubusercontent.com/Fullcoordinateprojects/fullcoordinateprojects/refs/heads/main/12/images/34.jpg",
    "previewUrl": "https://raw.githubusercontent.com/Fullcoordinateprojects/fullcoordinateprojects/refs/heads/main/12/images/34.jpg",
    "categories": "Ronaldo",
    "premium": false
  },
  {
    "name": "Ronaldo",
    "url": "https://raw.githubusercontent.com/Fullcoordinateprojects/fullcoordinateprojects/refs/heads/main/12/images/35.jpg",
    "previewUrl": "https://raw.githubusercontent.com/Fullcoordinateprojects/fullcoordinateprojects/refs/heads/main/12/images/35.jpg",
    "categories": "Ronaldo",
    "premium": false
  },
  {
    "name": "Ronaldo",
    "url": "https://raw.githubusercontent.com/Fullcoordinateprojects/fullcoordinateprojects/refs/heads/main/12/images/36.jpg",
    "previewUrl": "https://raw.githubusercontent.com/Fullcoordinateprojects/fullcoordinateprojects/refs/heads/main/12/images/36.jpg",
    "categories": "Ronaldo",
    "premium": false
  },
  {
    "name": "Ronaldo",
    "url": "https://raw.githubusercontent.com/Fullcoordinateprojects/fullcoordinateprojects/refs/heads/main/12/images/37.jpg",
    "previewUrl": "https://raw.githubusercontent.com/Fullcoordinateprojects/fullcoordinateprojects/refs/heads/main/12/images/37.jpg",
    "categories": "Ronaldo",
    "premium": false
  },
  {
    "name": "Ronaldo",
    "url": "https://raw.githubusercontent.com/Fullcoordinateprojects/fullcoordinateprojects/refs/heads/main/12/images/38.jpg",
    "previewUrl": "https://raw.githubusercontent.com/Fullcoordinateprojects/fullcoordinateprojects/refs/heads/main/12/images/38.jpg",
    "categories": "Ronaldo",
    "premium": false
  },
  {
    "name": "Ronaldo",
    "url": "https://raw.githubusercontent.com/Fullcoordinateprojects/fullcoordinateprojects/refs/heads/main/12/images/39.jpg",
    "previewUrl": "https://raw.githubusercontent.com/Fullcoordinateprojects/fullcoordinateprojects/refs/heads/main/12/images/39.jpg",
    "categories": "Ronaldo",
    "premium": false
  },
  {
    "name": "Ronaldo",
    "url": "https://raw.githubusercontent.com/Fullcoordinateprojects/fullcoordinateprojects/refs/heads/main/12/images/40.jpg",
    "previewUrl": "https://raw.githubusercontent.com/Fullcoordinateprojects/fullcoordinateprojects/refs/heads/main/12/images/40.jpg",
    "categories": "Ronaldo",
    "premium": false
  },
  {
    "name": "Ronaldo",
    "url": "https://raw.githubusercontent.com/Fullcoordinateprojects/fullcoordinateprojects/refs/heads/main/12/images/41.jpg",
    "previewUrl": "https://raw.githubusercontent.com/Fullcoordinateprojects/fullcoordinateprojects/refs/heads/main/12/images/41.jpg",
    "categories": "Ronaldo",
    "premium": false
  },
  {
    "name": "Ronaldo",
    "url": "https://raw.githubusercontent.com/Fullcoordinateprojects/fullcoordinateprojects/refs/heads/main/12/images/42.jpg",
    "previewUrl": "https://raw.githubusercontent.com/Fullcoordinateprojects/fullcoordinateprojects/refs/heads/main/12/images/42.jpg",
    "categories": "Ronaldo",
    "premium": false
  },
  {
    "name": "Ronaldo",
    "url": "https://raw.githubusercontent.com/Fullcoordinateprojects/fullcoordinateprojects/refs/heads/main/12/images/43.jpg",
    "previewUrl": "https://raw.githubusercontent.com/Fullcoordinateprojects/fullcoordinateprojects/refs/heads/main/12/images/43.jpg",
    "categories": "Ronaldo",
    "premium": false
  },
  {
    "name": "Ronaldo",
    "url": "https://raw.githubusercontent.com/Fullcoordinateprojects/fullcoordinateprojects/refs/heads/main/12/images/44.jpg",
    "previewUrl": "https://raw.githubusercontent.com/Fullcoordinateprojects/fullcoordinateprojects/refs/heads/main/12/images/44.jpg",
    "categories": "Ronaldo",
    "premium": false
  },
  {
    "name": "Ronaldo",
    "url": "https://raw.githubusercontent.com/Fullcoordinateprojects/fullcoordinateprojects/refs/heads/main/12/images/45.jpg",
    "previewUrl": "https://raw.githubusercontent.com/Fullcoordinateprojects/fullcoordinateprojects/refs/heads/main/12/images/45.jpg",
    "categories": "Ronaldo",
    "premium": false
  },
  {
    "name": "Ronaldo",
    "url": "https://raw.githubusercontent.com/Fullcoordinateprojects/fullcoordinateprojects/refs/heads/main/12/images/46.jpg",
    "previewUrl": "https://raw.githubusercontent.com/Fullcoordinateprojects/fullcoordinateprojects/refs/heads/main/12/images/46.jpg",
    "categories": "Ronaldo",
    "premium": false
  },
  {
    "name": "Ronaldo",
    "url": "https://raw.githubusercontent.com/Fullcoordinateprojects/fullcoordinateprojects/refs/heads/main/12/images/47.jpg",
    "previewUrl": "https://raw.githubusercontent.com/Fullcoordinateprojects/fullcoordinateprojects/refs/heads/main/12/images/47.jpg",
    "categories": "Ronaldo",
    "premium": false
  },
  {
    "name": "Ronaldo",
    "url": "https://raw.githubusercontent.com/Fullcoordinateprojects/fullcoordinateprojects/refs/heads/main/12/images/48.jpg",
    "previewUrl": "https://raw.githubusercontent.com/Fullcoordinateprojects/fullcoordinateprojects/refs/heads/main/12/images/48.jpg",
    "categories": "Ronaldo",
    "premium": false
  },
  {
    "name": "Ronaldo",
    "url": "https://raw.githubusercontent.com/Fullcoordinateprojects/fullcoordinateprojects/refs/heads/main/12/images/49.jpg",
    "previewUrl": "https://raw.githubusercontent.com/Fullcoordinateprojects/fullcoordinateprojects/refs/heads/main/12/images/49.jpg",
    "categories": "Ronaldo",
    "premium": false
  },
  {
    "name": "Ronaldo",
    "url": "https://raw.githubusercontent.com/Fullcoordinateprojects/fullcoordinateprojects/refs/heads/main/12/images/50.jpg",
    "previewUrl": "https://raw.githubusercontent.com/Fullcoordinateprojects/fullcoordinateprojects/refs/heads/main/12/images/50.jpg",
    "categories": "Ronaldo",
    "premium": false
  },
  {
    "name": "Ronaldo",
    "url": "https://raw.githubusercontent.com/Fullcoordinateprojects/fullcoordinateprojects/refs/heads/main/12/images/51.jpg",
    "previewUrl": "https://raw.githubusercontent.com/Fullcoordinateprojects/fullcoordinateprojects/refs/heads/main/12/images/51.jpg",
    "categories": "Ronaldo",
    "premium": false
  },
  {
    "name": "Ronaldo",
    "url": "https://raw.githubusercontent.com/Fullcoordinateprojects/fullcoordinateprojects/refs/heads/main/12/images/52.jpg",
    "previewUrl": "https://raw.githubusercontent.com/Fullcoordinateprojects/fullcoordinateprojects/refs/heads/main/12/images/52.jpg",
    "categories": "Ronaldo",
    "premium": false
  },
  {
    "name": "Ronaldo",
    "url": "https://raw.githubusercontent.com/Fullcoordinateprojects/fullcoordinateprojects/refs/heads/main/12/images/53.jpg",
    "previewUrl": "https://raw.githubusercontent.com/Fullcoordinateprojects/fullcoordinateprojects/refs/heads/main/12/images/53.jpg",
    "categories": "Ronaldo",
    "premium": false
  },
  {
    "name": "Ronaldo",
    "url": "https://raw.githubusercontent.com/Fullcoordinateprojects/fullcoordinateprojects/refs/heads/main/12/images/54.jpg",
    "previewUrl": "https://raw.githubusercontent.com/Fullcoordinateprojects/fullcoordinateprojects/refs/heads/main/12/images/54.jpg",
    "categories": "Ronaldo",
    "premium": false
  },
  {
    "name": "Ronaldo",
    "url": "https://raw.githubusercontent.com/Fullcoordinateprojects/fullcoordinateprojects/refs/heads/main/12/images/55.jpg",
    "previewUrl": "https://raw.githubusercontent.com/Fullcoordinateprojects/fullcoordinateprojects/refs/heads/main/12/images/55.jpg",
    "categories": "Ronaldo",
    "premium": false
  },
  {
    "name": "Ronaldo",
    "url": "https://raw.githubusercontent.com/Fullcoordinateprojects/fullcoordinateprojects/refs/heads/main/12/images/56.jpg",
    "previewUrl": "https://raw.githubusercontent.com/Fullcoordinateprojects/fullcoordinateprojects/refs/heads/main/12/images/56.jpg",
    "categories": "Ronaldo",
    "premium": false
  },
  {
    "name": "Ronaldo",
    "url": "https://raw.githubusercontent.com/Fullcoordinateprojects/fullcoordinateprojects/refs/heads/main/12/images/57.jpg",
    "previewUrl": "https://raw.githubusercontent.com/Fullcoordinateprojects/fullcoordinateprojects/refs/heads/main/12/images/57.jpg",
    "categories": "Ronaldo",
    "premium": false
  },
  {
    "name": "Ronaldo",
    "url": "https://raw.githubusercontent.com/Fullcoordinateprojects/fullcoordinateprojects/refs/heads/main/12/images/58.jpg",
    "previewUrl": "https://raw.githubusercontent.com/Fullcoordinateprojects/fullcoordinateprojects/refs/heads/main/12/images/58.jpg",
    "categories": "Ronaldo",
    "premium": false
  },
  {
    "name": "Ronaldo",
    "url": "https://raw.githubusercontent.com/Fullcoordinateprojects/fullcoordinateprojects/refs/heads/main/12/images/59.jpg",
    "previewUrl": "https://raw.githubusercontent.com/Fullcoordinateprojects/fullcoordinateprojects/refs/heads/main/12/images/59.jpg",
    "categories": "Ronaldo",
    "premium": false
  },
  {
    "name": "Ronaldo",
    "url": "https://raw.githubusercontent.com/Fullcoordinateprojects/fullcoordinateprojects/refs/heads/main/12/images/60.jpg",
    "previewUrl": "https://raw.githubusercontent.com/Fullcoordinateprojects/fullcoordinateprojects/refs/heads/main/12/images/60.jpg",
    "categories": "Ronaldo",
    "premium": false
  },
  {
    "name": "Ronaldo",
    "url": "https://raw.githubusercontent.com/Fullcoordinateprojects/fullcoordinateprojects/refs/heads/main/12/images/61.jpg",
    "previewUrl": "https://raw.githubusercontent.com/Fullcoordinateprojects/fullcoordinateprojects/refs/heads/main/12/images/61.jpg",
    "categories": "Ronaldo",
    "premium": false
  },
  {
    "name": "Ronaldo",
    "url": "https://raw.githubusercontent.com/Fullcoordinateprojects/fullcoordinateprojects/refs/heads/main/12/images/62.jpg",
    "previewUrl": "https://raw.githubusercontent.com/Fullcoordinateprojects/fullcoordinateprojects/refs/heads/main/12/images/62.jpg",
    "categories": "Ronaldo",
    "premium": false
  },
  {
    "name": "Ronaldo",
    "url": "https://raw.githubusercontent.com/Fullcoordinateprojects/fullcoordinateprojects/refs/heads/main/12/images/63.jpg",
    "previewUrl": "https://raw.githubusercontent.com/Fullcoordinateprojects/fullcoordinateprojects/refs/heads/main/12/images/63.jpg",
    "categories": "Ronaldo",
    "premium": false
  },
  {
    "name": "Ronaldo",
    "url": "https://raw.githubusercontent.com/Fullcoordinateprojects/fullcoordinateprojects/refs/heads/main/12/images/64.jpg",
    "previewUrl": "https://raw.githubusercontent.com/Fullcoordinateprojects/fullcoordinateprojects/refs/heads/main/12/images/64.jpg",
    "categories": "Ronaldo",
    "premium": false
  },
  {
    "name": "Ronaldo",
    "url": "https://raw.githubusercontent.com/Fullcoordinateprojects/fullcoordinateprojects/refs/heads/main/12/images/65.jpg",
    "previewUrl": "https://raw.githubusercontent.com/Fullcoordinateprojects/fullcoordinateprojects/refs/heads/main/12/images/65.jpg",
    "categories": "Ronaldo",
    "premium": false
  },
  {
    "name": "Ronaldo",
    "url": "https://raw.githubusercontent.com/Fullcoordinateprojects/fullcoordinateprojects/refs/heads/main/12/images/66.jpg",
    "previewUrl": "https://raw.githubusercontent.com/Fullcoordinateprojects/fullcoordinateprojects/refs/heads/main/12/images/66.jpg",
    "categories": "Ronaldo",
    "premium": false
  },
  {
    "name": "Ronaldo",
    "url": "https://raw.githubusercontent.com/Fullcoordinateprojects/fullcoordinateprojects/refs/heads/main/12/images/67.jpg",
    "previewUrl": "https://raw.githubusercontent.com/Fullcoordinateprojects/fullcoordinateprojects/refs/heads/main/12/images/67.jpg",
    "categories": "Ronaldo",
    "premium": false
  },
  {
    "name": "Ronaldo",
    "url": "https://raw.githubusercontent.com/Fullcoordinateprojects/fullcoordinateprojects/refs/heads/main/12/images/68.jpg",
    "previewUrl": "https://raw.githubusercontent.com/Fullcoordinateprojects/fullcoordinateprojects/refs/heads/main/12/images/68.jpg",
    "categories": "Ronaldo",
    "premium": false
  },
  {
    "name": "Ronaldo",
    "url": "https://raw.githubusercontent.com/Fullcoordinateprojects/fullcoordinateprojects/refs/heads/main/12/images/69.jpg",
    "previewUrl": "https://raw.githubusercontent.com/Fullcoordinateprojects/fullcoordinateprojects/refs/heads/main/12/images/69.jpg",
    "categories": "Ronaldo",
    "premium": false
  },
  {
    "name": "Ronaldo",
    "url": "https://raw.githubusercontent.com/Fullcoordinateprojects/fullcoordinateprojects/refs/heads/main/12/images/70.jpg",
    "previewUrl": "https://raw.githubusercontent.com/Fullcoordinateprojects/fullcoordinateprojects/refs/heads/main/12/images/70.jpg",
    "categories": "Ronaldo",
    "premium": false
  },
  {
    "name": "Ronaldo",
    "url": "https://raw.githubusercontent.com/Fullcoordinateprojects/fullcoordinateprojects/refs/heads/main/12/images/71.jpg",
    "previewUrl": "https://raw.githubusercontent.com/Fullcoordinateprojects/fullcoordinateprojects/refs/heads/main/12/images/71.jpg",
    "categories": "Ronaldo",
    "premium": false
  },
  {
    "name": "Ronaldo",
    "url": "https://raw.githubusercontent.com/Fullcoordinateprojects/fullcoordinateprojects/refs/heads/main/12/images/72.jpg",
    "previewUrl": "https://raw.githubusercontent.com/Fullcoordinateprojects/fullcoordinateprojects/refs/heads/main/12/images/72.jpg",
    "categories": "Ronaldo",
    "premium": false
  },
  {
    "name": "Ronaldo",
    "url": "https://raw.githubusercontent.com/Fullcoordinateprojects/fullcoordinateprojects/refs/heads/main/12/images/73.jpg",
    "previewUrl": "https://raw.githubusercontent.com/Fullcoordinateprojects/fullcoordinateprojects/refs/heads/main/12/images/73.jpg",
    "categories": "Ronaldo",
    "premium": false
  },
  {
    "name": "Ronaldo",
    "url": "https://raw.githubusercontent.com/Fullcoordinateprojects/fullcoordinateprojects/refs/heads/main/12/images/74.jpg",
    "previewUrl": "https://raw.githubusercontent.com/Fullcoordinateprojects/fullcoordinateprojects/refs/heads/main/12/images/74.jpg",
    "categories": "Ronaldo",
    "premium": false
  },
  {
    "name": "Ronaldo",
    "url": "https://raw.githubusercontent.com/Fullcoordinateprojects/fullcoordinateprojects/refs/heads/main/12/images/75.jpg",
    "previewUrl": "https://raw.githubusercontent.com/Fullcoordinateprojects/fullcoordinateprojects/refs/heads/main/12/images/75.jpg",
    "categories": "Ronaldo",
    "premium": false
  },
  {
    "name": "Ronaldo",
    "url": "https://raw.githubusercontent.com/Fullcoordinateprojects/fullcoordinateprojects/refs/heads/main/12/images/76.jpg",
    "previewUrl": "https://raw.githubusercontent.com/Fullcoordinateprojects/fullcoordinateprojects/refs/heads/main/12/images/76.jpg",
    "categories": "Ronaldo",
    "premium": false
  },
  {
    "name": "Ronaldo",
    "url": "https://raw.githubusercontent.com/Fullcoordinateprojects/fullcoordinateprojects/refs/heads/main/12/images/77.jpg",
    "previewUrl": "https://raw.githubusercontent.com/Fullcoordinateprojects/fullcoordinateprojects/refs/heads/main/12/images/77.jpg",
    "categories": "Ronaldo",
    "premium": false
  },
  {
    "name": "Ronaldo",
    "url": "https://raw.githubusercontent.com/Fullcoordinateprojects/fullcoordinateprojects/refs/heads/main/12/images/78.jpg",
    "previewUrl": "https://raw.githubusercontent.com/Fullcoordinateprojects/fullcoordinateprojects/refs/heads/main/12/images/78.jpg",
    "categories": "Ronaldo",
    "premium": false
  },
  {
    "name": "Ronaldo",
    "url": "https://raw.githubusercontent.com/Fullcoordinateprojects/fullcoordinateprojects/refs/heads/main/12/images/79.jpg",
    "previewUrl": "https://raw.githubusercontent.com/Fullcoordinateprojects/fullcoordinateprojects/refs/heads/main/12/images/79.jpg",
    "categories": "Ronaldo",
    "premium": false
  },
  {
    "name": "Ronaldo",
    "url": "https://raw.githubusercontent.com/Fullcoordinateprojects/fullcoordinateprojects/refs/heads/main/12/images/80.jpg",
    "previewUrl": "https://raw.githubusercontent.com/Fullcoordinateprojects/fullcoordinateprojects/refs/heads/main/12/images/80.jpg",
    "categories": "Ronaldo",
    "premium": false
  },
  {
    "name": "Ronaldo",
    "url": "https://raw.githubusercontent.com/Fullcoordinateprojects/fullcoordinateprojects/refs/heads/main/12/images/81.jpg",
    "previewUrl": "https://raw.githubusercontent.com/Fullcoordinateprojects/fullcoordinateprojects/refs/heads/main/12/images/81.jpg",
    "categories": "Ronaldo",
    "premium": false
  },
  {
    "name": "Ronaldo",
    "url": "https://raw.githubusercontent.com/Fullcoordinateprojects/fullcoordinateprojects/refs/heads/main/12/images/82.jpg",
    "previewUrl": "https://raw.githubusercontent.com/Fullcoordinateprojects/fullcoordinateprojects/refs/heads/main/12/images/82.jpg",
    "categories": "Ronaldo",
    "premium": false
  },
  {
    "name": "Ronaldo",
    "url": "https://raw.githubusercontent.com/Fullcoordinateprojects/fullcoordinateprojects/refs/heads/main/12/images/83.jpg",
    "previewUrl": "https://raw.githubusercontent.com/Fullcoordinateprojects/fullcoordinateprojects/refs/heads/main/12/images/83.jpg",
    "categories": "Ronaldo",
    "premium": false
  },
  {
    "name": "Ronaldo",
    "url": "https://raw.githubusercontent.com/Fullcoordinateprojects/fullcoordinateprojects/refs/heads/main/12/images/84.jpg",
    "previewUrl": "https://raw.githubusercontent.com/Fullcoordinateprojects/fullcoordinateprojects/refs/heads/main/12/images/84.jpg",
    "categories": "Ronaldo",
    "premium": false
  },
  {
    "name": "Ronaldo",
    "url": "https://raw.githubusercontent.com/Fullcoordinateprojects/fullcoordinateprojects/refs/heads/main/12/images/85.jpg",
    "previewUrl": "https://raw.githubusercontent.com/Fullcoordinateprojects/fullcoordinateprojects/refs/heads/main/12/images/85.jpg",
    "categories": "Ronaldo",
    "premium": false
  },
  {
    "name": "Ronaldo",
    "url": "https://raw.githubusercontent.com/Fullcoordinateprojects/fullcoordinateprojects/refs/heads/main/12/images/86.jpg",
    "previewUrl": "https://raw.githubusercontent.com/Fullcoordinateprojects/fullcoordinateprojects/refs/heads/main/12/images/86.jpg",
    "categories": "Ronaldo",
    "premium": false
  },
  {
    "name": "Ronaldo",
    "url": "https://raw.githubusercontent.com/Fullcoordinateprojects/fullcoordinateprojects/refs/heads/main/12/images/87.jpg",
    "previewUrl": "https://raw.githubusercontent.com/Fullcoordinateprojects/fullcoordinateprojects/refs/heads/main/12/images/87.jpg",
    "categories": "Ronaldo",
    "premium": false
  },
  {
    "name": "Ronaldo",
    "url": "https://raw.githubusercontent.com/Fullcoordinateprojects/fullcoordinateprojects/refs/heads/main/12/images/88.jpg",
    "previewUrl": "https://raw.githubusercontent.com/Fullcoordinateprojects/fullcoordinateprojects/refs/heads/main/12/images/88.jpg",
    "categories": "Ronaldo",
    "premium": false
  },
  {
    "name": "Ronaldo",
    "url": "https://raw.githubusercontent.com/Fullcoordinateprojects/fullcoordinateprojects/refs/heads/main/12/images/89.jpg",
    "previewUrl": "https://raw.githubusercontent.com/Fullcoordinateprojects/fullcoordinateprojects/refs/heads/main/12/images/89.jpg",
    "categories": "Ronaldo",
    "premium": false
  },
  {
    "name": "Ronaldo",
    "url": "https://raw.githubusercontent.com/Fullcoordinateprojects/fullcoordinateprojects/refs/heads/main/12/images/90.jpg",
    "previewUrl": "https://raw.githubusercontent.com/Fullcoordinateprojects/fullcoordinateprojects/refs/heads/main/12/images/90.jpg",
    "categories": "Ronaldo",
    "premium": false
  },
  {
    "name": "Ronaldo",
    "url": "https://raw.githubusercontent.com/Fullcoordinateprojects/fullcoordinateprojects/refs/heads/main/12/images/91.jpg",
    "previewUrl": "https://raw.githubusercontent.com/Fullcoordinateprojects/fullcoordinateprojects/refs/heads/main/12/images/91.jpg",
    "categories": "Ronaldo",
    "premium": false
  },
  {
    "name": "Ronaldo",
    "url": "https://raw.githubusercontent.com/Fullcoordinateprojects/fullcoordinateprojects/refs/heads/main/12/images/92.jpg",
    "previewUrl": "https://raw.githubusercontent.com/Fullcoordinateprojects/fullcoordinateprojects/refs/heads/main/12/images/92.jpg",
    "categories": "Ronaldo",
    "premium": false
  },
  {
    "name": "Ronaldo",
    "url": "https://raw.githubusercontent.com/Fullcoordinateprojects/fullcoordinateprojects/refs/heads/main/12/images/93.jpg",
    "previewUrl": "https://raw.githubusercontent.com/Fullcoordinateprojects/fullcoordinateprojects/refs/heads/main/12/images/93.jpg",
    "categories": "Ronaldo",
    "premium": false
  },
  {
    "name": "Ronaldo",
    "url": "https://raw.githubusercontent.com/Fullcoordinateprojects/fullcoordinateprojects/refs/heads/main/12/images/94.jpg",
    "previewUrl": "https://raw.githubusercontent.com/Fullcoordinateprojects/fullcoordinateprojects/refs/heads/main/12/images/94.jpg",
    "categories": "Ronaldo",
    "premium": false
  },
  {
    "name": "Ronaldo",
    "url": "https://raw.githubusercontent.com/Fullcoordinateprojects/fullcoordinateprojects/refs/heads/main/12/images/95.jpg",
    "previewUrl": "https://raw.githubusercontent.com/Fullcoordinateprojects/fullcoordinateprojects/refs/heads/main/12/images/95.jpg",
    "categories": "Ronaldo",
    "premium": false
  },
  {
    "name": "Ronaldo",
    "url": "https://raw.githubusercontent.com/Fullcoordinateprojects/fullcoordinateprojects/refs/heads/main/12/images/96.jpg",
    "previewUrl": "https://raw.githubusercontent.com/Fullcoordinateprojects/fullcoordinateprojects/refs/heads/main/12/images/96.jpg",
    "categories": "Ronaldo",
    "premium": false
  },
  {
    "name": "Ronaldo",
    "url": "https://raw.githubusercontent.com/Fullcoordinateprojects/fullcoordinateprojects/refs/heads/main/12/images/97.jpg",
    "previewUrl": "https://raw.githubusercontent.com/Fullcoordinateprojects/fullcoordinateprojects/refs/heads/main/12/images/97.jpg",
    "categories": "Ronaldo",
    "premium": false
  },
  {
    "name": "Ronaldo",
    "url": "https://raw.githubusercontent.com/Fullcoordinateprojects/fullcoordinateprojects/refs/heads/main/12/images/98.jpg",
    "previewUrl": "https://raw.githubusercontent.com/Fullcoordinateprojects/fullcoordinateprojects/refs/heads/main/12/images/98.jpg",
    "categories": "Ronaldo",
    "premium": false
  },
  {
    "name": "Ronaldo",
    "url": "https://raw.githubusercontent.com/Fullcoordinateprojects/fullcoordinateprojects/refs/heads/main/12/images/99.jpg",
    "previewUrl": "https://raw.githubusercontent.com/Fullcoordinateprojects/fullcoordinateprojects/refs/heads/main/12/images/99.jpg",
    "categories": "Ronaldo",
    "premium": false
  },
  {
    "name": "Ronaldo",
    "url": "https://raw.githubusercontent.com/Fullcoordinateprojects/fullcoordinateprojects/refs/heads/main/12/images/100.jpg",
    "previewUrl": "https://raw.githubusercontent.com/Fullcoordinateprojects/fullcoordinateprojects/refs/heads/main/12/images/100.jpg",
    "categories": "Ronaldo",
    "premium": false
  }
]